Ime,Znamka,Letnik,Prevoženi kilometri,Tip goriva,Tip menjalnika,Moč motorja,Cena,Prodajalec
Audi Q7,Audi,2018,205320,Dizel,Avtomatski,218,31995,Pravna oseba
Audi A6 Avant,Audi,2016,267400,Dizel,Avtomatski,190,11999,Pravna oseba
Citroën C5,Citroën,2024,41133,Bencin,Ročni,131,16990,Pravna oseba
Audi A3,Audi,2016,210630,Dizel,Ročni,116,8999,Pravna oseba
Volkswagen Golf Variant,Volkswagen,2017,284123,Dizel,Ročni,110,7290,Pravna oseba
Škoda Octavia,Škoda,2010,378000,Dizel,Ročni,105,1850,Fizična oseba
Mazda CX-30,Mazda,2026,7200,Bencin,Ročni,140,,Pravna oseba
KIA Stonic,KIA,2022,25741,Bencin,Ročni,84,Cena po dogovoru,Pravna oseba
KIA Stonic,KIA,2023,47133,Bencin,Ročni,84,13499,Pravna oseba
BMW serija X2:,BMW,2020,138000,Bencin,Avtomatski,136,17675,Pravna oseba
BMW serija 1:,BMW,2022,115000,Dizel,Ročni,116,15989,Pravna oseba
BMW X1,BMW,2019,189000,Dizel,Ročni,116,11500,Pravna oseba
BMW serija X2:,BMW,2018,161000,Dizel,Ročni,150,16788,Pravna oseba
Peugeot 2008,Peugeot,2019,116830,Bencin,Ročni,131,Cena po dogovoru,Pravna oseba
Opel Corsa,Opel,2023,39000,Bencin,Ročni,101,10999,Pravna oseba
Volkswagen Polo,Volkswagen,2018,102300,Bencin,Ročni,116,9490,Pravna oseba
BMW serija 3 Coupe:,BMW,2008,327000,Dizel,Avtomatski,231,9900,Pravna oseba
Audi A4,Audi,2016,235000,Dizel,Avtomatski,150,14250,Fizična oseba
Volkswagen Taigo,Volkswagen,2022,103835,Bencin,Avtomatski,110,19490,Pravna oseba
Renault Symbioz,Renault,,,Hibrid,Avtomatski,158,27190,Pravna oseba
Volkswagen Passat,Volkswagen,2025,24742,Bencin,Avtomatski,150,,Pravna oseba
Volkswagen Beetle,Volkswagen,2013,150021,Bencin,Ročni,105,9980,Pravna oseba
Nissan Juke,Nissan,2021,39709,Bencin,Ročni,114,14980,Pravna oseba
Volkswagen T-Roc,Volkswagen,2020,45825,Bencin,Ročni,116,15450,Pravna oseba
Opel Corsa,Opel,2024,38236,Bencin,Avtomatski,101,15490,Pravna oseba
Toyota Yaris,Toyota,2023,35281,Bencin,Ročni,125,15690,Pravna oseba
Volkswagen Tiguan,Volkswagen,2025,23446,Dizel,Avtomatski,150,,Pravna oseba
Volkswagen T-Roc,Volkswagen,2021,163082,Dizel,Ročni,116,15990,Pravna oseba
Škoda Karoq,Škoda,2021,109000,Dizel,Ročni,116,16877,Pravna oseba
Toyota Proace,Toyota,2022,66013,Bencin,Ročni,110,15990,Pravna oseba
Toyota Yaris,Toyota,2022,77666,Hibrid,Avtomatski,116,16550,Pravna oseba
Toyota Proace,Toyota,2020,133235,Dizel,Ročni,131,16650,Pravna oseba
Nissan X-Trail,Nissan,2018,173274,Dizel,Avtomatski,177,16880,Pravna oseba
Seat Alhambra,Seat,2018,196212,Dizel,Avtomatski,150,13480,Pravna oseba
Škoda Octavia,Škoda,2022,148423,Dizel,Avtomatski,116,14480,Pravna oseba
BMW serija X6:,BMW,2020,163502,Bencin,Avtomatski,333,54995,Pravna oseba
Škoda Superb,Škoda,2018,251121,Dizel,Avtomatski,190,12480,Pravna oseba
KIA Sportage,KIA,2024,16961,Bencin,Ročni,160,24999,Pravna oseba
Peugeot 2008,Peugeot,2019,80981,Bencin,Ročni,131,8222,Pravna oseba
Škoda Fabia,Škoda,2019,194031,Bencin,Ročni,95,6880,Pravna oseba
MINI One,MINI,2015,107021,Bencin,Ročni,102,8980,Pravna oseba
Mercedes-Benz ML-Razred,Mercedes-Benz,2015,282013,Dizel,Avtomatski,204,16980,Pravna oseba
Hyundai i40,Hyundai,2017,213021,Dizel,Ročni,116,6980,Pravna oseba
Volkswagen Arteon,Volkswagen,2019,,Dizel,Ročni,150,18150,Fizična oseba
Ford Ecosport,Ford,2015,117021,Bencin,Ročni,125,6980,Pravna oseba
BMW serija 3:,BMW,2020,102320,Bencin,Avtomatski,374,40995,Pravna oseba
Alfa Romeo Stelvio,Alfa,2022,149450,Dizel,Avtomatski,190,18990,Pravna oseba
Peugeot 2008,Peugeot,2022,121400,Dizel,Ročni,110,13700,Pravna oseba
Opel Insignia,Opel,2021,161531,Bencin,Avtomatski,170,12990,Pravna oseba
Ford Mondeo,Ford,2021,184540,Dizel,Avtomatski,150,11990,Pravna oseba
Opel Combo,Opel,2020,136440,Dizel,Ročni,102,11490,Pravna oseba
BMW serija 6 Gran Turismo:,BMW,2023,140211,Dizel,Avtomatski,286,36990,Pravna oseba
Jaguar XE,Jaguar,2021,76900,Dizel,Avtomatski,179,18900,Pravna oseba
Alfa Romeo Stelvio,Alfa,2021,151200,Dizel,Avtomatski,190,18300,Pravna oseba
Audi Q3,Audi,2022,116100,Bencin,Avtomatski,150,26990,Pravna oseba
Audi A4,Audi,2020,171563,Plin,Avtomatski,170,16990,Pravna oseba
Audi A4,Audi,2020,171563,Bencin,Avtomatski,170,16990,Pravna oseba
Audi Q3,Audi,2022,128869,Bencin,Ročni,150,21990,Pravna oseba
Opel Combo,Opel,2020,134700,Dizel,Ročni,102,,Pravna oseba
BMW Serija 5,BMW,2022,179534,Dizel,Avtomatski,286,,Pravna oseba
Audi A6,Audi,2017,147715,Dizel,Avtomatski,218,17490,Pravna oseba
Audi A6,Audi,2019,203483,Dizel,Avtomatski,286,19990,Pravna oseba
Audi A6,Audi,2019,200110,Bencin,Avtomatski,190,18490,Pravna oseba
Škoda Fabia,Škoda,2018,61505,Bencin,Ročni,75,6990,Pravna oseba
Citroën C5 Aircross,Citroën,2019,127300,Bencin,Ročni,131,10490,Pravna oseba
BMW Serija 1,BMW,2020,162042,Dizel,Ročni,150,16490,Pravna oseba
Citroën C4,Citroën,2017,215246,Dizel,Ročni,120,5990,Pravna oseba
Chevrolet Camaro,Chevrolet,2019,102000,Bencin,Avtomatski,334,30500,Pravna oseba
MINI Countryman,MINI,2019,139950,Dizel,Avtomatski,150,14990,Pravna oseba
Dodge Ram,Dodge,2021,165200,Bencin,Avtomatski,309,Cena po dogovoru,Pravna oseba
Opel Astra,Opel,2023,163650,Dizel,Avtomatski,131,,Pravna oseba
Audi Q8,Audi,2021,79100,Hibrid,Avtomatski,381,50990,Pravna oseba
Hyundai Kona,Hyundai,2021,134156,Dizel,Avtomatski,136,13200,Pravna oseba
Alfa Romeo Stelvio,Alfa,2019,163600,Dizel,Avtomatski,190,,Pravna oseba
Volkswagen Passat,Volkswagen,2022,157098,Dizel,Avtomatski,150,,Pravna oseba
Volkswagen Passat,Volkswagen,2021,171025,Dizel,Avtomatski,122,12990,Pravna oseba
Fiat Tipo,Fiat,2020,156283,Dizel,Ročni,95,7490,Pravna oseba
Škoda Octavia,Škoda,2021,177320,Dizel,Avtomatski,150,16995,Pravna oseba
BMW Serija 4,BMW,2018,181000,Bencin,Ročni,184,20100,Fizična oseba
KIA XCeed,KIA,,,Bencin,Ročni,116,23599,Pravna oseba
KIA Sportage,KIA,,,Bencin,Avtomatski,160,27799,Pravna oseba
BMW serija X4:,BMW,2021,164012,Dizel,Avtomatski,190,31980,Pravna oseba
Geely StarRay,Geely,,,Bencin,Avtomatski,174,26990,Pravna oseba
KIA Ceed,KIA,,,Bencin,Ročni,101,17849,Pravna oseba
Geely StarRay EM-i,Geely,,,Hibrid,Avtomatski,218,32990,Pravna oseba
BMW serija 3:,BMW,2021,118960,Dizel,Avtomatski,190,25995,Pravna oseba
Geely StarRay EM-i,Geely,,,Hibrid,Avtomatski,99,32990,Pravna oseba
Citroën C3,Citroën,2014,98121,Bencin,Ročni,68,4480,Pravna oseba
KIA PV5,KIA,,,,Avtomatski,163,49599,Pravna oseba
KIA EV2,KIA,,,,Avtomatski,147,27399,Pravna oseba
KIA EV2,KIA,,,,Avtomatski,136,36499,Pravna oseba
KIA EV2,KIA,,,,Avtomatski,136,36499,Pravna oseba
KIA EV2,KIA,,,,Avtomatski,147,29099,Pravna oseba
KIA EV2,KIA,,,,Avtomatski,147,24799,Pravna oseba
KIA EV9,KIA,,,,Avtomatski,385,89999,Pravna oseba
KIA EV2,KIA,,,,Avtomatski,147,26899,Pravna oseba
KIA EV2,KIA,,,,Avtomatski,147,27399,Pravna oseba
KIA EV9,KIA,,,,Avtomatski,385,89999,Pravna oseba
KIA EV4,KIA,,,,Avtomatski,204,49299,Pravna oseba
KIA XCeed,KIA,,,Bencin,Avtomatski,150,,Pravna oseba
Geely StarRay EM-i,Geely,,,Hibrid,Avtomatski,99,32990,Pravna oseba
KIA Sportage,KIA,,,Bencin,Avtomatski,150,35299,Pravna oseba
KIA EV2,KIA,,,,Avtomatski,147,Cena po dogovoru,Pravna oseba
KIA EV2,KIA,,,,Avtomatski,136,36499,Pravna oseba
KIA Seltos,KIA,,,Bencin,Avtomatski,179,34699,Pravna oseba
KIA XCeed,KIA,,,Bencin,Avtomatski,150,29699,Pravna oseba
KIA Seltos,KIA,,,Bencin,Avtomatski,179,32699,Pravna oseba
KIA XCeed,KIA,,,Bencin,Avtomatski,150,29699,Pravna oseba
KIA EV2,KIA,,,,Avtomatski,147,26899,Pravna oseba
Geely StarRay EM-i,Geely,,,Hibrid,Avtomatski,99,32990,Pravna oseba
Geely StarRay EM-i,Geely,,,Hibrid,Avtomatski,10,32990,Pravna oseba
KIA EV2,KIA,,,,Avtomatski,136,36499,Pravna oseba
Geely CityRay,Geely,,,Bencin,Avtomatski,174,25990,Pravna oseba
KIA Sportage,KIA,,,Bencin,Avtomatski,160,30099,Pravna oseba
Citroën C1,Citroën,2014,43012,Bencin,Ročni,68,5980,Pravna oseba
Renault Mégane,Renault,2010,219212,Bencin,Ročni,131,3970,Pravna oseba
Peugeot 308,Peugeot,2014,297121,Dizel,Ročni,120,2980,Pravna oseba
Audi Q7,Audi,,,Dizel,Avtomatski,245,79990,Pravna oseba
Volkswagen T-Cross,Volkswagen,,,Bencin,Ročni,116,22606,Pravna oseba
Audi Q5,Audi,2009,250576,Dizel,Avtomatski,239,9980,Pravna oseba
Volkswagen T-Roc,Volkswagen,2023,79146,Dizel,Avtomatski,150,25990,Pravna oseba
Volkswagen T-Roc,Volkswagen,,,Bencin,Avtomatski,116,29115,Pravna oseba
Volkswagen Touareg,Volkswagen,2019,155569,Dizel,Avtomatski,286,35990,Pravna oseba
Volkswagen Touareg,Volkswagen,2024,34000,Dizel,Avtomatski,286,67490,Pravna oseba
Volkswagen Tiguan,Volkswagen,2018,201353,Dizel,Avtomatski,150,13990,Pravna oseba
Volkswagen Touareg,Volkswagen,2025,15000,Dizel,Avtomatski,286,75900,Pravna oseba
Volkswagen Tiguan,Volkswagen,2025,23000,Dizel,Avtomatski,150,39990,Pravna oseba
Volkswagen Tiguan,Volkswagen,2021,106026,Hibrid,Avtomatski,245,23990,Pravna oseba
Volkswagen Tayron,Volkswagen,2025,17078,Bencin,Avtomatski,150,34990,Pravna oseba
Volkswagen T-Cross,Volkswagen,2026,1000,Bencin,Ročni,116,22606,Pravna oseba
Volkswagen Passat Variant,Volkswagen,2023,131787,Dizel,Avtomatski,150,18990,Pravna oseba
Volkswagen Tiguan,Volkswagen,,,Hibrid,Avtomatski,272,51826,Pravna oseba
Volkswagen Passat Variant,Volkswagen,2022,96882,Dizel,Avtomatski,150,20990,Pravna oseba
Volkswagen T-Cross,Volkswagen,,,Bencin,Ročni,116,22606,Pravna oseba
Volkswagen Taigo,Volkswagen,2025,17400,Bencin,Avtomatski,116,19990,Pravna oseba
Volkswagen Passat Variant,Volkswagen,2024,46243,Dizel,Avtomatski,150,38490,Pravna oseba
Volkswagen Passat Variant,Volkswagen,2023,116299,Bencin,Avtomatski,150,19490,Pravna oseba
Volkswagen Multivan,Volkswagen,2026,6600,Dizel,Avtomatski,150,55990,Pravna oseba
Volkswagen ID.Polo,Volkswagen,,,,Avtomatski,211,33700,Pravna oseba
Volkswagen ID.4,Volkswagen,2021,183345,,Avtomatski,204,19990,Pravna oseba
Volkswagen Multivan,Volkswagen,2026,8900,Dizel,Avtomatski,150,51990,Pravna oseba
Volkswagen Golf Variant,Volkswagen,2023,140795,Dizel,Avtomatski,116,15990,Pravna oseba
Volkswagen Passat,Volkswagen,2026,10000,Hibrid,Avtomatski,204,37900,Pravna oseba
Volkswagen Golf Variant,Volkswagen,2022,110001,Bencin,Avtomatski,150,23490,Pravna oseba
Renault Austral,Renault,2025,30158,Bencin,Avtomatski,158,29670,Pravna oseba
Volkswagen Arteon Shooting Brake,Volkswagen,2024,43574,Dizel,Avtomatski,200,35990,Pravna oseba
Škoda Kodiaq,Škoda,2023,183011,Dizel,Avtomatski,150,26490,Pravna oseba
Škoda Karoq,Škoda,2023,131449,Dizel,Avtomatski,150,26990,Pravna oseba
Volkswagen Golf,Volkswagen,2010,224203,Bencin,Ročni,211,7990,Pravna oseba
Volkswagen Arteon,Volkswagen,2019,167652,Dizel,Avtomatski,190,22990,Pravna oseba
Volkswagen Arteon Shooting Brake,Volkswagen,2022,131299,Dizel,Avtomatski,200,25900,Pravna oseba
Volkswagen Arteon,Volkswagen,2022,112519,Dizel,Avtomatski,200,28990,Pravna oseba
Volkswagen Arteon,Volkswagen,2023,99667,Dizel,Avtomatski,150,27990,Pravna oseba
Volkswagen Arteon,Volkswagen,2022,110000,Bencin,Avtomatski,190,30490,Pravna oseba
Škoda Octavia,Škoda,2021,67951,Dizel,Ročni,116,17990,Pravna oseba
Škoda Kodiaq,Škoda,2022,97329,Bencin,Avtomatski,245,33990,Pravna oseba
Škoda Kamiq,Škoda,2020,73266,Bencin,Ročni,150,15990,Pravna oseba
Škoda Kamiq,Škoda,2022,43383,Bencin,Ročni,95,19490,Pravna oseba
Škoda Kamiq,Škoda,2023,119176,Bencin,Avtomatski,110,18990,Pravna oseba
Škoda Fabia,Škoda,2023,34441,Bencin,Ročni,95,12490,Pravna oseba
Seat Tarraco,Seat,2019,179892,Dizel,Avtomatski,150,19490,Pravna oseba
Peugeot 2008,Peugeot,2022,32430,Bencin,Ročni,101,13990,Pravna oseba
Opel Crossland X,Opel,2019,81386,Bencin,Ročni,131,11990,Pravna oseba
MG MG4,MG,2023,78605,,Avtomatski,245,23490,Pravna oseba
Mercedes-Benz GLE-Razred,Mercedes-Benz,2020,219043,Dizel,Avtomatski,272,39990,Pravna oseba
Seat Leon,Seat,,,Dizel,Avtomatski,150,27300,Pravna oseba
Seat Leon,Seat,2026,500,Bencin,Ročni,116,21800,Pravna oseba
Mercedes-Benz GLC coupe,Mercedes-Benz,2023,61852,Bencin,Avtomatski,390,53990,Pravna oseba
Mercedes-Benz C-Razred,Mercedes-Benz,2018,73974,Bencin,Ročni,156,22990,Pravna oseba
Mercedes-Benz C-Razred,Mercedes-Benz,2016,130981,Dizel,Avtomatski,170,19990,Pravna oseba
Hyundai Tucson,Hyundai,2020,132605,Dizel,Avtomatski,136,14990,Pravna oseba
Audi Q5,Audi,,,Dizel,Avtomatski,204,61400,Pravna oseba
Audi Q5,Audi,,,Dizel,Avtomatski,204,63950,Pravna oseba
Ford Kuga,Ford,2022,107789,Hibrid,Avtomatski,224,19950,Pravna oseba
Hyundai Kona,Hyundai,2024,15029,Bencin,Avtomatski,120,22990,Pravna oseba
Citroën Berlingo,Citroën,2018,85510,Bencin,Ročni,110,9990,Pravna oseba
Cupra Raval,Cupra,2026,1000,,Avtomatski,211,31190,Pravna oseba
Cupra Formentor,Cupra,,,Bencin,Avtomatski,150,34700,Pravna oseba
Audi S5,Audi,2023,41890,Dizel,Avtomatski,341,57990,Pravna oseba
Audi Q8,Audi,2021,162176,Dizel,Avtomatski,286,47990,Pravna oseba
Audi Q8,Audi,,,Dizel,Avtomatski,286,112187,Pravna oseba
Audi Q7,Audi,2019,84229,Dizel,Avtomatski,231,44990,Pravna oseba
Audi Q6 e-tron,Audi,,,,Avtomatski,387,65900,Pravna oseba
Audi Q5 Sportback,Audi,,,Dizel,Avtomatski,204,69500,Pravna oseba
Audi Q4 e-tron,Audi,2021,84474,,Avtomatski,204,29990,Pravna oseba
Audi Q4 e-tron,Audi,,,,Avtomatski,121,61400,Pravna oseba
Audi Q3 Sportback,Audi,2026,9000,Bencin,Avtomatski,204,52990,Pravna oseba
Audi A6 Sportback e-tron,Audi,,,,Avtomatski,462,68626,Pravna oseba
Audi Q5 Sportback,Audi,,,Dizel,Avtomatski,204,69883,Pravna oseba
Audi A6 Avant,Audi,2019,183547,Dizel,Avtomatski,231,31900,Pravna oseba
Audi A6 Avant,Audi,2024,45299,Dizel,Avtomatski,204,39950,Pravna oseba
Audi Q3 Sportback,Audi,,,Bencin,Avtomatski,204,51775,Pravna oseba
Audi Q3 Sportback,Audi,,,Bencin,Avtomatski,204,50200,Pravna oseba
Audi Q3 Sportback,Audi,2022,67364,Dizel,Avtomatski,150,29890,Pravna oseba
Audi Q3,Audi,2013,267111,Dizel,Ročni,140,11490,Pravna oseba
Audi Q3 Sportback,Audi,2020,201000,Dizel,Avtomatski,150,21500,Pravna oseba
Audi Q3,Audi,2021,86213,Bencin,Avtomatski,150,23990,Pravna oseba
Audi Q2,Audi,,,Bencin,Ročni,116,29990,Pravna oseba
Peugeot 5008,Peugeot,2016,196043,Dizel,Ročni,120,5880,Pravna oseba
Audi A4 Avant,Audi,2022,181149,Dizel,Avtomatski,163,23990,Pravna oseba
Audi A4,Audi,2017,112863,Dizel,Avtomatski,150,17990,Pravna oseba
Audi A3,Audi,,,Bencin,Avtomatski,116,24278,Pravna oseba
Audi A3,Audi,,,Bencin,Avtomatski,116,25931,Pravna oseba
Audi A3,Audi,2023,83947,Dizel,Avtomatski,116,22990,Pravna oseba
Audi,Audi,,,Dizel,Avtomatski,299,148600,Pravna oseba
Audi A3,Audi,,,Bencin,Avtomatski,150,35883,Pravna oseba
Audi A5,Audi,,,Bencin,Avtomatski,204,59863,Pravna oseba
Audi A5 Avant,Audi,,,Dizel,Avtomatski,204,62300,Pravna oseba
Audi Q5 Sportback,Audi,,,Bencin,Avtomatski,204,63990,Pravna oseba
Audi A5,Audi,,,Bencin,Avtomatski,204,64300,Pravna oseba
Seat Leon,Seat,,,Bencin,Avtomatski,150,34000,Pravna oseba
Cupra Leon,Cupra,,,Bencin,Avtomatski,150,34955,Pravna oseba
Škoda Epiq,Škoda,,,,Avtomatski,211,31850,Pravna oseba
Škoda Kamiq,Škoda,,,Bencin,Avtomatski,116,22963,Pravna oseba
Škoda Kamiq,Škoda,,,Bencin,Avtomatski,116,22963,Pravna oseba
Volkswagen ID.3,Volkswagen,,,,Avtomatski,190,31936,Pravna oseba
Škoda Enyaq IV,Škoda,,,,Avtomatski,286,43952,Pravna oseba
Škoda Enyaq IV,Škoda,,,,Avtomatski,190,43025,Pravna oseba
Škoda Enyaq IV,Škoda,,,,Avtomatski,190,39370,Pravna oseba
Volkswagen Golf,Volkswagen,,,Bencin,Avtomatski,150,33252,Pravna oseba
Volkswagen Passat Variant,Volkswagen,,,Dizel,Avtomatski,150,43900,Pravna oseba
Škoda Fabia,Škoda,,,Bencin,Ročni,116,17107,Pravna oseba
Škoda Karoq,Škoda,,,Bencin,Avtomatski,150,32594,Pravna oseba
Volkswagen ID.Polo,Volkswagen,,,,Avtomatski,116,17190,Pravna oseba
Volkswagen ID.Polo,Volkswagen,,,,Avtomatski,211,31629,Pravna oseba
Volkswagen ID.Polo,Volkswagen,,,,Avtomatski,211,27790,Pravna oseba
Opel Mokka,Opel,2022,79057,Bencin,Ročni,101,12980,Pravna oseba
Volkswagen ID.3,Volkswagen,,,,Avtomatski,170,27790,Pravna oseba
Cupra Raval,Cupra,,,,Avtomatski,226,33750,Pravna oseba
Volkswagen Taigo,Volkswagen,2026,15000,Bencin,Avtomatski,116,21790,Pravna oseba
Volkswagen Tayron,Volkswagen,2026,15000,Bencin,Avtomatski,150,39190,Pravna oseba
Volkswagen ID.3,Volkswagen,,,,Avtomatski,204,27690,Pravna oseba
Škoda Peaq,Škoda,,,,Avtomatski,204,49645,Pravna oseba
Škoda Fabia,Škoda,,,Bencin,Ročni,116,16947,Pravna oseba
Škoda Octavia,Škoda,,,Bencin,Avtomatski,150,27715,Pravna oseba
Škoda Octavia,Škoda,,,Bencin,Avtomatski,150,27905,Pravna oseba
Škoda Octavia,Škoda,,,Bencin,Avtomatski,150,28595,Pravna oseba
Škoda Octavia,Škoda,,,Dizel,Avtomatski,150,30274,Pravna oseba
Škoda Octavia,Škoda,,,Bencin,Avtomatski,150,32935,Pravna oseba
Škoda Octavia,Škoda,,,Dizel,Avtomatski,150,33896,Pravna oseba
Škoda Kamiq,Škoda,,,Bencin,Avtomatski,150,23000,Pravna oseba
Škoda Kodiaq,Škoda,,,Bencin,Avtomatski,204,44329,Pravna oseba
Ford Mondeo,Ford,2016,226320,Dizel,Avtomatski,179,11995,Pravna oseba
Mercedes-Benz A-Razred,Mercedes-Benz,2013,124012,Bencin,Ročni,122,12780,Pravna oseba
Ford Kuga,Ford,2016,210092,Bencin,Avtomatski,150,7980,Pravna oseba
Renault Talisman,Renault,2018,139732,Dizel,Ročni,120,10570,Pravna oseba
Ford Mustang,Ford,,72748,,Avtomatski,,32990,Pravna oseba
Audi A6,Audi,2019,174224,Dizel,Avtomatski,204,22990,Pravna oseba
Škoda Kodiaq,Škoda,2022,128720,Dizel,Avtomatski,150,28990,Pravna oseba
Audi Q5,Audi,2020,200140,Dizel,Avtomatski,190,24990,Pravna oseba
Audi RS3,Audi,2022,131805,Bencin,Avtomatski,400,42990,Pravna oseba
Audi A5 Avant,Audi,2024,8412,Dizel,Avtomatski,204,53990,Pravna oseba
BMW serija X1:,BMW,2017,109243,Dizel,Avtomatski,150,14490,Pravna oseba
Cupra Born,Cupra,,,,Avtomatski,190,33790,Pravna oseba
Škoda Superb,Škoda,2019,242200,Dizel,Avtomatski,150,12990,Pravna oseba
Cupra Terramar,Cupra,2025,31500,Bencin,Avtomatski,150,32999,Pravna oseba
Volkswagen Golf,Volkswagen,2019,125832,Dizel,Avtomatski,184,20990,Pravna oseba
Audi Q2,Audi,2018,73122,Dizel,Ročni,116,17490,Pravna oseba
BMW serija 1:,BMW,2020,116929,Bencin,Avtomatski,140,19190,Pravna oseba
Volkswagen Passat Variant,Volkswagen,2025,19359,Bencin,Avtomatski,150,33490,Pravna oseba
Volkswagen Passat Variant,Volkswagen,2020,179712,Dizel,Avtomatski,150,14990,Pravna oseba
Citroën C3,Citroën,2021,46352,Bencin,Ročni,110,9999,Pravna oseba
Audi A6 Avant,Audi,2022,151668,Dizel,Avtomatski,286,29990,Pravna oseba
Citroën C4,Citroën,2020,77536,Bencin,Ročni,131,11999,Pravna oseba
Volkswagen Tiguan Allspace,Volkswagen,2022,172493,Dizel,Avtomatski,150,23490,Pravna oseba
BMW Serija 3,BMW,2025,16522,Bencin,Avtomatski,245,52490,Pravna oseba
BMW iX,BMW,2023,59697,,Avtomatski,306,36340,Pravna oseba
Volkswagen Multivan,Volkswagen,2015,157500,Dizel,Avtomatski,204,27990,Pravna oseba
Volkswagen Passat,Volkswagen,2020,127754,Dizel,Avtomatski,150,19990,Pravna oseba
Volkswagen Tiguan,Volkswagen,2016,205219,Dizel,Avtomatski,150,14990,Pravna oseba
Volkswagen Tiguan,Volkswagen,2022,162630,Dizel,Avtomatski,200,26990,Pravna oseba
Volkswagen Touran,Volkswagen,2020,165477,Dizel,Avtomatski,116,17490,Pravna oseba
Volkswagen Touran,Volkswagen,2017,189103,Dizel,Ročni,150,14990,Pravna oseba
Peugeot 3008,Peugeot,2018,92128,Dizel,Avtomatski,131,15490,Pravna oseba
Volkswagen Multivan,Volkswagen,2024,10276,Dizel,Avtomatski,150,50990,Pravna oseba
Volkswagen Golf Variant,Volkswagen,2020,201433,Dizel,Avtomatski,150,11490,Pravna oseba
Audi Q7,Audi,2023,131873,Bencin,Avtomatski,340,50490,Pravna oseba
Volkswagen Passat,Volkswagen,2020,159812,Dizel,Avtomatski,150,18990,Pravna oseba
Volkswagen Golf,Volkswagen,2018,168838,Dizel,Ročni,150,13990,Pravna oseba
Volkswagen Touareg,Volkswagen,2019,146213,Bencin,Avtomatski,340,39990,Pravna oseba
BMW serija 2 Gran Tourer:,BMW,2019,158000,Bencin,Ročni,109,10890,Pravna oseba
Seat Tarraco,Seat,2023,167548,Dizel,Avtomatski,150,24490,Pravna oseba
Škoda Kodiaq,Škoda,2022,110749,Dizel,Avtomatski,150,32990,Pravna oseba
Škoda Kodiaq,Škoda,,,Dizel,Avtomatski,150,39503,Pravna oseba
Škoda Kodiaq,Škoda,,,Bencin,Avtomatski,265,54773,Pravna oseba
Škoda Kamiq,Škoda,,,Bencin,Avtomatski,116,22595,Pravna oseba
Škoda Octavia,Škoda,,,Bencin,Avtomatski,265,40672,Pravna oseba
Audi A6,Audi,2017,213428,Dizel,Avtomatski,190,16990,Pravna oseba
Audi S6,Audi,2019,130025,Dizel,Avtomatski,344,41900,Pravna oseba
Volkswagen Golf,Volkswagen,2021,50063,Bencin,Avtomatski,245,25490,Pravna oseba
Volkswagen Golf Variant,Volkswagen,2021,148221,Dizel,Avtomatski,116,15990,Pravna oseba
Audi Q7,Audi,2016,189400,Dizel,Avtomatski,272,28900,Pravna oseba
Volkswagen Passat Variant,Volkswagen,2022,45852,Dizel,Avtomatski,200,31990,Pravna oseba
Volkswagen T-Cross,Volkswagen,2025,25000,Bencin,Ročni,116,17990,Pravna oseba
Volkswagen Tiguan,Volkswagen,2021,100941,Dizel,Avtomatski,150,28300,Pravna oseba
Volkswagen Taigo,Volkswagen,2023,57000,Bencin,Avtomatski,110,17500,Pravna oseba
Porsche Cayenne,Porsche,2022,47460,Bencin,Avtomatski,340,82990,Pravna oseba
Volkswagen Taigo,Volkswagen,2023,46000,Bencin,Avtomatski,110,18490,Pravna oseba
Volkswagen Taigo,Volkswagen,2023,51000,Bencin,Avtomatski,110,17900,Pravna oseba
MINI Paceman,MINI,2013,200400,Dizel,Avtomatski,143,9999,Pravna oseba
Mercedes-Benz GLK-Razred,Mercedes-Benz,2008,350100,Dizel,Avtomatski,224,7999,Pravna oseba
KIA Seltos,KIA,,,Bencin,Avtomatski,179,,Pravna oseba
Alfa Romeo Giulia,Alfa,2019,230040,Dizel,Avtomatski,209,18999,Pravna oseba
Cupra Leon,Cupra,,,Hibrid,Avtomatski,204,36270,Pravna oseba
Cupra Leon,Cupra,,,Bencin,Ročni,150,28100,Pravna oseba
BMW Serija 3,BMW,2025,16522,Bencin,Avtomatski,258,Cena po dogovoru,Pravna oseba
Volkswagen Golf,Volkswagen,2019,160000,Bencin,Avtomatski,245,21990,Pravna oseba
Audi A4,Audi,2020,141620,Bencin,Avtomatski,204,19990,Pravna oseba
Mercedes-Benz GLC-Razred,Mercedes-Benz,2019,229800,Dizel,Avtomatski,204,19490,Pravna oseba
Cupra Leon,Cupra,,,Bencin,Avtomatski,300,38900,Pravna oseba
Cupra Leon,Cupra,,,Dizel,Avtomatski,150,31850,Pravna oseba
Audi A6,Audi,2018,105100,Dizel,Avtomatski,204,35990,Pravna oseba
Cupra Leon,Cupra,,,Hibrid,Avtomatski,204,35500,Pravna oseba
Cupra Leon,Cupra,,,Bencin,Ročni,150,26850,Pravna oseba
Cupra Formentor,Cupra,,,Bencin,Avtomatski,390,67261,Pravna oseba
BMW Serija 8,BMW,2023,24075,Bencin,Avtomatski,625,88870,Pravna oseba
Volvo XC60,Volvo,2023,40451,Bencin,Avtomatski,252,39480,Pravna oseba
Cupra Formentor,Cupra,,,Dizel,Avtomatski,150,36449,Pravna oseba
Cupra Formentor,Cupra,,,Bencin,Ročni,150,31497,Pravna oseba
BMW X4,BMW,2019,107279,Bencin,Avtomatski,354,38880,Pravna oseba
Cupra Born,Cupra,,,,Avtomatski,190,33790,Pravna oseba
BMW Serija 3,BMW,2024,45600,Dizel,Avtomatski,286,51980,Pravna oseba
Volkswagen T-Cross,Volkswagen,2020,87000,Bencin,Ročni,95,14875,Pravna oseba
Renault Koleos,Renault,2019,151780,Dizel,Avtomatski,177,16880,Pravna oseba
BMW Serija 4,BMW,2025,24100,Dizel,Avtomatski,190,49980,Pravna oseba
Volkswagen Caravelle,Volkswagen,2022,116200,Dizel,Avtomatski,204,,Pravna oseba
Mazda CX-3,Mazda,2016,154300,Bencin,Ročni,120,8990,Pravna oseba
Ford Fiesta,Ford,2011,131003,Bencin,Ročni,82,3499,Pravna oseba
Citroën C5 Aircross,Citroën,2023,49477,Bencin,Avtomatski,131,17980,Pravna oseba
BMW Serija 5,BMW,2025,55780,Dizel,Avtomatski,303,64780,Pravna oseba
Mercedes-Benz E-Razred,Mercedes-Benz,2017,184000,Dizel,Avtomatski,194,26290,Pravna oseba
Renault Espace,Renault,2021,173511,Dizel,Avtomatski,160,18990,Pravna oseba
Volkswagen Golf Sportsvan,Volkswagen,2020,132000,Bencin,Ročni,116,14489,Pravna oseba
Hyundai Tucson,Hyundai,2022,77647,Hibrid,Avtomatski,230,23444,Pravna oseba
Volvo V60,Volvo,2017,320000,Dizel,Ročni,150,5990,Pravna oseba
Citroën C4,Citroën,2024,37908,Bencin,Ročni,101,11490,Pravna oseba
Opel Zafira,Opel,2023,151901,Dizel,Ročni,144,24990,Pravna oseba
KIA Sorento,KIA,2021,136541,Dizel,Avtomatski,201,29990,Pravna oseba
Mercedes-Benz GLK-Razred,Mercedes-Benz,2013,217000,Dizel,Avtomatski,143,12990,Pravna oseba
Geely CoolRay,Geely,2025,14587,Bencin,Avtomatski,174,23222,Pravna oseba
Škoda Fabia,Škoda,2007,207000,Bencin,Ročni,80,1290,Pravna oseba
Opel Astra,Opel,2025,20790,Bencin,Avtomatski,131,19990,Pravna oseba
BMW Serija 4,BMW,2025,59880,Dizel,Avtomatski,190,47880,Pravna oseba
BMW X5,BMW,2025,39880,Dizel,Avtomatski,298,78880,Pravna oseba
Volkswagen Tiguan,Volkswagen,,,Dizel,Avtomatski,150,47903,Pravna oseba
BMW serija X1:,BMW,2020,154000,Dizel,Ročni,116,15887,Pravna oseba
Volkswagen Tiguan,Volkswagen,,,Dizel,Avtomatski,193,53115,Pravna oseba
Volkswagen Tiguan,Volkswagen,,,Bencin,Avtomatski,150,41422,Pravna oseba
Volkswagen Tiguan,Volkswagen,,,Bencin,Avtomatski,150,45843,Pravna oseba
Volkswagen Tiguan,Volkswagen,,,Bencin,Avtomatski,150,45843,Pravna oseba
BMW serija X1:,BMW,2022,104000,Dizel,Ročni,150,18775,Pravna oseba
Geely CoolRay,Geely,2024,31983,Bencin,Avtomatski,174,22447,Pravna oseba
Forthing Forthing U Tour,Forthing,,,Hibrid,Avtomatski,204,32900,Pravna oseba
Škoda Octavia,Škoda,2021,73275,Dizel,Avtomatski,150,20684,Pravna oseba
BMW Serija 3,BMW,2025,26726,Dizel,Avtomatski,190,44990,Pravna oseba
Volkswagen Tiguan,Volkswagen,,,Bencin,Avtomatski,150,39590,Pravna oseba
Audi A5 Avant,Audi,2026,6457,Hibrid,Avtomatski,299,59900,Pravna oseba
Mercedes-Benz GLS-Razred,Mercedes-Benz,2022,147000,Dizel,Avtomatski,330,69500,Pravna oseba
Volkswagen Golf,Volkswagen,2025,21000,Hibrid,Avtomatski,204,27690,Pravna oseba
Volkswagen Passat Variant,Volkswagen,2023,19434,Dizel,Avtomatski,150,28490,Pravna oseba
Volkswagen Golf,Volkswagen,2021,89358,Bencin,Avtomatski,300,27990,Pravna oseba
Volkswagen Taigo,Volkswagen,2025,19000,Bencin,Avtomatski,116,19990,Pravna oseba
Volkswagen T-Cross,Volkswagen,2025,15000,Bencin,Ročni,116,21990,Pravna oseba
Volkswagen Tiguan,Volkswagen,2021,198239,Dizel,Ročni,150,21990,Pravna oseba
Volkswagen Tiguan Allspace,Volkswagen,2022,101557,Dizel,Avtomatski,150,30990,Pravna oseba
Škoda Superb,Škoda,2018,230552,Dizel,Avtomatski,190,13990,Pravna oseba
Škoda Octavia,Škoda,2022,136205,Dizel,Avtomatski,150,21990,Pravna oseba
Škoda Octavia,Škoda,2022,125988,Dizel,Avtomatski,150,22990,Pravna oseba
Volkswagen T-Roc,Volkswagen,2023,78585,Bencin,Ročni,110,21490,Pravna oseba
Ford Edge,Ford,2019,148529,Dizel,Avtomatski,238,17990,Pravna oseba
Volkswagen Golf,Volkswagen,2023,60243,Bencin,Avtomatski,320,34990,Pravna oseba
Volkswagen Tiguan,Volkswagen,2020,176191,Dizel,Avtomatski,190,23790,Pravna oseba
Volkswagen Tiguan,Volkswagen,2019,183811,Dizel,Avtomatski,190,18990,Pravna oseba
Škoda Superb,Škoda,2022,169214,Dizel,Avtomatski,200,21990,Pravna oseba
Volkswagen Golf Variant,Volkswagen,2016,226046,Dizel,Avtomatski,184,10490,Pravna oseba
Škoda Kodiaq,Škoda,2022,96384,Dizel,Avtomatski,150,31990,Pravna oseba
Škoda Octavia,Škoda,2022,198377,Dizel,Avtomatski,200,17990,Pravna oseba
Škoda Kamiq,Škoda,2022,80263,Bencin,Avtomatski,150,21490,Pravna oseba
Audi Q5,Audi,2024,48209,Dizel,Avtomatski,204,45990,Pravna oseba
Volkswagen Touareg,Volkswagen,2021,152499,Dizel,Avtomatski,231,38990,Pravna oseba
Volkswagen Golf,Volkswagen,2025,11455,Bencin,Avtomatski,265,33990,Pravna oseba
Škoda Superb,Škoda,2022,183259,Dizel,Avtomatski,150,22990,Pravna oseba
Škoda Octavia,Škoda,2022,92352,Hibrid,Avtomatski,245,25990,Pravna oseba
Škoda Enyaq IV,Škoda,2023,33042,,Avtomatski,148,19990,Pravna oseba
Audi Q5,Audi,2019,188052,Dizel,Avtomatski,190,23990,Pravna oseba
Škoda Kodiaq,Škoda,2023,105508,Bencin,Avtomatski,245,37990,Pravna oseba
Renault Kadjar,Renault,2022,99246,Dizel,Avtomatski,116,16690,Pravna oseba
Audi A4,Audi,2023,83567,Bencin,Avtomatski,150,27490,Pravna oseba
Volkswagen Passat Alltrack,Volkswagen,2023,89187,Dizel,Avtomatski,200,29990,Pravna oseba
Volkswagen Passat Variant,Volkswagen,2022,159673,Dizel,Avtomatski,150,18990,Pravna oseba
Volkswagen T-Roc,Volkswagen,2023,49506,Bencin,Ročni,110,19990,Pravna oseba
Škoda Kodiaq,Škoda,2020,158000,Dizel,Avtomatski,150,25990,Pravna oseba
Volkswagen Touran,Volkswagen,2022,135558,Dizel,Avtomatski,150,25990,Pravna oseba
Audi Q5 Sportback,Audi,2023,73000,Dizel,Avtomatski,204,42900,Pravna oseba
Volkswagen Tiguan,Volkswagen,2025,46340,Bencin,Avtomatski,150,38900,Pravna oseba
Ford B-Max,Ford,2016,144258,Dizel,Ročni,75,5990,Pravna oseba
Volkswagen Tiguan,Volkswagen,,,Dizel,Avtomatski,150,44216,Pravna oseba
Volkswagen Golf Variant,Volkswagen,2023,158930,Dizel,Avtomatski,116,15990,Pravna oseba
Škoda Octavia,Škoda,2023,163049,Dizel,Avtomatski,200,23990,Pravna oseba
Cupra Formentor,Cupra,,,Bencin,Avtomatski,150,36299,Pravna oseba
Cupra Leon,Cupra,,,Bencin,Avtomatski,150,37505,Pravna oseba
Cupra Leon,Cupra,,,Bencin,Avtomatski,150,36155,Pravna oseba
Cupra Terramar,Cupra,,,Bencin,Avtomatski,150,37900,Pravna oseba
Seat Arona,Seat,,,Bencin,Ročni,116,20650,Pravna oseba
Seat Arona,Seat,,,Bencin,Ročni,116,20900,Pravna oseba
Seat Ateca,Seat,,,Bencin,Ročni,150,27760,Pravna oseba
Mercedes-Benz B-Razred,Mercedes-Benz,2025,38132,Bencin,Avtomatski,136,24990,Pravna oseba
Seat Ibiza,Seat,,,Bencin,Avtomatski,116,21590,Pravna oseba
Seat Leon,Seat,,,Bencin,Ročni,116,22999,Pravna oseba
Cupra Born,Cupra,,,,Avtomatski,190,33790,Pravna oseba
Cupra Born,Cupra,,,,Avtomatski,231,36800,Pravna oseba
Audi SQ7,Audi,2021,134457,Bencin,Avtomatski,507,58990,Pravna oseba
Škoda Kamiq,Škoda,,,Bencin,Avtomatski,116,28633,Pravna oseba
Škoda Elroq,Škoda,,,,Avtomatski,190,34407,Pravna oseba
Škoda Kamiq,Škoda,,,Bencin,Ročni,116,19131,Pravna oseba
Škoda Kamiq,Škoda,,,Bencin,Avtomatski,116,20369,Pravna oseba
Škoda Kamiq,Škoda,,,Bencin,Avtomatski,116,21167,Pravna oseba
Škoda Kamiq,Škoda,,,Bencin,Ročni,116,21226,Pravna oseba
Škoda Octavia,Škoda,,,Bencin,Avtomatski,150,28359,Pravna oseba
Škoda Octavia,Škoda,,,Dizel,Avtomatski,150,32452,Pravna oseba
Škoda Superb,Škoda,,,Bencin,Avtomatski,150,40838,Pravna oseba
Škoda Octavia,Škoda,,,Dizel,Avtomatski,150,28696,Pravna oseba
Škoda Superb,Škoda,,,Dizel,Avtomatski,150,39653,Pravna oseba
Škoda Superb,Škoda,,,Dizel,Avtomatski,150,44369,Pravna oseba
Škoda Octavia,Škoda,,,Dizel,Avtomatski,150,29903,Pravna oseba
Škoda Scala,Škoda,,,Bencin,Avtomatski,116,21972,Pravna oseba
Mercedes-Benz B-Razred,Mercedes-Benz,2025,36632,Bencin,Avtomatski,136,24990,Pravna oseba
Škoda Kodiaq,Škoda,,,Bencin,Avtomatski,150,39513,Pravna oseba
Škoda Karoq,Škoda,,,Dizel,Avtomatski,150,31647,Pravna oseba
Volkswagen Golf,Volkswagen,,,Bencin,Avtomatski,150,32990,Pravna oseba
Volkswagen Golf,Volkswagen,,,Bencin,Avtomatski,150,32990,Pravna oseba
Volkswagen Golf,Volkswagen,,,Hibrid,Avtomatski,150,38660,Pravna oseba
Volkswagen Golf Variant,Volkswagen,,,Bencin,Avtomatski,150,35021,Pravna oseba
Volkswagen Golf Variant,Volkswagen,,,Bencin,Avtomatski,116,28994,Pravna oseba
Volkswagen Passat Variant,Volkswagen,,,Hibrid,Avtomatski,204,41547,Pravna oseba
Volkswagen Passat Variant,Volkswagen,,,Hibrid,Avtomatski,204,40396,Pravna oseba
Volkswagen Taigo,Volkswagen,,,Bencin,Avtomatski,116,24898,Pravna oseba
Volkswagen Taigo,Volkswagen,,,Bencin,Ročni,116,24898,Pravna oseba
Škoda Elroq,Škoda,,,,Avtomatski,286,42639,Pravna oseba
Volkswagen Amarok,Volkswagen,2026,6000,Dizel,Avtomatski,241,68900,Pravna oseba
Volkswagen Taigo,Volkswagen,,,Bencin,Avtomatski,150,27714,Pravna oseba
Volkswagen Tayron,Volkswagen,,,Hibrid,Avtomatski,177,53120,Pravna oseba
Volkswagen T-Roc,Volkswagen,2026,5000,Bencin,Avtomatski,150,33990,Pravna oseba
Volkswagen Tayron,Volkswagen,,,Hibrid,Avtomatski,177,52779,Pravna oseba
Volkswagen Tayron,Volkswagen,,,Dizel,Avtomatski,193,55562,Pravna oseba
Volkswagen Golf Variant,Volkswagen,,,Bencin,Ročni,116,26375,Pravna oseba
Volkswagen Touareg,Volkswagen,2025,10000,Dizel,Avtomatski,286,74850,Pravna oseba
Cupra Raval,Cupra,,,,Avtomatski,211,30200,Pravna oseba
Cupra Raval,Cupra,,,,Avtomatski,135,25500,Pravna oseba
Volkswagen Touareg,Volkswagen,2021,166024,Dizel,Avtomatski,286,41990,Pravna oseba
Volkswagen Passat Variant,Volkswagen,2025,82191,Dizel,Avtomatski,193,39990,Pravna oseba
Volkswagen Golf Variant,Volkswagen,2023,172734,Bencin,Ročni,131,16990,Pravna oseba
Volkswagen Golf,Volkswagen,2021,77877,Hibrid,Avtomatski,245,22490,Pravna oseba
Volkswagen ID.3,Volkswagen,2022,84082,,Avtomatski,204,19990,Pravna oseba
Volkswagen Taigo,Volkswagen,,,Bencin,Avtomatski,116,24898,Pravna oseba
Volkswagen T-Roc,Volkswagen,2026,8000,Bencin,Avtomatski,116,28790,Pravna oseba
Volkswagen Taigo,Volkswagen,2026,5000,Bencin,Avtomatski,116,23790,Pravna oseba
Volkswagen Touran,Volkswagen,2021,195716,Dizel,Avtomatski,150,18990,Pravna oseba
Citroën C5 Aircross,Citroën,2021,103000,Dizel,Avtomatski,131,13290,Pravna oseba
Volkswagen Passat Variant,Volkswagen,,,Dizel,Avtomatski,150,46612,Pravna oseba
Audi Q3,Audi,2019,121424,Dizel,Avtomatski,150,22990,Pravna oseba
Volkswagen Tiguan,Volkswagen,2021,99500,Dizel,Avtomatski,150,20500,Pravna oseba
Škoda Kodiaq,Škoda,2017,174366,Dizel,Avtomatski,190,18990,Pravna oseba
Audi Q3,Audi,2022,92612,Bencin,Avtomatski,150,27990,Pravna oseba
Audi Q3,Audi,2019,139125,Dizel,Avtomatski,150,23990,Pravna oseba
Audi Q2,Audi,2022,129470,Bencin,Avtomatski,150,20990,Pravna oseba
Volkswagen Tiguan,Volkswagen,2023,112000,Dizel,Avtomatski,150,21500,Pravna oseba
Volkswagen Taigo,Volkswagen,2022,121000,Bencin,Ročni,110,14400,Pravna oseba
Volkswagen Golf,Volkswagen,2023,167000,Dizel,Avtomatski,116,14990,Pravna oseba
Volkswagen Passat Variant,Volkswagen,2018,80659,Dizel,Avtomatski,150,17990,Pravna oseba
Volkswagen Taigo,Volkswagen,2022,55940,Bencin,Avtomatski,110,17490,Pravna oseba
Volkswagen Tiguan,Volkswagen,2022,112555,Bencin,Avtomatski,190,27990,Pravna oseba
Audi Q2,Audi,2018,134421,Dizel,Avtomatski,116,15990,Pravna oseba
Audi e-tron,Audi,2022,69000,,Avtomatski,408,39990,Pravna oseba
Audi A6 Avant,Audi,2026,3706,Hibrid,Avtomatski,252,67900,Pravna oseba
Audi A6 Avant,Audi,2022,86231,Dizel,Avtomatski,286,49990,Pravna oseba
Audi A6 Avant,Audi,2022,142744,Dizel,Avtomatski,245,32490,Pravna oseba
Audi A6 Avant,Audi,2023,82764,Dizel,Avtomatski,204,29990,Pravna oseba
Volkswagen Passat Alltrack,Volkswagen,2023,123503,Dizel,Avtomatski,200,27990,Pravna oseba
Audi A6 Avant,Audi,2021,216015,Dizel,Avtomatski,204,38000,Pravna oseba
Volkswagen Golf Variant,Volkswagen,2024,88520,Dizel,Ročni,116,18990,Pravna oseba
Audi A5 Sportback,Audi,2017,87463,Dizel,Avtomatski,190,24490,Pravna oseba
Volkswagen Passat Variant,Volkswagen,,,Dizel,Avtomatski,150,46612,Pravna oseba
Volkswagen Passat Variant,Volkswagen,,,Dizel,Avtomatski,193,46612,Pravna oseba
Audi A4 Avant,Audi,2020,171135,Dizel,Avtomatski,163,22990,Pravna oseba
Audi A4,Audi,2021,97412,Dizel,Avtomatski,204,25990,Pravna oseba
Audi A5 Avant,Audi,2025,18000,Bencin,Avtomatski,204,46690,Pravna oseba
Volkswagen Touran,Volkswagen,2022,214440,Dizel,Avtomatski,150,16490,Pravna oseba
Volkswagen Tiguan Allspace,Volkswagen,2020,178460,Dizel,Avtomatski,200,21490,Pravna oseba
Volkswagen T-Roc,Volkswagen,2023,44938,Bencin,Ročni,150,23990,Pravna oseba
Hyundai Tucson,Hyundai,2020,142682,Dizel,Avtomatski,136,17990,Pravna oseba
Volkswagen T-Roc,Volkswagen,2019,159479,Bencin,Ročni,150,15990,Pravna oseba
Volkswagen Golf,Volkswagen,,,Bencin,Avtomatski,150,32990,Pravna oseba
Audi Q5,Audi,2019,109989,Dizel,Avtomatski,190,28990,Pravna oseba
Volkswagen Golf,Volkswagen,2021,146000,Dizel,Ročni,116,15990,Pravna oseba
Cupra Raval,Cupra,,,,Avtomatski,211,30750,Pravna oseba
Volkswagen Caddy,Volkswagen,2022,112000,Dizel,Ročni,102,19500,Pravna oseba
Cupra Raval,Cupra,,,,Avtomatski,211,31700,Pravna oseba
Cupra Formentor,Cupra,2022,73000,Hibrid,Avtomatski,204,22490,Pravna oseba
Cupra Born,Cupra,,,,Avtomatski,190,38700,Pravna oseba
Cupra Born,Cupra,,,,Avtomatski,326,47300,Pravna oseba
Cupra Born,Cupra,,,,Avtomatski,190,33790,Pravna oseba
Cupra Born,Cupra,,,,Avtomatski,190,33790,Pravna oseba
Volvo XC60,Volvo,2022,141000,Dizel,Avtomatski,197,26500,Pravna oseba
Volvo XC60,Volvo,2021,131000,Dizel,Avtomatski,197,24999,Pravna oseba
Toyota Corolla,Toyota,2021,118000,Hibrid,Avtomatski,122,16500,Pravna oseba
Toyota Yaris Cross,Toyota,2023,144000,Hibrid,Avtomatski,116,16999,Pravna oseba
Seat Leon,Seat,2022,153000,Dizel,Avtomatski,150,13999,Pravna oseba
Renault Scénic,Renault,2017,227000,Dizel,Ročni,95,5990,Pravna oseba
Renault Mégane,Renault,2022,126000,Dizel,Ročni,116,11550,Pravna oseba
Renault Captur,Renault,2015,187000,Dizel,Ročni,110,6500,Pravna oseba
Audi A7,Audi,2020,186200,Dizel,Avtomatski,204,28999,Pravna oseba
Peugeot Rifter,Peugeot,2019,160000,Dizel,Ročni,102,11000,Pravna oseba
Peugeot 508,Peugeot,2021,141000,Dizel,Avtomatski,131,12999,Pravna oseba
Peugeot 5008,Peugeot,2018,148000,Dizel,Avtomatski,131,12999,Pravna oseba
Peugeot 5008,Peugeot,2018,107000,Bencin,Ročni,131,10500,Pravna oseba
Peugeot 308,Peugeot,2022,140000,Dizel,Avtomatski,131,12999,Pravna oseba
Peugeot 308,Peugeot,2019,120000,Dizel,Ročni,99,8500,Pravna oseba
Peugeot 308,Peugeot,2019,114000,Dizel,Avtomatski,131,8990,Pravna oseba
Peugeot 308,Peugeot,2019,91000,Bencin,Ročni,110,7500,Pravna oseba
Peugeot 3008,Peugeot,2021,145000,Dizel,Avtomatski,131,16999,Pravna oseba
Peugeot 2008,Peugeot,2022,99000,Bencin,Avtomatski,131,11990,Pravna oseba
Mercedes-Benz B-Razred,Mercedes-Benz,2020,169000,Bencin,Ročni,136,15877,Pravna oseba
BMW serija 1:,BMW,2023,81000,Dizel,Ročni,116,17377,Pravna oseba
Peugeot 3008,Peugeot,2026,14936,Bencin,Avtomatski,145,26380,Pravna oseba
Mercedes-Benz A-Razred,Mercedes-Benz,2022,119800,Bencin,Ročni,136,17588,Pravna oseba
Opel Insignia,Opel,2019,119000,Dizel,Ročni,110,9999,Pravna oseba
Opel Grandland X,Opel,2019,100000,Bencin,Avtomatski,131,10990,Pravna oseba
Opel Crossland,Opel,2022,37000,Bencin,Ročni,83,9999,Pravna oseba
Opel Astra,Opel,2018,153000,Bencin,Ročni,105,6500,Pravna oseba
MINI One,MINI,2017,95000,Bencin,Ročni,102,9990,Pravna oseba
Land Rover Discovery Sport,Land,2018,90000,Dizel,Avtomatski,179,17999,Pravna oseba
Citroën C5 Aircross,Citroën,2021,135000,Bencin,Ročni,131,12688,Pravna oseba
Toyota Yaris Cross,Toyota,2022,90017,Bencin,Ročni,125,17450,Pravna oseba
KIA Ceed,KIA,2023,164000,Dizel,Avtomatski,136,13999,Pravna oseba
KIA Ceed,KIA,2022,112000,Dizel,Avtomatski,136,13999,Pravna oseba
Hyundai Tucson,Hyundai,2017,169000,Dizel,Avtomatski,141,11990,Pravna oseba
Hyundai Tucson,Hyundai,2021,131000,Dizel,Avtomatski,136,17990,Pravna oseba
Hyundai Kona,Hyundai,2021,131000,Dizel,Avtomatski,136,14990,Pravna oseba
Ford Kuga,Ford,2021,112000,Hibrid,Avtomatski,224,14999,Pravna oseba
Ford Kuga,Ford,2021,148000,Dizel,Avtomatski,120,13999,Pravna oseba
Ford Kuga,Ford,2020,126000,Dizel,Avtomatski,120,14999,Pravna oseba
Ford Kuga,Ford,2020,68500,Hibrid,Avtomatski,224,16999,Pravna oseba
Ford Focus,Ford,2022,159000,Dizel,Ročni,120,9999,Pravna oseba
Hyundai Kona,Hyundai,2024,40890,Bencin,Avtomatski,139,Cena po dogovoru,Pravna oseba
Citroën C4 Cactus,Citroën,2019,150000,Bencin,Avtomatski,110,7500,Pravna oseba
Citroën C3 Aircross,Citroën,2020,122700,Dizel,Ročni,102,8500,Pravna oseba
Citroën C3 Aircross,Citroën,2020,100000,Dizel,Avtomatski,120,10990,Pravna oseba
Citroën C3,Citroën,2020,148000,Dizel,Ročni,102,5500,Pravna oseba
Toyota Yaris,Toyota,2025,24071,Hibrid,Avtomatski,116,17850,Pravna oseba
BMW X1,BMW,2019,189000,Dizel,Ročni,116,11990,Pravna oseba
KIA Sportage,KIA,2022,44261,Bencin,Ročni,132,17890,Pravna oseba
BMW Serija 1,BMW,2022,124000,Dizel,Avtomatski,116,15999,Pravna oseba
Audi Q5 Sportback,Audi,2021,100000,Hibrid,Avtomatski,299,33990,Pravna oseba
Lexus IS,Lexus,2017,197275,Hibrid,Avtomatski,223,17990,Pravna oseba
Audi Q5,Audi,2020,79000,Dizel,Avtomatski,136,27500,Pravna oseba
Audi Q3,Audi,2020,134000,Dizel,Avtomatski,190,22550,Pravna oseba
Toyota Yaris Cross,Toyota,2021,19684,Bencin,Ročni,125,18320,Pravna oseba
Suzuki Vitara,Suzuki,2023,67029,Bencin,Ročni,129,18950,Pravna oseba
Toyota Yaris Cross,Toyota,2021,52889,Bencin,Ročni,125,19190,Pravna oseba
Land Rover Range Rover Evoque,Land,2018,119000,Dizel,Avtomatski,150,15500,Pravna oseba
Toyota Corolla,Toyota,2021,73587,Hibrid,Avtomatski,122,19750,Pravna oseba
Renault Megane,Renault,2022,142454,Dizel,Avtomatski,116,12190,Pravna oseba
Toyota Yaris Cross,Toyota,2024,43307,Bencin,Ročni,125,20320,Pravna oseba
Toyota C-HR,Toyota,2022,84671,Hibrid,Avtomatski,122,20590,Pravna oseba
Peugeot Rifter,Peugeot,2024,43113,Dizel,Ročni,131,20990,Pravna oseba
Mercedes-Benz Citan,Mercedes-Benz,2022,40062,Dizel,Ročni,116,21150,Pravna oseba
Toyota C-HR,Toyota,2024,56371,Hibrid,Avtomatski,122,22650,Pravna oseba
Nissan Qashqai,Nissan,2022,48549,Bencin,Avtomatski,158,22920,Pravna oseba
Volkswagen Passat,Volkswagen,2021,118945,Dizel,Avtomatski,200,22950,Pravna oseba
Suzuki S-Cross,Suzuki,2024,46168,Bencin,Ročni,129,22990,Pravna oseba
Toyota Corolla,Toyota,2021,77444,Hibrid,Avtomatski,122,23550,Pravna oseba
Toyota C-HR,Toyota,2021,83980,Hibrid,Avtomatski,184,24590,Pravna oseba
Land Rover Range Rover Velar,Land,2020,106871,Dizel,Avtomatski,179,24950,Pravna oseba
Toyota RAV4,Toyota,2020,107544,Hibrid,Avtomatski,222,25590,Pravna oseba
Mercedes-Benz GLC-Razred,Mercedes-Benz,2018,157692,Dizel,Avtomatski,258,27450,Pravna oseba
Subaru Forester,Subaru,2022,96021,Bencin,Avtomatski,150,29490,Pravna oseba
Toyota RAV4,Toyota,2020,112477,Hibrid,Avtomatski,178,30450,Pravna oseba
Toyota RAV4,Toyota,2020,83751,Hibrid,Avtomatski,178,31650,Pravna oseba
Mazda CX-5,Mazda,2023,77608,Dizel,Avtomatski,184,31990,Pravna oseba
Toyota Proace,Toyota,2023,98225,Dizel,Ročni,144,32250,Pravna oseba
Volvo XC60,Volvo,2023,105144,Dizel,Avtomatski,197,32450,Pravna oseba
Honda HR-V,Honda,,,Hibrid,Avtomatski,131,,Pravna oseba
Toyota RAV4,Toyota,2021,90648,Hibrid,Avtomatski,222,33150,Pravna oseba
MG ZS,MG,2023,39391,Bencin,Ročni,111,12947,Pravna oseba
Škoda Kodiaq,Škoda,2023,117698,Dizel,Avtomatski,200,33690,Pravna oseba
Volkswagen Passat,Volkswagen,2024,100188,Dizel,Avtomatski,150,33950,Pravna oseba
Mercedes-Benz GLE-Razred,Mercedes-Benz,2018,151131,Dizel,Avtomatski,258,34490,Pravna oseba
Toyota RAV4,Toyota,2022,51655,Hibrid,Avtomatski,222,37450,Pravna oseba
BMW Serija 5,BMW,2023,112098,Dizel,Avtomatski,286,37450,Pravna oseba
Mazda CX-60,Mazda,2023,38706,Dizel,Avtomatski,254,38990,Pravna oseba
BMW X3,BMW,2023,110146,Dizel,Avtomatski,190,39890,Pravna oseba
KIA Ceed,KIA,2020,50384,Bencin,Ročni,120,11784,Pravna oseba
Audi A6,Audi,2022,106007,Dizel,Avtomatski,286,42450,Pravna oseba
Toyota GR Yaris,Toyota,2025,12703,Bencin,Avtomatski,280,42490,Pravna oseba
Lexus NX,Lexus,2023,77387,Hibrid,Avtomatski,242,45990,Pravna oseba
Volkswagen Touareg,Volkswagen,2023,108330,Dizel,Avtomatski,286,52990,Pravna oseba
Porsche Panamera,Porsche,2023,75802,Hibrid,Avtomatski,462,85990,Pravna oseba
Škoda Octavia,Škoda,2021,159630,Dizel,Avtomatski,150,16995,Pravna oseba
Škoda Octavia,Škoda,,366000,Dizel,Ročni,105,2300,Fizična oseba
Cupra Formentor,Cupra,2022,99800,Dizel,Avtomatski,150,24900,Pravna oseba
Citroën C4,Citroën,2024,129000,Dizel,Avtomatski,131,14990,Pravna oseba
Peugeot 2008,Peugeot,2017,105000,Bencin,Ročni,110,6890,Pravna oseba
Škoda Kodiaq,Škoda,2023,166533,Dizel,Avtomatski,200,26990,Pravna oseba
Audi A7,Audi,2016,263295,Dizel,Avtomatski,272,19995,Pravna oseba
Hyundai Bayon,Hyundai,2024,22786,Bencin,Ročni,101,,Pravna oseba
Dacia Spring,Dacia,2023,65675,,Avtomatski,65,,Pravna oseba
Porsche Panamera,Porsche,2018,230400,Bencin,Avtomatski,330,42999,Pravna oseba
Hyundai Kona,Hyundai,2023,27500,Bencin,Ročni,120,16500,Fizična oseba
Audi A4 Avant,Audi,2016,238650,Dizel,Avtomatski,190,15995,Pravna oseba
Renault Twingo,Renault,2010,167117,Bencin,Ročni,58,2590,Pravna oseba
Volkswagen Tiguan,Volkswagen,2022,138500,Dizel,Avtomatski,150,21490,Pravna oseba
Volkswagen Arteon Shooting Brake,Volkswagen,2023,136000,Dizel,Avtomatski,150,24990,Pravna oseba
Škoda Kodiaq,Škoda,2022,154800,Dizel,Avtomatski,150,25990,Pravna oseba
Opel Mokka,Opel,2015,174332,Dizel,Ročni,131,,Pravna oseba
Renault Clio,Renault,2006,110305,Bencin,Ročni,75,2500,Pravna oseba
KIA Sportage,KIA,2019,112788,Dizel,Ročni,116,15600,Pravna oseba
BMW serija 3 Touring:,BMW,2020,196320,Dizel,Avtomatski,150,16995,Pravna oseba
Seat Leon,Seat,2017,153612,Bencin,Ročni,110,9990,Pravna oseba
Volkswagen Golf,Volkswagen,2020,121873,Bencin,Ročni,131,16590,Pravna oseba
BMW Serija 5,BMW,2026,9700,Dizel,Avtomatski,286,75256,Pravna oseba
Volkswagen Golf,Volkswagen,2025,37601,Bencin,Avtomatski,116,23999,Pravna oseba
BMW Serija 5,BMW,2014,220000,Dizel,Avtomatski,258,14990,Pravna oseba
BMW serija 3:,BMW,2013,275325,Dizel,Ročni,184,9990,Pravna oseba
Mazda Mazda6,Mazda,2018,146305,Dizel,Avtomatski,175,15490,Pravna oseba
KIA Ceed SW,KIA,2019,110305,Bencin,Ročni,120,11190,Pravna oseba
Peugeot 5008,Peugeot,2019,152452,Dizel,Avtomatski,131,17990,Pravna oseba
Škoda Octavia,Škoda,2021,169719,Dizel,Avtomatski,150,15990,Pravna oseba
Renault Grand Scenic,Renault,2018,141309,Dizel,Ročni,131,12590,Pravna oseba
Hyundai Kona,Hyundai,2021,99516,Dizel,Ročni,136,14790,Pravna oseba
Opel Corsa,Opel,2023,26412,Bencin,Ročni,101,11990,Pravna oseba
Hyundai Tucson,Hyundai,2018,214275,Dizel,Ročni,116,13590,Pravna oseba
Peugeot 508,Peugeot,2020,129332,Dizel,Avtomatski,131,15190,Pravna oseba
Volkswagen Passat Variant,Volkswagen,2015,307123,Dizel,Ročni,150,8190,Pravna oseba
Ford Mustang,Ford,2019,76022,Bencin,Avtomatski,290,33990,Pravna oseba
Škoda Octavia,Škoda,2015,289012,Dizel,Ročni,110,6390,Pravna oseba
Hyundai Kona,Hyundai,2022,115660,Hibrid,Avtomatski,141,16190,Pravna oseba
Audi A6 Avant,Audi,2015,251620,Dizel,Avtomatski,190,13590,Pravna oseba
Peugeot 308,Peugeot,2022,125914,Dizel,Ročni,131,13290,Pravna oseba
Audi A3,Audi,2013,296548,Dizel,Ročni,150,8290,Pravna oseba
Renault Espace,Renault,2020,175574,Dizel,Avtomatski,160,17390,Pravna oseba
Peugeot 2008,Peugeot,2021,115088,Dizel,Avtomatski,131,15490,Pravna oseba
Fiat 500L,Fiat,2015,173973,Dizel,Ročni,84,5990,Pravna oseba
BMW serija 6 Gran Coupe:,BMW,2013,329123,Dizel,Avtomatski,313,16490,Pravna oseba
Seat Altea XL,Seat,2012,242889,Dizel,Ročni,105,3990,Pravna oseba
Peugeot 3008,Peugeot,2018,308588,Dizel,Avtomatski,120,9690,Pravna oseba
Citroën C4 Cactus,Citroën,2018,102278,Bencin,Ročni,131,7690,Pravna oseba
Ford Kuga,Ford,2022,127134,Dizel,Avtomatski,120,17490,Pravna oseba
Peugeot 3008,Peugeot,2022,121312,Dizel,Avtomatski,131,18290,Pravna oseba
Land Rover Range Rover Evoque,Land,2012,242155,Dizel,Avtomatski,150,10990,Pravna oseba
Peugeot 508,Peugeot,2022,124171,Dizel,Avtomatski,131,17690,Pravna oseba
Citroën C4,Citroën,2021,148123,Dizel,Ročni,110,12590,Pravna oseba
Renault Captur,Renault,2021,129298,Bencin,Ročni,91,11590,Pravna oseba
Peugeot Rifter,Peugeot,2020,160376,Dizel,Avtomatski,131,,Pravna oseba
Citroën C4,Citroën,2022,101012,Bencin,Avtomatski,131,13290,Pravna oseba
Citroën C4 Cactus,Citroën,2018,118280,Bencin,Ročni,110,7290,Pravna oseba
Mercedes-Benz B-Razred,Mercedes-Benz,2021,181244,Dizel,Avtomatski,150,17790,Pravna oseba
Citroën C4 SpaceTourer,Citroën,2020,119580,Dizel,Ročni,131,9990,Pravna oseba
Citroën C3 Picasso,Citroën,2011,156455,Bencin,Ročni,95,2990,Pravna oseba
Fiat Sedici,Fiat,2007,207122,Dizel,Ročni,120,3990,Pravna oseba
Citroën C4 Grand SpaceTourer,Citroën,2020,119207,Bencin,Avtomatski,131,10990,Pravna oseba
Jeep Cherokee,Jeep,2018,212018,Dizel,Avtomatski,200,10290,Pravna oseba
KIA Soul,KIA,2013,217304,Dizel,Avtomatski,128,6590,Pravna oseba
Audi A6 Avant,Audi,2016,281113,Dizel,Avtomatski,190,11990,Pravna oseba
Volkswagen Touareg,Volkswagen,2021,138380,Dizel,Avtomatski,286,38990,Pravna oseba
BMW X1,BMW,2025,16112,Bencin,Avtomatski,204,49000,Pravna oseba
KIA PV5 Passenger,KIA,2026,5852,,Avtomatski,163,45990,Pravna oseba
Mercedes-Benz B-Razred,Mercedes-Benz,2021,170530,Dizel,Avtomatski,116,17999,Pravna oseba
Škoda Superb,Škoda,2023,103448,Bencin,Avtomatski,280,31999,Pravna oseba
Volkswagen T-Roc,Volkswagen,2021,113000,Bencin,Ročni,110,16590,Pravna oseba
Audi A1,Audi,2011,215000,Dizel,Ročni,105,4999,Pravna oseba
Ford Transit Courier Furgon,Ford,,,Bencin,Ročni,101,,Pravna oseba
Audi A5 Sportback,Audi,2019,219200,Dizel,Avtomatski,150,23999,Pravna oseba
Seat Leon,Seat,2019,132000,Dizel,Ročni,116,11876,Pravna oseba
MINI Cooper,MINI,2018,66000,Bencin,Ročni,136,14999,Pravna oseba
Seat Leon,Seat,2022,115451,Dizel,Avtomatski,150,15980,Pravna oseba
Renault Twingo,Renault,,,,Avtomatski,82,23360,Pravna oseba
Toyota Avensis,Toyota,2016,403000,Dizel,Ročni,143,4999,Pravna oseba
Porsche Cayenne,Porsche,2017,240080,Dizel,Avtomatski,262,28999,Pravna oseba
Peugeot Traveller,Peugeot,2017,379730,Dizel,Ročni,150,11999,Pravna oseba
Peugeot 308,Peugeot,2015,259011,Dizel,Avtomatski,181,,Pravna oseba
Škoda Roomster,Škoda,2008,300737,Bencin,Ročni,86,1990,Pravna oseba
Audi A7,Audi,2022,112500,Dizel,Avtomatski,204,38900,Pravna oseba
BMW serija 1:,BMW,2023,85000,Dizel,Ročni,116,17366,Pravna oseba
Citroën C4 Aircross,Citroën,2015,192000,Dizel,Ročni,114,6990,Pravna oseba
Dacia Sandero,Dacia,,,Bencin,Ročni,101,13870,Pravna oseba
Ford Tourneo,Ford,2026,2990,Dizel,Avtomatski,170,,Pravna oseba
Ford B-MAX,Ford,2017,73500,Bencin,Ročni,101,6790,Pravna oseba
Geely StarRay,Geely,2024,36655,Bencin,Avtomatski,174,23990,Pravna oseba
SsangYong Musso,SsangYong,2025,39188,Dizel,Ročni,203,24990,Pravna oseba
Mercedes-Benz CLA-Razred,Mercedes-Benz,2020,137000,Dizel,Ročni,116,19897,Pravna oseba
Mercedes-Benz GLC-Razred,Mercedes-Benz,2025,11337,Dizel,Avtomatski,269,58990,Pravna oseba
Mercedes-Benz CLA Shooting Brake,Mercedes-Benz,2022,81000,Bencin,Ročni,136,18977,Pravna oseba
BMW Serija 5,BMW,2018,131000,Dizel,Avtomatski,265,27990,Pravna oseba
Volkswagen Passat,Volkswagen,2015,229430,Dizel,Ročni,120,9995,Pravna oseba
Škoda Karoq,Škoda,2024,90900,Bencin,Avtomatski,150,23499,Pravna oseba
Nissan X-Trail,Nissan,2014,154000,Dizel,Avtomatski,131,9990,Pravna oseba
Mazda CX-30,Mazda,2022,51971,Bencin,Avtomatski,122,21299,Pravna oseba
Volkswagen Passat,Volkswagen,2021,159999,Dizel,Avtomatski,150,17399,Pravna oseba
Mazda CX-3,Mazda,2017,100000,Bencin,Ročni,120,Cena po dogovoru,Pravna oseba
KIA XCeed,KIA,2025,6400,Bencin,Avtomatski,140,23999,Pravna oseba
Škoda Scala,Škoda,2023,120515,Bencin,Ročni,110,12990,Pravna oseba
Mercedes-Benz C-Razred,Mercedes-Benz,2023,37429,Dizel,Avtomatski,163,27990,Pravna oseba
KIA Soul,KIA,2016,81254,,Avtomatski,110,8500,Pravna oseba
Honda Insight,Honda,2009,269000,Bencin,Avtomatski,88,3790,Pravna oseba
Hyundai Tucson,Hyundai,2022,82000,Bencin,Ročni,150,21590,Pravna oseba
Hyundai Tucson,Hyundai,2021,89300,Bencin,Ročni,150,,Pravna oseba
Hyundai Tucson,Hyundai,2021,106000,Bencin,Avtomatski,150,22990,Pravna oseba
Ford Transit Custom,Ford,,19132,Dizel,Ročni,150,36990,Pravna oseba
Hyundai Kona,Hyundai,2019,179000,Bencin,Ročni,120,10590,Pravna oseba
BMW Serija 2,BMW,2015,191840,Dizel,Avtomatski,116,8490,Pravna oseba
Fiat Tipo,Fiat,2019,152800,Bencin,Ročni,95,7590,Pravna oseba
Dacia Sandero,Dacia,2022,100596,Bencin,Ročni,91,8990,Pravna oseba
Renault Mégane,Renault,2018,45013,Bencin,Ročni,101,8990,Pravna oseba
Citroën C5 Aircross,Citroën,2021,148000,Hibrid,Avtomatski,181,15990,Pravna oseba
Changan CS75 Plus,Changan,,,Bencin,Avtomatski,181,,Pravna oseba
Changan CS75 Plus,Changan,,,Bencin,Avtomatski,181,,Pravna oseba
Hyundai i30,Hyundai,2024,44055,Bencin,Ročni,101,15990,Pravna oseba
Renault TRAFIC,Renault,2006,107000,Dizel,Ročni,101,10990,Pravna oseba
Changan CS75 Plus,Changan,,,Bencin,Avtomatski,181,,Pravna oseba
Changan CS55 Plus,Changan,,,Bencin,Avtomatski,181,,Pravna oseba
Changan CS55 Plus,Changan,,,Bencin,Avtomatski,181,,Pravna oseba
Changan CS55 Plus,Changan,,,Bencin,Avtomatski,181,,Pravna oseba
BMW serija 6 Cabrio:,BMW,2011,74000,Bencin,Avtomatski,320,,Pravna oseba
BMW Serija 3,BMW,2016,274000,Dizel,Ročni,163,5990,Pravna oseba
Mercedes-Benz S-Razred,Mercedes-Benz,2014,486879,Dizel,Avtomatski,258,,Pravna oseba
Mercedes-Benz GLB-Razred,Mercedes-Benz,2021,167611,Dizel,Avtomatski,116,21980,Pravna oseba
Mercedes-Benz C-Razred,Mercedes-Benz,2017,205311,Hibrid,Avtomatski,211,17480,Pravna oseba
Mercedes-Benz GLC-Razred,Mercedes-Benz,2017,131000,Dizel,Avtomatski,204,24980,Pravna oseba
Volkswagen Golf Variant,Volkswagen,2019,202525,Dizel,Ročni,116,9980,Pravna oseba
Audi A6 Avant,Audi,2015,258630,Dizel,Avtomatski,320,16995,Pravna oseba
KIA XCeed,KIA,2023,77000,Bencin,Avtomatski,159,19350,Pravna oseba
Peugeot 308,Peugeot,2017,170132,Bencin,Ročni,131,4980,Pravna oseba
Ford Fiesta,Ford,2016,165213,Bencin,Ročni,82,5980,Pravna oseba
Citroën C4 Grand Picasso,Citroën,2015,196969,Dizel,Ročni,150,6980,Pravna oseba
Citroën C4 Cactus,Citroën,2016,149765,Bencin,Ročni,82,4980,Pravna oseba
Mercedes-Benz GLC-Razred,Mercedes-Benz,2020,186030,Dizel,Avtomatski,170,19999,Pravna oseba
Mercedes-Benz CLA Shooting Brake,Mercedes-Benz,2020,190610,Dizel,Ročni,116,14999,Pravna oseba
Hyundai Elantra,Hyundai,2013,220000,Bencin,Ročni,132,6499,Pravna oseba
BMW serija X5:,BMW,2016,210000,Dizel,Avtomatski,258,19999,Pravna oseba
BMW serija 5 Touring:,BMW,2018,231000,Dizel,Ročni,190,14999,Pravna oseba
BMW serija 1:,BMW,2022,31000,Bencin,Avtomatski,265,31999,Pravna oseba
Volvo S90,Volvo,2022,66648,Dizel,Avtomatski,235,37983,Pravna oseba
Ford C-MAX,Ford,2019,120000,Bencin,Ročni,125,8990,Fizična oseba
Škoda Superb,Škoda,2021,119800,Dizel,Avtomatski,122,16990,Pravna oseba
KIA Sportage,KIA,2025,16000,Bencin,Avtomatski,150,28650,Fizična oseba
Audi A4,Audi,2016,222000,Bencin,Ročni,150,12850,Pravna oseba
Volkswagen Passat Variant,Volkswagen,2016,261000,Dizel,Ročni,150,7950,Pravna oseba
Audi Q3,Audi,2017,243000,Dizel,Ročni,120,11850,Pravna oseba
Audi A5 Sportback,Audi,2012,369000,Dizel,Avtomatski,136,6850,Pravna oseba
Citroën C5,Citroën,2007,245000,Dizel,Ročni,170,600,Pravna oseba
Volkswagen Caddy,Volkswagen,2025,756,Dizel,Ročni,102,Cena po dogovoru,Pravna oseba
Citroën C3,Citroën,2020,132000,Bencin,Ročni,83,7495,Fizična oseba
Citroën DS3,Citroën,2011,275800,Dizel,Ročni,92,3500,Fizična oseba
Volkswagen Golf,Volkswagen,2018,60516,Bencin,Ročni,131,17990,Fizična oseba
BMW Serija 3,BMW,2020,134000,Bencin,Avtomatski,156,22990,Fizična oseba
Ford Focus,Ford,2011,320000,Dizel,Ročni,116,3290,Fizična oseba
Audi A4,Audi,2011,190749,Dizel,Avtomatski,239,9750,Pravna oseba
Citroën C3,Citroën,2019,146400,Bencin,Ročni,83,7490,Pravna oseba
BMW Serija 3,BMW,2020,211515,Dizel,Avtomatski,190,19990,Pravna oseba
Mercedes-Benz C-Razred,Mercedes-Benz,2017,237156,Dizel,Avtomatski,116,11000,Fizična oseba
Volkswagen Passat,Volkswagen,2016,149900,Dizel,Avtomatski,150,13900,Fizična oseba
Audi e-tron,Audi,2019,241336,,,408,18900,Fizična oseba
Mercedes-Benz GLC-Razred,Mercedes-Benz,2016,261794,Dizel,Avtomatski,204,16490,Pravna oseba
Peugeot 2008,Peugeot,2014,250000,Dizel,Avtomatski,92,3500,Pravna oseba
Mazda CX-5,Mazda,2024,35000,Dizel,Avtomatski,184,36260,Fizična oseba
Hyundai Bayon,Hyundai,2025,13000,Bencin,Ročni,79,Cena po dogovoru,Pravna oseba
BMW Serija 1,BMW,2023,86000,Bencin,Avtomatski,136,19800,Pravna oseba
Hyundai Tucson,Hyundai,2015,105000,Bencin,Ročni,132,9990,Pravna oseba
Škoda Kamiq,Škoda,2022,144413,Bencin,Ročni,110,11990,Pravna oseba
Renault Koleos,Renault,2021,194043,Dizel,Avtomatski,184,16490,Pravna oseba
Opel Corsa,Opel,2022,20870,Bencin,Ročni,75,10990,Pravna oseba
Mercedes-Benz GLE-Razred,Mercedes-Benz,2020,197636,Dizel,Avtomatski,272,40990,Pravna oseba
Hyundai Tucson,Hyundai,2019,199000,Bencin,Avtomatski,177,13490,Pravna oseba
Audi Q8,Audi,2019,184845,Dizel,Avtomatski,286,40990,Pravna oseba
Ford Mustang,Ford,,90147,,Avtomatski,,31990,Pravna oseba
Audi A4,Audi,2023,143000,Dizel,Avtomatski,163,16999,Pravna oseba
Mercedes-Benz E-Razred,Mercedes-Benz,2014,338120,Dizel,Avtomatski,136,Cena po dogovoru,Pravna oseba
Citroën C3,Citroën,2018,138769,Bencin,Ročni,82,4990,Pravna oseba
Mazda CX-80,Mazda,2024,21572,Hibrid,Ročni,328,46990,Pravna oseba
BMW X3,BMW,2025,11027,Bencin,Avtomatski,381,69990,Pravna oseba
DS DS 9,DS,2023,8586,Bencin,Avtomatski,224,31990,Pravna oseba
Ford C-MAX,Ford,2018,160417,Bencin,Ročni,125,6990,Pravna oseba
Audi A6,Audi,2013,376000,Dizel,Avtomatski,181,6090,Fizična oseba
Volkswagen Golf,Volkswagen,2012,208137,Dizel,Ročni,105,4850,Pravna oseba
Volkswagen Passat,Volkswagen,2016,201654,Dizel,Avtomatski,150,8950,Pravna oseba
Ford Focus,Ford,2018,105000,Bencin,Ročni,349,31990,Pravna oseba
Mercedes-Benz CLS-Razred,Mercedes-Benz,2006,195000,Dizel,Avtomatski,211,7000,Fizična oseba
BMW X1,BMW,2019,173000,Dizel,Avtomatski,190,19990,Pravna oseba
Citroën C5,Citroën,2019,91874,Bencin,Ročni,131,10890,Pravna oseba
BMW M3,BMW,2023,53000,Bencin,Avtomatski,510,81990,Pravna oseba
BMW Serija 3,BMW,2013,319486,Dizel,Avtomatski,143,4980,Pravna oseba
Citroën C4,Citroën,2009,126585,Bencin,Ročni,120,Cena po dogovoru,Pravna oseba
Ford Tourneo,Ford,,,Dizel,Avtomatski,170,,Pravna oseba
Volkswagen Transporter,Volkswagen,2019,178140,Dizel,Ročni,102,15950,Pravna oseba
Peugeot Expert,Peugeot,2024,34,,Avtomatski,136,34148,Pravna oseba
Ford Transit,Ford,,,,Avtomatski,218,Cena po dogovoru,Pravna oseba
Ford Transit,Ford,,,,Avtomatski,136,Cena po dogovoru,Pravna oseba
Ford Transit,Ford,,,,Avtomatski,184,Cena po dogovoru,Pravna oseba
Ford Tourneo,Ford,,,,Avtomatski,218,Cena po dogovoru,Pravna oseba
Ford Transit,Ford,,,,Avtomatski,136,Cena po dogovoru,Pravna oseba
DS DS 3 Crossback,DS,2022,74500,Bencin,Avtomatski,131,12999,Pravna oseba
Ford Transit,Ford,,,,Avtomatski,218,Cena po dogovoru,Pravna oseba
Ford Transit,Ford,,,,Avtomatski,136,Cena po dogovoru,Pravna oseba
Volkswagen Caddy,Volkswagen,2019,251250,Dizel,Ročni,102,14999,Pravna oseba
Ford Tourneo,Ford,,,,Avtomatski,218,Cena po dogovoru,Pravna oseba
Ford Transit,Ford,,,,Avtomatski,218,Cena po dogovoru,Pravna oseba
Ford Explorer,Ford,,,,Avtomatski,170,Cena po dogovoru,Pravna oseba
Volkswagen Golf,Volkswagen,2017,193650,Bencin,Avtomatski,245,16995,Pravna oseba
Volvo XC40,Volvo,2019,231000,Dizel,Avtomatski,150,14500,Pravna oseba
Volkswagen Golf,Volkswagen,2022,117000,Dizel,Ročni,116,16990,Pravna oseba
Škoda Kodiaq,Škoda,2025,44000,Dizel,Avtomatski,193,39490,Pravna oseba
Opel Insignia,Opel,2015,228620,Dizel,Ročni,136,5995,Pravna oseba
Suzuki Ignis,Suzuki,2023,54000,Bencin,Ročni,83,14490,Pravna oseba
Volkswagen T-Roc,Volkswagen,2022,145000,Dizel,Avtomatski,150,18990,Pravna oseba
Škoda Kodiaq,Škoda,2022,196000,Bencin,Ročni,150,17700,Pravna oseba
Opel Mokka,Opel,2014,162420,Bencin,Ročni,140,6950,Pravna oseba
Volkswagen Sharan,Volkswagen,2020,195100,Dizel,Avtomatski,150,,Pravna oseba
Opel Zafira,Opel,2013,236299,Dizel,Ročni,110,4990,Pravna oseba
Citroën C4,Citroën,2021,66869,Bencin,Ročni,131,11990,Pravna oseba
Opel Mokka,Opel,2013,186149,Dizel,Ročni,131,7450,Pravna oseba
Volkswagen Passat,Volkswagen,2020,174216,Dizel,Avtomatski,120,,Pravna oseba
Volkswagen Golf,Volkswagen,2014,198374,Bencin,Ročni,220,13990,Pravna oseba
Volkswagen Golf,Volkswagen,2018,181402,Bencin,Avtomatski,230,,Pravna oseba
Škoda Octavia,Škoda,2015,292731,Dizel,Avtomatski,110,5990,Pravna oseba
Citroën DS3,Citroën,2011,214213,Bencin,Ročni,156,,Pravna oseba
Peugeot 5008,Peugeot,2025,21992,Dizel,Avtomatski,131,,Pravna oseba
Škoda Octavia,Škoda,2020,158160,Bencin,Ročni,110,13750,Pravna oseba
Ford Ranger,Ford,2021,124252,Dizel,Avtomatski,212,,Pravna oseba
Seat Altea XL,Seat,2015,216930,Bencin,Ročni,105,4900,Pravna oseba
Volkswagen Golf,Volkswagen,1982,86744,Bencin,Ročni,65,4990,Pravna oseba
Volkswagen Golf,Volkswagen,2022,134000,Dizel,Ročni,116,15990,Pravna oseba
Renault Clio,Renault,2011,106555,Bencin,Ročni,75,,Pravna oseba
Volkswagen Sharan,Volkswagen,2014,262116,Dizel,Ročni,177,8850,Pravna oseba
Peugeot 308,Peugeot,2023,150844,Dizel,Avtomatski,131,12990,Pravna oseba
Citroën C4,Citroën,2021,190823,Dizel,Avtomatski,131,11950,Pravna oseba
Mercedes-Benz A-Razred,Mercedes-Benz,2014,105269,Bencin,Avtomatski,360,,Pravna oseba
Volkswagen T-Roc,Volkswagen,2019,168496,Dizel,Ročni,116,,Pravna oseba
Audi Q2,Audi,2024,23036,Bencin,Ročni,110,21550,Pravna oseba
Peugeot 208,Peugeot,2016,140200,Bencin,Ročni,110,6450,Pravna oseba
Audi A4,Audi,2019,294528,Dizel,Avtomatski,150,13750,Pravna oseba
Renault Scénic,Renault,2014,197893,Dizel,Ročni,110,,Pravna oseba
Citroën C4 Cactus,Citroën,2019,149875,Bencin,Ročni,110,6450,Pravna oseba
Volkswagen Golf,Volkswagen,2013,260654,Dizel,Ročni,150,9350,Pravna oseba
Fiat Panda,Fiat,2022,119312,Bencin,Ročni,69,10850,Pravna oseba
Alfa Romeo Stelvio,Alfa,2017,178441,Dizel,Avtomatski,179,14990,Pravna oseba
Fiat Freemont,Fiat,2014,251132,Dizel,Avtomatski,170,6950,Pravna oseba
Volkswagen Passat,Volkswagen,2018,161622,Dizel,Avtomatski,150,15990,Pravna oseba
MINI Countryman,MINI,2013,192351,Bencin,Avtomatski,218,9990,Pravna oseba
Volkswagen Golf,Volkswagen,2014,242014,Dizel,Ročni,150,9450,Pravna oseba
Renault Kadjar,Renault,2017,73101,Dizel,Ročni,110,11850,Pravna oseba
Volkswagen Tiguan,Volkswagen,2014,214984,Dizel,Ročni,140,10990,Pravna oseba
Peugeot 3008,Peugeot,2012,251199,Dizel,Ročni,111,,Pravna oseba
Nissan Juke,Nissan,2011,210629,Dizel,Ročni,110,4490,Pravna oseba
Mercedes-Benz A-Razred,Mercedes-Benz,2021,188092,Dizel,Avtomatski,116,17450,Pravna oseba
Škoda Scala,Škoda,2022,168230,Bencin,Ročni,110,12850,Pravna oseba
Škoda Karoq,Škoda,2021,168490,Bencin,Ročni,110,13990,Pravna oseba
Renault Mégane,Renault,2014,158265,Bencin,Ročni,116,4990,Pravna oseba
Hyundai i30 Fastback,Hyundai,2019,62543,Bencin,Ročni,275,21950,Pravna oseba
Renault Clio,Renault,2026,133,Bencin,Avtomatski,109,23990,Pravna oseba
Ford Fiesta,Ford,2019,126804,Dizel,Ročni,86,7999,Pravna oseba
Opel Mokka,Opel,2016,106989,Dizel,Ročni,136,8450,Pravna oseba
Volkswagen Passat,Volkswagen,2020,265069,Dizel,Avtomatski,190,10950,Pravna oseba
Dacia Sandero,Dacia,2019,73441,Bencin,Ročni,90,7990,Pravna oseba
KIA Ceed,KIA,2015,202897,Dizel,Ročni,128,5690,Pravna oseba
Peugeot 308,Peugeot,2022,159423,Bencin,Ročni,110,9990,Pravna oseba
Audi A6,Audi,2013,295797,Dizel,Ročni,204,8850,Pravna oseba
Fiat Punto,Fiat,2008,279441,Bencin,Ročni,75,1299,Pravna oseba
Renault Scénic,Renault,2014,290894,Dizel,Ročni,131,3990,Pravna oseba
Audi Q2,Audi,2017,180121,Dizel,Avtomatski,150,,Pravna oseba
Renault Captur,Renault,2021,146124,Dizel,Ročni,95,,Pravna oseba
BMW Serija 3,BMW,2017,255773,Dizel,Avtomatski,136,,Pravna oseba
Škoda Octavia,Škoda,2017,286835,Dizel,Ročni,90,,Pravna oseba
Volkswagen Golf,Volkswagen,2016,209848,Dizel,Ročni,110,10950,Pravna oseba
Renault Twingo,Renault,2017,83897,Bencin,Ročni,69,5950,Pravna oseba
Volkswagen Touran,Volkswagen,2016,266538,Dizel,Ročni,110,8450,Pravna oseba
Audi A4,Audi,2023,89990,Dizel,Avtomatski,204,,Pravna oseba
Renault Captur,Renault,2018,99242,Bencin,Ročni,90,9990,Pravna oseba
Volkswagen Arteon Shooting Brake,Volkswagen,2023,82184,Dizel,Avtomatski,150,25780,Pravna oseba
BMW Serija 5,BMW,2014,299855,Dizel,Ročni,190,8450,Pravna oseba
BMW Serija 1,BMW,2019,231553,Bencin,Ročni,109,,Pravna oseba
Audi A3,Audi,2013,320885,Dizel,Ročni,105,6450,Pravna oseba
Mercedes-Benz E-Razred,Mercedes-Benz,2022,21628,Bencin,Avtomatski,258,,Pravna oseba
Škoda Octavia,Škoda,2018,141978,Dizel,Avtomatski,150,13250,Pravna oseba
Toyota Avensis,Toyota,2016,215089,Dizel,Ročni,111,7790,Pravna oseba
Ford C-MAX,Ford,2015,276524,Dizel,Avtomatski,116,3990,Pravna oseba
Renault Laguna,Renault,2006,258680,Dizel,Ročni,120,,Pravna oseba
Suzuki Jimny,Suzuki,2017,141222,Bencin,Ročni,86,,Pravna oseba
Mercedes-Benz A-Razred,Mercedes-Benz,2021,113053,Dizel,Avtomatski,116,19990,Pravna oseba
Mercedes-Benz A-Razred,Mercedes-Benz,2022,47565,Bencin,Avtomatski,163,24850,Pravna oseba
Dacia Duster,Dacia,2013,299522,Dizel,Ročni,110,4990,Pravna oseba
Opel Zafira,Opel,2012,299588,Dizel,Ročni,125,2350,Pravna oseba
Mercedes-Benz GLB-Razred,Mercedes-Benz,2021,138598,Dizel,Avtomatski,116,,Pravna oseba
BMW Serija 3,BMW,2013,319486,Dizel,Avtomatski,143,4980,Pravna oseba
KIA Sportage,KIA,2020,198000,Dizel,Ročni,116,11850,Pravna oseba
Volkswagen Transporter,Volkswagen,2007,311378,Dizel,Avtomatski,131,3990,Pravna oseba
Ford Transit,Ford,,,,Avtomatski,184,Cena po dogovoru,Pravna oseba
Ford Tourneo,Ford,,,,Avtomatski,136,Cena po dogovoru,Pravna oseba
Opel Movano,Opel,2024,45554,Dizel,Ročni,140,24990,Pravna oseba
Volkswagen Tiguan,Volkswagen,2018,169000,Bencin,Ročni,125,15898,Pravna oseba
Volkswagen Caddy,Volkswagen,2017,184700,Dizel,Avtomatski,150,13990,Pravna oseba
Mercedes-Benz E-Razred,Mercedes-Benz,2025,12216,Hibrid,Avtomatski,585,83990,Pravna oseba
Volvo S90,Volvo,2018,209320,Dizel,Avtomatski,190,16995,Pravna oseba
Volkswagen Passat,Volkswagen,2015,308000,Dizel,Avtomatski,150,9990,Pravna oseba
BMW serija 2 Gran Tourer:,BMW,2017,290000,Dizel,Ročni,116,5999,Pravna oseba
BMW serija 1:,BMW,2020,99930,Bencin,Avtomatski,306,31999,Pravna oseba
Škoda Octavia,Škoda,2022,136000,Dizel,Avtomatski,150,18490,Pravna oseba
BMW serija 1:,BMW,2016,240045,Dizel,Ročni,116,9999,Pravna oseba
Renault Scénic,Renault,2010,266590,Dizel,Ročni,106,,Pravna oseba
Mercedes-Benz B-Razred,Mercedes-Benz,2021,108400,Dizel,Avtomatski,116,19599,Pravna oseba
Audi A4 Avant,Audi,2016,250920,Dizel,Avtomatski,190,15999,Pravna oseba
BMW Serija 3,BMW,2025,11885,Bencin,Avtomatski,245,49990,Pravna oseba
Škoda Octavia,Škoda,2023,112610,Dizel,Avtomatski,150,18980,Pravna oseba
Audi A4,Audi,2006,256900,Dizel,Ročni,116,1999,Pravna oseba
Audi Q7,Audi,2020,179899,Hibrid,Avtomatski,340,,Pravna oseba
Fiat 500,Fiat,2023,19030,Bencin,Ročni,69,,Pravna oseba
BMW serija X1:,BMW,2022,149900,Dizel,Ročni,116,16588,Pravna oseba
Volkswagen Tiguan,Volkswagen,2020,150000,Dizel,Avtomatski,150,17500,Pravna oseba
SsangYong Tivoli,SsangYong,2020,1,Bencin,Ročni,163,Cena po dogovoru,Pravna oseba
Volkswagen Sharan,Volkswagen,2006,336626,Dizel,Ročni,140,1349,Pravna oseba
KIA XCeed,KIA,2025,10692,Bencin,Ročni,140,22490,Pravna oseba
BMW Serija 3,BMW,2021,92121,Hibrid,Avtomatski,163,21900,Pravna oseba
Škoda Octavia,Škoda,2017,238000,Dizel,Ročni,116,9850,Pravna oseba
Volkswagen Tiguan,Volkswagen,2014,192000,Dizel,Ročni,110,9850,Pravna oseba
Audi A5,Audi,2021,159456,Bencin,Avtomatski,150,21900,Pravna oseba
Volkswagen Arteon,Volkswagen,2019,218000,Dizel,Avtomatski,150,17850,Pravna oseba
Volkswagen Arteon,Volkswagen,2018,198000,Dizel,Avtomatski,150,20850,Pravna oseba
Opel Mokka,Opel,2016,160000,Dizel,Ročni,110,7950,Pravna oseba
Mercedes-Benz C-Razred,Mercedes-Benz,2019,209000,Dizel,Avtomatski,194,16950,Pravna oseba
Mercedes-Benz C-Razred,Mercedes-Benz,2018,256000,Dizel,Avtomatski,204,16950,Pravna oseba
Mercedes-Benz GLB-Razred,Mercedes-Benz,2021,144418,Dizel,Avtomatski,150,23990,Pravna oseba
Volkswagen Passat Variant,Volkswagen,2011,230949,Dizel,Ročni,105,4999,Pravna oseba
BMW Serija 2,BMW,2023,152241,Dizel,Avtomatski,150,18750,Pravna oseba
Volkswagen T-Roc,Volkswagen,2022,31298,Bencin,Avtomatski,150,23500,Pravna oseba
Citroën C3 Aircross,Citroën,2024,27325,Bencin,Ročni,110,,Pravna oseba
Volvo XC60,Volvo,2016,249000,Dizel,Avtomatski,190,11500,Pravna oseba
Ford Mondeo,Ford,2015,229000,Dizel,Avtomatski,150,4500,Pravna oseba
KIA Sportage,KIA,2017,92489,Bencin,Ročni,132,10990,Pravna oseba
Citroën C5 Aircross,Citroën,2022,124000,Dizel,Avtomatski,131,13999,Pravna oseba
Seat Arona,Seat,2022,138795,Bencin,Ročni,110,11495,Pravna oseba
Renault Clio,Renault,2021,147000,Bencin,Ročni,91,8980,Pravna oseba
Ford Focus,Ford,2017,249892,Bencin,Ročni,125,4990,Pravna oseba
BMW X1,BMW,2021,155000,Dizel,Avtomatski,150,17300,Pravna oseba
BMW Serija 3,BMW,2022,150000,Dizel,Avtomatski,190,17999,Pravna oseba
BMW Serija 3,BMW,2022,122000,Dizel,Avtomatski,150,18500,Pravna oseba
Mercedes-Benz CLA-Razred,Mercedes-Benz,2018,245000,Dizel,Avtomatski,177,11500,Pravna oseba
Volkswagen Passat,Volkswagen,2020,178000,Dizel,Avtomatski,150,14590,Pravna oseba
Mercedes-Benz GLB-Razred,Mercedes-Benz,2022,139500,Dizel,Avtomatski,150,26999,Pravna oseba
BMW serija 5 Touring:,BMW,2017,360050,Dizel,Avtomatski,265,15999,Pravna oseba
Hyundai i30,Hyundai,2021,44755,Bencin,Ročni,280,27490,Pravna oseba
Škoda Superb,Škoda,2016,282000,Dizel,Avtomatski,150,11990,Pravna oseba
Ford Fiesta,Ford,2009,177000,Bencin,Ročni,82,2750,Pravna oseba
Mazda Mazda3,Mazda,2021,66035,Bencin,Avtomatski,122,18499,Pravna oseba
Škoda Karoq,Škoda,2022,114400,Bencin,Avtomatski,150,18899,Pravna oseba
Škoda Superb,Škoda,2022,150000,Dizel,Avtomatski,150,21499,Pravna oseba
Changan CS75 Plus,Changan,,,Bencin,Avtomatski,181,,Pravna oseba
Mazda CX-30,Mazda,2021,85751,Bencin,Avtomatski,122,,Pravna oseba
Volvo XC40,Volvo,2022,66293,Bencin,Avtomatski,163,25699,Pravna oseba
Ford S-MAX,Ford,2020,149347,Dizel,Avtomatski,150,15999,Pravna oseba
Volvo XC40,Volvo,2020,113738,Dizel,Ročni,150,,Pravna oseba
Volkswagen Arteon,Volkswagen,2021,122336,Dizel,Avtomatski,150,,Pravna oseba
Hyundai Tucson,Hyundai,2023,108690,Dizel,Avtomatski,136,21199,Pravna oseba
Hyundai Tucson,Hyundai,2021,117010,Dizel,Avtomatski,136,,Pravna oseba
Volvo V60,Volvo,2021,118661,Dizel,Avtomatski,197,20699,Pravna oseba
Hyundai Tucson,Hyundai,2022,85390,Dizel,Avtomatski,136,26199,Pravna oseba
Peugeot 5008,Peugeot,2020,146396,Dizel,Avtomatski,177,,Pravna oseba
Volvo XC60,Volvo,2023,83900,Dizel,Avtomatski,197,37499,Pravna oseba
Volvo XC60,Volvo,2022,56087,Dizel,Avtomatski,197,38999,Pravna oseba
Volvo V60,Volvo,2021,118254,Dizel,Ročni,150,18699,Pravna oseba
Mercedes-Benz C-Razred,Mercedes-Benz,2019,111700,Dizel,Avtomatski,122,21999,Pravna oseba
Škoda Superb,Škoda,2022,110480,Dizel,Avtomatski,200,25199,Pravna oseba
Škoda Octavia,Škoda,2021,126259,Dizel,Avtomatski,150,19999,Pravna oseba
BMW Serija 2,BMW,2015,175163,Dizel,Avtomatski,150,,Pravna oseba
Suzuki Vitara,Suzuki,2023,72584,Bencin,Ročni,129,,Pravna oseba
KIA Sportage,KIA,2022,114815,Dizel,Avtomatski,136,,Pravna oseba
Volkswagen Passat,Volkswagen,2020,143654,Dizel,Ročni,150,16599,Pravna oseba
Volkswagen Arteon,Volkswagen,2021,125000,Dizel,Avtomatski,150,,Pravna oseba
Škoda Superb,Škoda,2021,157874,Dizel,Avtomatski,200,,Pravna oseba
Opel Insignia,Opel,2020,87072,Dizel,Ročni,122,,Pravna oseba
Renault Espace,Renault,2023,143162,Dizel,Avtomatski,160,21999,Pravna oseba
Mercedes-Benz C-Razred,Mercedes-Benz,2023,116143,Dizel,Avtomatski,163,25900,Pravna oseba
KIA Sportage,KIA,2022,94020,Dizel,Ročni,136,,Pravna oseba
Škoda Kodiaq,Škoda,2023,119915,Bencin,Avtomatski,150,26599,Pravna oseba
Hyundai Tucson,Hyundai,2022,130643,Dizel,Avtomatski,136,19999,Pravna oseba
Seat Leon,Seat,2022,51530,Dizel,Ročni,116,19799,Pravna oseba
Mercedes-Benz SL-Razred,Mercedes-Benz,2023,29964,Bencin,Avtomatski,585,,Pravna oseba
Peugeot 508,Peugeot,2021,97718,Dizel,Avtomatski,131,,Pravna oseba
Volkswagen Tiguan,Volkswagen,2022,99800,Dizel,Ročni,150,23799,Pravna oseba
Hyundai i30 Wagon,Hyundai,2021,139126,Dizel,Ročni,116,,Pravna oseba
Suzuki Vitara,Suzuki,2023,70226,Bencin,Ročni,129,,Pravna oseba
Changan CS75 Plus,Changan,,,Bencin,Avtomatski,181,,Pravna oseba
Mercedes-Benz A-Razred,Mercedes-Benz,2008,154000,Bencin,Ročni,95,2850,Pravna oseba
Peugeot 3008,Peugeot,2021,90679,Dizel,Ročni,131,16699,Pravna oseba
Škoda Superb,Škoda,2022,147140,Dizel,Avtomatski,150,,Pravna oseba
Suzuki Vitara,Suzuki,2023,51190,Bencin,Ročni,129,17399,Pravna oseba
Škoda Octavia,Škoda,2020,146913,Dizel,Avtomatski,150,14599,Pravna oseba
Volkswagen Arteon,Volkswagen,2022,127100,Dizel,Avtomatski,150,28499,Pravna oseba
Renault Espace,Renault,2019,133145,Dizel,Avtomatski,160,17999,Pravna oseba
Škoda Karoq,Škoda,2024,90900,Bencin,Avtomatski,150,23499,Pravna oseba
Volvo XC90,Volvo,2022,93905,Dizel,Avtomatski,235,38990,Pravna oseba
Peugeot 3008,Peugeot,2021,88004,Dizel,Avtomatski,131,18899,Pravna oseba
Peugeot 5008,Peugeot,2022,159000,Dizel,Avtomatski,177,22490,Pravna oseba
Changan CS55 Plus,Changan,,,Bencin,Avtomatski,181,,Pravna oseba
Škoda Kodiaq,Škoda,2022,113700,Dizel,Avtomatski,200,28899,Pravna oseba
Volvo V60,Volvo,2019,137375,Dizel,Ročni,150,16399,Pravna oseba
Volkswagen Passat,Volkswagen,2021,159999,Dizel,Avtomatski,150,17399,Pravna oseba
Mercedes-Benz S-Razred,Mercedes-Benz,,,Dizel,Avtomatski,313,201499,Pravna oseba
Changan CS55 Plus,Changan,,,Bencin,Avtomatski,181,,Pravna oseba
Suzuki Vitara,Suzuki,2022,85058,Bencin,Avtomatski,116,,Pravna oseba
Volkswagen Passat,Volkswagen,2008,231560,Dizel,Ročni,140,,Pravna oseba
Changan Deepal S05,Changan,2026,12000,,Avtomatski,272,43990,Pravna oseba
Mazda CX-30,Mazda,2022,70285,Bencin,Avtomatski,122,20399,Pravna oseba
BMW Serija 4,BMW,2022,59876,Bencin,Avtomatski,184,35999,Pravna oseba
Hyundai Tucson,Hyundai,2022,112886,Dizel,Avtomatski,136,20799,Pravna oseba
Mercedes-Benz S-Razred,Mercedes-Benz,,,Dizel,Avtomatski,313,199000,Pravna oseba
Seat Leon,Seat,2020,45807,Bencin,Ročni,110,15000,Pravna oseba
BMW X6,BMW,2022,95890,Dizel,Avtomatski,340,,Pravna oseba
BMW Serija 7,BMW,2024,46011,Dizel,Avtomatski,299,,Pravna oseba
BMW M3,BMW,2024,4127,Bencin,Avtomatski,551,173600,Pravna oseba
Mercedes-Benz SL-Razred,Mercedes-Benz,1984,118779,Bencin,Avtomatski,185,19999,Pravna oseba
Mercedes-Benz G-Razred,Mercedes-Benz,,,Bencin,Avtomatski,585,304990,Pravna oseba
Porsche 911,Porsche,2021,29478,Bencin,Avtomatski,385,,Pravna oseba
Opel Zafira,Opel,,,Dizel,Avtomatski,179,34159,Pravna oseba
Opel Mokka,Opel,,,Bencin,Avtomatski,131,23999,Pravna oseba
Nissan X-Trail,Nissan,2020,149000,Dizel,Avtomatski,150,16999,Pravna oseba
Citroën C4,Citroën,2016,121000,Bencin,Ročni,131,4999,Pravna oseba
Opel Astra,Opel,2012,172915,Dizel,Ročni,110,2999,Pravna oseba
Tesla Model Y,Tesla,2024,28335,,Avtomatski,351,39999,Pravna oseba
Opel Corsa,Opel,2009,206000,Bencin,Ročni,80,499,Pravna oseba
Opel Crossland,Opel,2023,44902,Bencin,Ročni,110,11499,Pravna oseba
Opel Frontera,Opel,,,,Avtomatski,113,29499,Pravna oseba
Dacia Sandero,Dacia,2020,101268,Bencin,Ročni,73,6599,Pravna oseba
BMW serija 2 Gran Coupe:,BMW,2022,98059,Bencin,Ročni,136,18999,Pravna oseba
Citroën C3,Citroën,2022,45936,Bencin,Ročni,83,9499,Pravna oseba
Peugeot 2008,Peugeot,2022,48293,Bencin,Ročni,101,12999,Pravna oseba
Peugeot 3008,Peugeot,2022,87803,Dizel,Avtomatski,131,16999,Pravna oseba
Volkswagen Golf,Volkswagen,2022,127000,Dizel,Avtomatski,116,14999,Pravna oseba
Nissan Juke,Nissan,2022,79511,Bencin,Ročni,114,13999,Pravna oseba
Opel Grandland X,Opel,2020,119854,Bencin,Ročni,131,10999,Pravna oseba
Opel Meriva,Opel,2010,159591,Bencin,Ročni,120,3499,Pravna oseba
Opel Astra,Opel,2015,287504,Dizel,Ročni,136,2999,Pravna oseba
Opel Corsa,Opel,2018,58998,Bencin,Ročni,150,9499,Pravna oseba
KIA Sportage,KIA,2021,39375,Dizel,Ročni,136,17499,Pravna oseba
Opel Insignia,Opel,2011,362000,Dizel,Ročni,160,1499,Pravna oseba
Opel Zafira,Opel,2015,81368,Dizel,Ročni,131,9999,Pravna oseba
Opel Meriva,Opel,2005,177579,Bencin,Ročni,90,359,Pravna oseba
Opel Astra,Opel,2017,105000,Bencin,Ročni,150,9999,Pravna oseba
Opel Zafira,Opel,,,Dizel,Avtomatski,179,35999,Pravna oseba
Citroën Berlingo,Citroën,2017,168000,Dizel,Ročni,99,8999,Pravna oseba
Volkswagen Passat,Volkswagen,2022,175958,Dizel,Avtomatski,122,15999,Pravna oseba
Opel Astra,Opel,2017,215000,Dizel,Ročni,110,5899,Pravna oseba
Ford Mondeo,Ford,2010,316000,Dizel,Ročni,163,1759,Pravna oseba
Renault Clio,Renault,2019,73179,Bencin,Ročni,76,7990,Pravna oseba
Nissan Qashqai,Nissan,2019,65000,Bencin,Ročni,140,14999,Pravna oseba
Opel Corsa,Opel,2013,96000,Bencin,Ročni,101,3999,Pravna oseba
Opel Crossland,Opel,2024,16000,Bencin,Ročni,110,14799,Pravna oseba
Mercedes-Benz C-Razred,Mercedes-Benz,2016,257000,Dizel,Ročni,136,9999,Pravna oseba
Opel Crossland,Opel,2023,15000,Bencin,Ročni,110,12599,Pravna oseba
BMW Serija 2,BMW,2018,232000,Dizel,Ročni,150,7499,Pravna oseba
Opel Corsa,Opel,,,Bencin,Ročni,101,Cena po dogovoru,Pravna oseba
Opel Astra,Opel,2016,35285,Bencin,Ročni,150,12999,Pravna oseba
BMW X2,BMW,2018,192000,Dizel,Avtomatski,190,15999,Pravna oseba
Opel Corsa,Opel,,,Bencin,Ročni,101,15979,Pravna oseba
Opel Corsa,Opel,2016,191025,Dizel,Ročni,75,4799,Pravna oseba
Opel Crossland,Opel,2023,26500,Bencin,Ročni,110,13499,Pravna oseba
Citroën Berlingo,Citroën,2017,189553,Dizel,Avtomatski,99,9999,Pravna oseba
Opel Corsa,Opel,2008,183000,Bencin,Ročni,90,799,Pravna oseba
KIA Ceed,KIA,2010,388000,Dizel,Ročni,116,699,Pravna oseba
Opel Insignia,Opel,2015,48000,Dizel,Avtomatski,163,14999,Pravna oseba
Opel Insignia,Opel,2015,58000,Dizel,Avtomatski,163,13999,Pravna oseba
Opel Insignia,Opel,2015,24000,Dizel,Ročni,140,11999,Pravna oseba
Mercedes-Benz ML-Razred,Mercedes-Benz,2013,320000,Dizel,Avtomatski,258,14999,Pravna oseba
Opel Crossland,Opel,2023,15777,Bencin,Ročni,110,12999,Pravna oseba
Opel Cascada,Opel,2014,99000,Bencin,Ročni,140,10999,Pravna oseba
Volkswagen Passat,Volkswagen,2009,303707,Dizel,Ročni,140,3990,Pravna oseba
Opel Antara,Opel,2009,181000,Dizel,Ročni,150,3599,Pravna oseba
Peugeot 2008,Peugeot,2016,41000,Bencin,Ročni,82,4599,Pravna oseba
Volkswagen Passat,Volkswagen,2023,164000,Dizel,Avtomatski,150,16999,Pravna oseba
Opel Crossland,Opel,2019,59000,Bencin,Avtomatski,110,10999,Pravna oseba
Opel Crossland,Opel,2023,17800,Bencin,Ročni,110,15999,Pravna oseba
Mercedes-Benz CLK-Razred,Mercedes-Benz,2009,398000,Dizel,Avtomatski,150,4999,Pravna oseba
Opel Zafira,Opel,,,Dizel,Avtomatski,179,35999,Pravna oseba
Opel Astra,Opel,2023,86813,Bencin,Ročni,110,14999,Pravna oseba
Opel Grandland,Opel,,,Bencin,Avtomatski,136,30999,Pravna oseba
Opel Mokka,Opel,,,Bencin,Avtomatski,131,24599,Pravna oseba
Citroën C4,Citroën,2022,62000,,Avtomatski,136,15999,Pravna oseba
BMW X4,BMW,2018,139000,Dizel,Avtomatski,190,22999,Pravna oseba
Opel Astra,Opel,,,Bencin,Avtomatski,136,29999,Pravna oseba
Opel Mokka,Opel,,,Bencin,Avtomatski,131,23999,Pravna oseba
Opel Astra,Opel,2018,77543,Bencin,Ročni,125,8999,Pravna oseba
Opel Grandland,Opel,2022,58030,Bencin,Ročni,131,16799,Pravna oseba
Volkswagen Eos,Volkswagen,2007,181000,Bencin,Ročni,116,1199,Pravna oseba
Jaguar F-PACE,Jaguar,2018,177000,Dizel,Ročni,163,14999,Pravna oseba
Opel Mokka,Opel,,,Bencin,Ročni,136,19999,Pravna oseba
Opel Mokka,Opel,2017,268000,Bencin,Ročni,140,6999,Pravna oseba
Škoda Superb,Škoda,2023,108000,Dizel,Avtomatski,150,20999,Pravna oseba
Mercedes-Benz E-Razred,Mercedes-Benz,2003,495000,Dizel,Avtomatski,122,1499,Pravna oseba
BMW Serija 1,BMW,2022,108105,Dizel,Ročni,116,15999,Pravna oseba
Audi Q5,Audi,2020,116000,Dizel,Avtomatski,190,29999,Pravna oseba
Citroën C3,Citroën,2021,99900,Bencin,Ročni,83,7999,Pravna oseba
Opel Combo,Opel,,,Dizel,Ročni,102,24399,Pravna oseba
Opel Astra,Opel,2019,116000,Dizel,Ročni,110,11499,Pravna oseba
Ford Mondeo,Ford,2016,299000,Dizel,Avtomatski,150,5999,Pravna oseba
Tesla Model 3,Tesla,2023,80500,,Avtomatski,283,37999,Pravna oseba
BMW X1,BMW,2013,262000,Dizel,Ročni,143,8399,Pravna oseba
Opel Insignia,Opel,2016,118000,Dizel,Ročni,136,8999,Pravna oseba
Opel Mokka,Opel,2017,115848,Bencin,Ročni,140,11999,Pravna oseba
Opel Mokka,Opel,2019,124101,Dizel,Avtomatski,136,12799,Pravna oseba
Opel Crossland,Opel,2023,11235,Bencin,Ročni,110,13999,Pravna oseba
Opel Corsa,Opel,2023,52194,Bencin,Ročni,101,12499,Pravna oseba
Opel Corsa,Opel,2022,25710,Bencin,Ročni,75,12499,Pravna oseba
Opel Astra,Opel,2019,185000,Dizel,Ročni,136,9999,Pravna oseba
Opel Astra,Opel,2019,151000,Dizel,Ročni,110,9999,Pravna oseba
Opel Crossland,Opel,2023,19711,Bencin,Ročni,110,13999,Pravna oseba
Opel Mokka,Opel,2013,303000,Dizel,Ročni,131,4399,Pravna oseba
Volkswagen Tiguan,Volkswagen,2010,195460,Dizel,Ročni,140,8950,Pravna oseba
Opel Mokka,Opel,2023,42000,Bencin,Avtomatski,131,17999,Pravna oseba
Opel Zafira,Opel,2015,65000,Dizel,Avtomatski,131,12999,Pravna oseba
Lexus UX,Lexus,2019,68299,Hibrid,Avtomatski,184,22999,Pravna oseba
Opel Crossland,Opel,2023,35062,Bencin,Ročni,110,14999,Pravna oseba
Opel Grandland,Opel,,,Bencin,Avtomatski,145,32999,Pravna oseba
Land Rover Range Rover Evoque,Land,2018,93000,Dizel,Avtomatski,150,19999,Pravna oseba
Opel Zafira,Opel,2015,33000,Dizel,Ročni,131,14999,Pravna oseba
Opel Zafira,Opel,2015,21000,Dizel,Avtomatski,131,15999,Pravna oseba
Tesla Model 3,Tesla,2023,59000,,Avtomatski,464,39999,Pravna oseba
Tesla Model Y,Tesla,,,,Avtomatski,514,57999,Pravna oseba
Ford Transit Custom,Ford,,28967,Dizel,Ročni,150,36990,Pravna oseba
Land Rover Discovery,Land,2019,70140,Dizel,Avtomatski,306,35550,Pravna oseba
BMW serija 5:,BMW,2010,226233,Dizel,Ročni,184,7999,Pravna oseba
Renault Talisman,Renault,2018,199600,Dizel,Avtomatski,131,9990,Pravna oseba
Volkswagen T-Roc,Volkswagen,2019,109975,Bencin,Ročni,116,13990,Pravna oseba
Mercedes-Benz E-Razred,Mercedes-Benz,2019,91000,Dizel,Avtomatski,245,,Pravna oseba
Mazda Mazda6,Mazda,2023,91000,Bencin,Avtomatski,165,,Pravna oseba
Mercedes-Benz E-Razred,Mercedes-Benz,2025,15800,Dizel,Avtomatski,197,,Pravna oseba
Land Rover Range Rover Sport,Land,2024,82275,Dizel,Avtomatski,300,74880,Pravna oseba
KIA Stonic,KIA,2023,105000,Bencin,Ročni,101,,Pravna oseba
Suzuki Vitara,Suzuki,2017,182000,Bencin,Ročni,120,,Pravna oseba
BMW serija X6:,BMW,2016,220900,Dizel,Avtomatski,258,27999,Pravna oseba
Citroën C5 Aircross,Citroën,2021,85000,Bencin,Ročni,131,12980,Pravna oseba
Hyundai S-Coupé,Hyundai,1993,109800,Bencin,Ročni,116,3750,Fizična oseba
Volkswagen Tiguan,Volkswagen,2025,19351,Bencin,Avtomatski,131,29780,Pravna oseba
Mercedes-Benz GLC-Razred,Mercedes-Benz,2026,6,Dizel,Avtomatski,163,59988,Pravna oseba
Peugeot 5008,Peugeot,2021,117897,Bencin,Ročni,131,,Pravna oseba
Peugeot 3008,Peugeot,2025,10683,Bencin,Avtomatski,136,27488,Pravna oseba
Peugeot 3008,Peugeot,2024,28032,Bencin,Avtomatski,145,26488,Pravna oseba
Peugeot 308,Peugeot,2022,157727,Dizel,Avtomatski,131,13988,Pravna oseba
Peugeot 308,Peugeot,2026,706,Dizel,Avtomatski,131,24988,Pravna oseba
Peugeot 2008,Peugeot,2026,2457,Bencin,Ročni,101,18488,Pravna oseba
Peugeot 2008,Peugeot,2026,1216,Bencin,Ročni,101,18488,Pravna oseba
Nissan Qashqai,Nissan,2022,62135,Bencin,Ročni,140,16988,Pravna oseba
Fiat Ulysse,Fiat,2025,19111,Dizel,Avtomatski,179,45488,Pravna oseba
Jeep Renegade,Jeep,2026,12115,Bencin,Avtomatski,131,25488,Pravna oseba
Jeep Gladiator,Jeep,2025,17912,Dizel,Avtomatski,264,56488,Pravna oseba
Jeep Wrangler,Jeep,2025,14545,Bencin,Avtomatski,272,58488,Pravna oseba
Jeep Renegade,Jeep,2026,15481,Bencin,Avtomatski,131,23488,Pravna oseba
Jeep Compass,Jeep,2026,12138,Bencin,Avtomatski,144,32488,Pravna oseba
Jeep Compass,Jeep,2026,3431,Bencin,Avtomatski,131,26488,Pravna oseba
Jeep Avenger,Jeep,2025,12354,Bencin,Avtomatski,110,19988,Pravna oseba
Fiat Grande Panda,Fiat,2026,1025,Bencin,Avtomatski,110,18488,Pravna oseba
Fiat Grande Panda,Fiat,2026,2166,Bencin,Avtomatski,110,18488,Pravna oseba
Ford C-MAX,Ford,2018,125964,Bencin,Ročni,125,,Pravna oseba
Mercedes-Benz GLE coupe,Mercedes-Benz,2022,58000,Dizel,Avtomatski,330,74990,Pravna oseba
KIA Sportage,KIA,2022,132000,Dizel,Avtomatski,136,22890,Pravna oseba
BMW serija 4 Gran Coupe:,BMW,2022,83000,Dizel,Avtomatski,190,39890,Pravna oseba
Audi A6 Avant,Audi,2019,177950,Dizel,Avtomatski,286,21995,Pravna oseba
Volkswagen Passat Variant,Volkswagen,2016,230000,Dizel,Avtomatski,190,11490,Pravna oseba
KIA Sportage,KIA,2020,117980,Bencin,Ročni,132,13490,Pravna oseba
KIA Ceed SW,KIA,2025,5720,Bencin,Ročni,140,22444,Pravna oseba
KIA Sportage,KIA,2023,106231,Hibrid,Avtomatski,230,24487,Pravna oseba
KIA XCeed,KIA,2024,20351,Bencin,Avtomatski,140,22447,Pravna oseba
Dacia Logan,Dacia,2019,44696,Bencin,Ročni,90,7500,Pravna oseba
Audi Q5,Audi,2014,242000,Dizel,Ročni,150,11850,Pravna oseba
Audi Q5,Audi,2016,168000,Dizel,Avtomatski,190,16950,Pravna oseba
Audi Q5,Audi,2015,219000,Dizel,Avtomatski,190,15850,Pravna oseba
Audi Q3,Audi,2015,203000,Dizel,Avtomatski,150,11950,Pravna oseba
KIA Niro,KIA,,,,Avtomatski,204,32499,Pravna oseba
BMW serija 5:,BMW,2018,192857,Dizel,Avtomatski,190,25490,Pravna oseba
KIA Ceed,KIA,2017,187595,Bencin,Ročni,101,5890,Pravna oseba
BMW serija 3:,BMW,2019,149850,Dizel,Avtomatski,190,21990,Pravna oseba
BMW serija 3 Touring:,BMW,2017,243260,Dizel,Avtomatski,150,10490,Pravna oseba
Citroën C-Crosser,Citroën,2009,225723,Bencin,Avtomatski,170,3490,Pravna oseba
Renault Clio,Renault,2024,79420,Bencin,Ročni,91,13300,Pravna oseba
Renault Clio,Renault,2023,163150,Hibrid,Avtomatski,143,13990,Pravna oseba
BMW serija 3 Gran Turismo:,BMW,2014,348592,Dizel,Avtomatski,184,10490,Pravna oseba
Volkswagen Golf,Volkswagen,2020,236283,Dizel,Avtomatski,150,15490,Pravna oseba
Volvo XC60,Volvo,2021,77323,Dizel,Avtomatski,197,32621,Pravna oseba
BMW i4,BMW,2025,3421,,Avtomatski,340,45990,Pravna oseba
Volkswagen Transporter,Volkswagen,2014,320000,Dizel,Ročni,102,10990,Pravna oseba
Opel Mokka,Opel,2022,51330,Bencin,Ročni,131,,Pravna oseba
BMW serija 5:,BMW,2014,293000,Dizel,Avtomatski,218,12490,Pravna oseba
Volvo V90,Volvo,2016,275800,Dizel,Avtomatski,190,10990,Pravna oseba
Volvo XC90,Volvo,2017,319491,Dizel,Avtomatski,235,14990,Pravna oseba
Porsche Panamera,Porsche,2018,86500,Bencin,Avtomatski,549,78800,Pravna oseba
BMW serija 3 Touring:,BMW,2019,149900,Dizel,Avtomatski,150,14490,Pravna oseba
Citroën C3,Citroën,2023,47755,Bencin,Ročni,110,11200,Pravna oseba
KIA Sportage,KIA,2022,1,Bencin,Ročni,150,Cena po dogovoru,Pravna oseba
Mercedes-Benz B-Razred,Mercedes-Benz,2017,179800,Dizel,Ročni,109,10899,Pravna oseba
Citroën C3,Citroën,2022,79374,Bencin,Ročni,83,8600,Pravna oseba
BMW X4,BMW,2016,197000,Dizel,Avtomatski,190,18990,Pravna oseba
Volkswagen Golf,Volkswagen,2013,164764,Bencin,Ročni,122,,Pravna oseba
Volkswagen Passat,Volkswagen,2021,82620,Dizel,Avtomatski,150,19990,Pravna oseba
BMW serija 4 Gran Coupe:,BMW,2019,171000,Dizel,Ročni,136,14987,Pravna oseba
BMW Serija 3,BMW,2025,22790,Dizel,Avtomatski,286,51990,Pravna oseba
Opel Zafira,Opel,2011,228541,Dizel,Ročni,131,4490,Pravna oseba
Škoda Kodiaq,Škoda,2021,152271,Dizel,Avtomatski,150,21400,Pravna oseba
BMW Serija 1,BMW,2025,60890,Bencin,Avtomatski,156,33890,Pravna oseba
Volvo XC90,Volvo,2026,5000,Hibrid,Avtomatski,455,79999,Pravna oseba
Mercedes-Benz E-Razred,Mercedes-Benz,2022,155000,Dizel,Avtomatski,200,23999,Pravna oseba
Audi A3,Audi,2022,115800,Dizel,Avtomatski,150,24990,Pravna oseba
Audi RS4 Avant,Audi,2018,165000,Bencin,Avtomatski,450,44990,Pravna oseba
BMW X6,BMW,2025,33000,Dizel,Avtomatski,352,89990,Pravna oseba
Audi Q8,Audi,2019,165000,Dizel,Avtomatski,286,51990,Pravna oseba
BMW Serija 3,BMW,2019,123370,Bencin,Avtomatski,258,32490,Pravna oseba
BMW Serija 3,BMW,2023,120000,Dizel,Avtomatski,340,49990,Pravna oseba
BMW Serija 3,BMW,2018,175000,Dizel,Avtomatski,190,14990,Pravna oseba
BMW M3,BMW,2023,64000,Bencin,Avtomatski,510,72950,Pravna oseba
Mercedes-Benz GLS-Razred,Mercedes-Benz,2025,11000,Dizel,Avtomatski,367,124990,Pravna oseba
Porsche 718,Porsche,2018,95000,Bencin,Avtomatski,299,55990,Pravna oseba
BMW Serija 3,BMW,2020,71000,Dizel,Avtomatski,150,24990,Pravna oseba
BMW X5,BMW,2021,59000,Dizel,Avtomatski,286,56990,Pravna oseba
BMW M4,BMW,2015,119000,Bencin,Avtomatski,431,36990,Pravna oseba
Škoda Kodiaq,Škoda,2023,165000,Dizel,Avtomatski,200,29990,Pravna oseba
BMW Serija 5,BMW,2024,22000,Dizel,Avtomatski,197,55990,Pravna oseba
Audi A4,Audi,2020,156000,Dizel,Avtomatski,163,15990,Pravna oseba
Volkswagen Golf,Volkswagen,2021,182000,Bencin,Avtomatski,245,22990,Pravna oseba
Mercedes-Benz E-Razred,Mercedes-Benz,2018,92000,Bencin,Avtomatski,612,55990,Pravna oseba
Porsche Panamera,Porsche,2017,122000,Bencin,Avtomatski,549,67990,Pravna oseba
BMW M4,BMW,2016,109000,Bencin,Avtomatski,431,44990,Pravna oseba
BMW Serija 1,BMW,2018,169700,Dizel,Avtomatski,150,12990,Pravna oseba
Škoda Octavia,Škoda,2017,199999,Dizel,Avtomatski,150,11990,Pravna oseba
Volkswagen Golf,Volkswagen,2017,199999,Dizel,Avtomatski,150,14990,Pravna oseba
BMW X5,BMW,2015,216000,Dizel,Avtomatski,258,22990,Pravna oseba
Mercedes-Benz CLE,Mercedes-Benz,2024,22000,Dizel,Avtomatski,197,54990,Pravna oseba
Mercedes-Benz A-Razred,Mercedes-Benz,2023,147000,Dizel,Avtomatski,116,22990,Pravna oseba
BMW Serija 6,BMW,2017,117000,Bencin,Avtomatski,320,29990,Pravna oseba
Lamborghini Urus,Lamborghini,2022,60000,Bencin,Avtomatski,650,259990,Pravna oseba
BMW serija 4 Cabrio:,BMW,2018,175000,Dizel,Avtomatski,258,25890,Pravna oseba
Mercedes-Benz V-Razred,Mercedes-Benz,2016,317000,Dizel,Avtomatski,190,23990,Pravna oseba
Volkswagen Touareg,Volkswagen,2024,175000,Dizel,Avtomatski,286,46990,Pravna oseba
Audi RS7,Audi,2020,45000,Bencin,Avtomatski,600,99880,Pravna oseba
Volkswagen Golf,Volkswagen,2015,179000,Bencin,Avtomatski,300,17990,Pravna oseba
BMW Serija 7,BMW,2025,14000,Dizel,Avtomatski,286,117990,Pravna oseba
BMW X5,BMW,2021,123000,Bencin,Avtomatski,625,67990,Pravna oseba
BMW M5,BMW,2021,84000,Bencin,Avtomatski,600,74990,Pravna oseba
Audi A6,Audi,2017,230000,Dizel,Avtomatski,218,14990,Pravna oseba
Audi Q8,Audi,2019,133000,Dizel,Avtomatski,286,47990,Pravna oseba
Volkswagen Golf,Volkswagen,2021,141500,Bencin,Avtomatski,245,23990,Pravna oseba
Porsche Cayenne,Porsche,2018,108500,Bencin,Avtomatski,441,51990,Pravna oseba
BMW Serija 5,BMW,2024,29000,Dizel,Avtomatski,197,52700,Pravna oseba
Mercedes-Benz G-Razred,Mercedes-Benz,2025,50000,Dizel,Avtomatski,367,154990,Pravna oseba
Porsche Cayenne,Porsche,2018,178586,Bencin,Avtomatski,340,44990,Pravna oseba
Mercedes-Benz GLE-Razred,Mercedes-Benz,2024,44000,Bencin,Avtomatski,612,134990,Pravna oseba
Škoda Fabia,Škoda,2010,110000,Bencin,Avtomatski,179,7990,Pravna oseba
Audi A4,Audi,2012,256000,Dizel,Ročni,143,7490,Pravna oseba
Škoda Superb,Škoda,2013,318610,Dizel,Avtomatski,140,4999,Pravna oseba
Mercedes-Benz C-Razred,Mercedes-Benz,2018,180111,Dizel,Avtomatski,170,19990,Pravna oseba
Toyota Avensis,Toyota,2008,435750,Dizel,Ročni,150,1250,Pravna oseba
Nissan Qashqai,Nissan,2012,98000,Bencin,Ročni,117,6999,Pravna oseba
MINI Countryman,MINI,2015,180000,Bencin,Ročni,190,13499,Pravna oseba
Škoda Karoq,Škoda,2018,161000,Dizel,Ročni,150,15490,Pravna oseba
Toyota GR Yaris,Toyota,,,Bencin,Ročni,280,48990,Pravna oseba
Land Rover Range Rover Velar,Land,2021,97130,Dizel,Avtomatski,300,39990,Pravna oseba
Mercedes-Benz GLC-Razred,Mercedes-Benz,,,Dizel,Avtomatski,197,,Pravna oseba
Ford C-MAX,Ford,2014,232778,Dizel,Ročni,116,4990,Pravna oseba
Volkswagen Passat,Volkswagen,2016,354231,Dizel,Avtomatski,150,9490,Pravna oseba
Mercedes-Benz A-Razred,Mercedes-Benz,2021,82000,Bencin,Ročni,109,17675,Pravna oseba
Audi A6 Avant,Audi,2016,263000,Dizel,Avtomatski,150,11850,Pravna oseba
Audi A5 Sportback,Audi,2019,230000,Dizel,Avtomatski,190,19850,Pravna oseba
Volkswagen Golf,Volkswagen,2018,131411,Bencin,Ročni,230,17350,Pravna oseba
Audi A4 Avant,Audi,2017,217000,Dizel,Ročni,150,10950,Pravna oseba
Audi A4 Avant,Audi,2016,240000,Dizel,Avtomatski,150,11850,Pravna oseba
Audi A4 Avant,Audi,2021,209000,Dizel,Avtomatski,163,16850,Pravna oseba
Audi A4,Audi,2016,222000,Dizel,Avtomatski,190,14850,Pravna oseba
Citroën C4,Citroën,2017,162000,Dizel,Ročni,150,9950,Pravna oseba
Citroën C4,Citroën,2017,162000,Dizel,Ročni,150,9950,Pravna oseba
Audi A6,Audi,2014,245000,Dizel,Ročni,190,12490,Pravna oseba
Volkswagen Passat,Volkswagen,2011,289000,Dizel,Ročni,140,5990,Pravna oseba
Ford Tourneo,Ford,,,Dizel,Avtomatski,170,,Pravna oseba
Opel Astra,Opel,2017,116000,Bencin,Ročni,125,7990,Pravna oseba
Geely StarRay,Geely,,,Bencin,Avtomatski,174,26990,Pravna oseba
BMW serija 4 Gran Coupe:,BMW,2023,48200,Dizel,Avtomatski,190,44990,Pravna oseba
Audi S7,Audi,2019,142127,Dizel,Avtomatski,349,49990,Pravna oseba
Škoda Superb,Škoda,2022,99700,Dizel,Avtomatski,150,26990,Pravna oseba
Geely EX5,Geely,,,,Avtomatski,218,42990,Pravna oseba
Geely StarRay EM-i,Geely,,,Hibrid,Avtomatski,99,32990,Pravna oseba
KIA XCeed,KIA,2025,5001,Bencin,Avtomatski,150,23449,Pravna oseba
Volkswagen Passat Variant,Volkswagen,2016,240321,Dizel,Avtomatski,150,9990,Pravna oseba
Audi A4,Audi,2015,200800,Dizel,Avtomatski,150,13800,Pravna oseba
Renault Scénic,Renault,2017,175000,Dizel,Ročni,131,11000,Fizična oseba
BMW serija X3:,BMW,2013,107000,Dizel,Avtomatski,143,11850,Pravna oseba
Mercedes-Benz ML-Razred,Mercedes-Benz,2013,239650,Dizel,Avtomatski,204,14995,Pravna oseba
Mercedes-Benz A-Razred,Mercedes-Benz,2022,159900,Dizel,Avtomatski,190,23499,Pravna oseba
Škoda Octavia,Škoda,2019,195100,Dizel,Avtomatski,184,16099,Pravna oseba
Volkswagen Touareg,Volkswagen,2020,118599,Bencin,Avtomatski,462,53999,Pravna oseba
Škoda Octavia,Škoda,2022,59000,Bencin,Avtomatski,150,20999,Pravna oseba
Škoda Octavia,Škoda,2022,123550,Bencin,Avtomatski,245,27299,Pravna oseba
Škoda Octavia,Škoda,2022,159320,Dizel,Avtomatski,200,21899,Pravna oseba
Škoda Octavia,Škoda,2023,166600,Dizel,Avtomatski,200,23599,Pravna oseba
Audi A6,Audi,2021,82400,Dizel,Avtomatski,204,39900,Pravna oseba
Hyundai Tucson,Hyundai,2023,145666,Dizel,Avtomatski,136,18200,Pravna oseba
Citroën DS3,Citroën,2018,133824,Bencin,Avtomatski,110,7990,Pravna oseba
Peugeot Traveller,Peugeot,2017,276041,Dizel,Ročni,116,11999,Pravna oseba
Ford Kuga,Ford,2021,86976,Bencin,Ročni,150,,Pravna oseba
Mercedes-Benz GLC-Razred,Mercedes-Benz,2020,48290,Dizel,Avtomatski,163,,Pravna oseba
Mercedes-Benz GLA-Razred,Mercedes-Benz,2024,34362,Dizel,Avtomatski,116,,Pravna oseba
Mercedes-Benz C-Razred,Mercedes-Benz,2025,24777,Bencin,Avtomatski,170,,Pravna oseba
Mercedes-Benz GLE-Razred,Mercedes-Benz,2025,14754,Hibrid,Avtomatski,544,,Pravna oseba
Audi A1,Audi,2014,129350,Bencin,Ročni,86,,Pravna oseba
Hyundai Tucson,Hyundai,2023,93426,Bencin,Avtomatski,150,,Pravna oseba
Mercedes-Benz GLC-Razred,Mercedes-Benz,2025,24140,Bencin,Avtomatski,204,,Pravna oseba
Mercedes-Benz EQA,Mercedes-Benz,2025,22872,,Avtomatski,228,,Pravna oseba
Mercedes-Benz GLC-Razred,Mercedes-Benz,2021,98534,Bencin,Avtomatski,258,,Pravna oseba
Hyundai Tucson,Hyundai,,,Hibrid,Avtomatski,288,,Pravna oseba
Mercedes-Benz C-Razred,Mercedes-Benz,2025,17199,Bencin,Avtomatski,204,,Pravna oseba
Mercedes-Benz E-Razred,Mercedes-Benz,2025,12836,Bencin,Avtomatski,204,,Pravna oseba
Hyundai i20,Hyundai,2026,22,Bencin,Ročni,90,15990,Pravna oseba
Mercedes-Benz C-Razred,Mercedes-Benz,2025,8211,Bencin,Avtomatski,170,38450,Pravna oseba
Peugeot 208,Peugeot,2022,89000,Bencin,Ročni,101,Cena po dogovoru,Pravna oseba
Mercedes-Benz GLC-Razred,Mercedes-Benz,2025,10151,Bencin,Avtomatski,204,,Pravna oseba
Mercedes-Benz GLC-Razred,Mercedes-Benz,2017,210352,Dizel,Avtomatski,204,,Pravna oseba
Mercedes-Benz GLB-Razred,Mercedes-Benz,2022,70709,Dizel,Avtomatski,150,28990,Pravna oseba
Volkswagen Golf,Volkswagen,2017,109809,Dizel,Ročni,116,11450,Pravna oseba
Mercedes-Benz C-Razred,Mercedes-Benz,2018,155782,Dizel,Avtomatski,170,,Pravna oseba
BMW X6,BMW,2024,73569,Dizel,Avtomatski,340,,Pravna oseba
Hyundai Kona,Hyundai,,,,Avtomatski,218,,Pravna oseba
Hyundai i30,Hyundai,,,Bencin,Avtomatski,150,,Pravna oseba
Mercedes-Benz GLC-Razred,Mercedes-Benz,2020,145960,Dizel,Avtomatski,163,31690,Pravna oseba
Hyundai Kona,Hyundai,2026,9686,Bencin,Avtomatski,139,,Pravna oseba
Hyundai i20,Hyundai,2021,118953,Bencin,Ročni,101,,Pravna oseba
Jaguar E-PACE,Jaguar,2022,58450,Dizel,Avtomatski,163,,Pravna oseba
Mercedes-Benz C-Razred,Mercedes-Benz,2025,7936,Bencin,Avtomatski,170,,Pravna oseba
Mercedes-Benz GLC-Razred,Mercedes-Benz,2025,9220,Dizel,Avtomatski,269,,Pravna oseba
Mercedes-Benz E-Razred,Mercedes-Benz,2025,14690,Dizel,Avtomatski,197,,Pravna oseba
Mercedes-Benz S-Razred,Mercedes-Benz,2025,29148,Dizel,Avtomatski,313,,Pravna oseba
Hyundai Tucson,Hyundai,,,Bencin,Avtomatski,150,,Pravna oseba
Mercedes-Benz CLC-Razred,Mercedes-Benz,2025,8305,Bencin,Avtomatski,163,,Pravna oseba
Hyundai i30 Wagon,Hyundai,,,Bencin,Avtomatski,150,26490,Pravna oseba
Hyundai i20,Hyundai,,,Bencin,Ročni,90,,Pravna oseba
Hyundai i20,Hyundai,2026,853,Bencin,Avtomatski,90,19450,Pravna oseba
Mercedes-Benz S-Razred,Mercedes-Benz,2021,128075,Dizel,Avtomatski,286,,Pravna oseba
Mitsubishi ASX,Mitsubishi,2025,9751,Bencin,Ročni,140,20290,Pravna oseba
Mercedes-Benz GLA-Razred,Mercedes-Benz,2020,29896,Bencin,Avtomatski,163,27450,Pravna oseba
Mercedes-Benz EQE,Mercedes-Benz,2025,10316,,Avtomatski,245,,Pravna oseba
Mercedes-Benz EQE,Mercedes-Benz,2025,10795,,Avtomatski,245,,Pravna oseba
Mercedes-Benz EQE,Mercedes-Benz,2025,15202,,Avtomatski,245,,Pravna oseba
Mercedes-Benz EQB-Razred,Mercedes-Benz,2025,11736,,Avtomatski,190,,Pravna oseba
Mercedes-Benz GLS-Razred,Mercedes-Benz,2025,13669,Dizel,Avtomatski,367,,Pravna oseba
Mercedes-Benz GLS-Razred,Mercedes-Benz,2025,23684,Dizel,Avtomatski,367,,Pravna oseba
Mercedes-Benz GLA-Razred,Mercedes-Benz,2022,158793,Bencin,Avtomatski,136,23990,Pravna oseba
Mercedes-Benz GLS-Razred,Mercedes-Benz,2025,15423,Dizel,Avtomatski,313,,Pravna oseba
Mercedes-Benz EQA,Mercedes-Benz,2025,14784,,Avtomatski,228,,Pravna oseba
Škoda Kodiaq,Škoda,2020,137968,Dizel,Avtomatski,150,,Pravna oseba
Hyundai Ioniq 5,Hyundai,,,,Avtomatski,228,,Pravna oseba
Hyundai i30 Wagon,Hyundai,2026,786,Bencin,Ročni,97,18990,Pravna oseba
Mercedes-Benz C-Razred,Mercedes-Benz,2019,196541,Dizel,Ročni,122,,Pravna oseba
Hyundai Tucson,Hyundai,,,Bencin,Ročni,150,,Pravna oseba
Hyundai Bayon,Hyundai,2026,768,Bencin,Avtomatski,90,20490,Pravna oseba
Hyundai Ioniq 6,Hyundai,,,,Avtomatski,325,52260,Pravna oseba
Mercedes-Benz SL-Razred,Mercedes-Benz,1990,96841,Bencin,Avtomatski,231,,Pravna oseba
Hyundai Kona,Hyundai,2026,356,Bencin,Avtomatski,150,28590,Pravna oseba
Hyundai Tucson,Hyundai,2026,976,Bencin,Avtomatski,179,,Pravna oseba
Mercedes-Benz GLE-Razred,Mercedes-Benz,2016,258978,Dizel,Avtomatski,258,,Pravna oseba
Mercedes-Benz CLA-Razred,Mercedes-Benz,2025,8761,Bencin,,163,,Pravna oseba
Mercedes-Benz EQA,Mercedes-Benz,2025,8945,,Avtomatski,228,,Pravna oseba
Peugeot 2008,Peugeot,2018,114326,Bencin,Ročni,82,6590,Pravna oseba
KIA Sportage,KIA,2021,79986,Bencin,Ročni,132,14990,Pravna oseba
Mercedes-Benz GLA-Razred,Mercedes-Benz,2019,65701,Bencin,Avtomatski,122,21990,Pravna oseba
Mercedes-Benz GLB-Razred,Mercedes-Benz,2022,125513,Dizel,Avtomatski,116,23990,Pravna oseba
Mercedes-Benz GLC-Razred,Mercedes-Benz,2025,13106,Dizel,Avtomatski,197,,Pravna oseba
Hyundai i30,Hyundai,,,Bencin,Avtomatski,150,,Pravna oseba
Hyundai Inster,Hyundai,,,,Avtomatski,97,,Pravna oseba
Mercedes-Benz B-Razred,Mercedes-Benz,2019,57337,Bencin,Avtomatski,163,21450,Pravna oseba
Hyundai i20,Hyundai,,,Bencin,Ročni,90,,Pravna oseba
Hyundai i20,Hyundai,,,Bencin,Ročni,90,,Pravna oseba
Mercedes-Benz GLA-Razred,Mercedes-Benz,2022,99876,Dizel,Avtomatski,150,29990,Pravna oseba
Hyundai Kona,Hyundai,,,,Avtomatski,156,,Pravna oseba
Mercedes-Benz EQA,Mercedes-Benz,2025,12506,,Avtomatski,292,,Pravna oseba
Mercedes-Benz GLA-Razred,Mercedes-Benz,2025,8561,Bencin,Avtomatski,163,39890,Pravna oseba
Hyundai Kona,Hyundai,,,Hibrid,Avtomatski,102,,Pravna oseba
Hyundai Kona,Hyundai,,,Hibrid,Avtomatski,139,,Pravna oseba
Hyundai ix55,Hyundai,2010,369677,Dizel,Avtomatski,250,,Pravna oseba
Hyundai Tucson,Hyundai,,,Hibrid,Avtomatski,239,,Pravna oseba
Hyundai Tucson,Hyundai,,,Bencin,Ročni,150,,Pravna oseba
Mercedes-Benz GLC-Razred,Mercedes-Benz,2025,21396,Dizel,Avtomatski,197,,Pravna oseba
Mercedes-Benz GLC-Razred,Mercedes-Benz,2025,15887,Bencin,Avtomatski,204,,Pravna oseba
Mercedes-Benz GLE-Razred,Mercedes-Benz,2025,12553,Dizel,Avtomatski,269,,Pravna oseba
Mercedes-Benz GLC-Razred,Mercedes-Benz,2025,9605,Hibrid,Avtomatski,313,,Pravna oseba
Renault Kadjar,Renault,2017,129930,Bencin,Ročni,131,9690,Pravna oseba
Mercedes-Benz A-Razred,Mercedes-Benz,2025,11723,Bencin,Avtomatski,163,,Pravna oseba
Mercedes-Benz GLA-Razred,Mercedes-Benz,2018,56789,Bencin,Avtomatski,122,21990,Pravna oseba
Mercedes-Benz CLA-Razred,Mercedes-Benz,2025,15791,Bencin,Avtomatski,163,,Pravna oseba
Mercedes-Benz CLA-Razred,Mercedes-Benz,2025,5916,Bencin,Avtomatski,136,,Pravna oseba
Mercedes-Benz GLB-Razred,Mercedes-Benz,2025,17498,Bencin,Avtomatski,224,,Pravna oseba
Mercedes-Benz GLB-Razred,Mercedes-Benz,2025,17308,Bencin,Avtomatski,163,,Pravna oseba
Mercedes-Benz GLB-Razred,Mercedes-Benz,2025,10682,Bencin,Avtomatski,163,,Pravna oseba
Mercedes-Benz B-Razred,Mercedes-Benz,2025,11598,Bencin,Avtomatski,136,28450,Pravna oseba
Volkswagen Passat,Volkswagen,2022,162759,Dizel,Avtomatski,150,17450,Pravna oseba
Hyundai Kona,Hyundai,,,,Avtomatski,135,,Pravna oseba
Audi A4,Audi,2019,161000,Dizel,Avtomatski,150,18850,Pravna oseba
Mercedes-Benz A-Razred,Mercedes-Benz,2018,69979,Bencin,Avtomatski,156,17990,Pravna oseba
Hyundai Tucson,Hyundai,,,Hibrid,Avtomatski,215,,Pravna oseba
Mercedes-Benz GLC-Razred,Mercedes-Benz,2025,9603,Bencin,Avtomatski,204,62990,Pravna oseba
Mercedes-Benz B-Razred,Mercedes-Benz,2024,17945,Bencin,Avtomatski,136,,Pravna oseba
Mercedes-Benz A-Razred,Mercedes-Benz,2024,15982,Bencin,Avtomatski,136,,Pravna oseba
Mercedes-Benz GLC-Razred,Mercedes-Benz,2024,8782,Dizel,Avtomatski,197,,Pravna oseba
Mercedes-Benz C-Razred,Mercedes-Benz,2024,13988,Bencin,Avtomatski,170,,Pravna oseba
Hyundai Kona,Hyundai,,,Bencin,Avtomatski,179,,Pravna oseba
Hyundai Santa Fe,Hyundai,,,Hibrid,Avtomatski,215,,Pravna oseba
Hyundai Tucson,Hyundai,,,Bencin,Avtomatski,150,,Pravna oseba
Hyundai Tucson,Hyundai,,,Bencin,Avtomatski,150,,Pravna oseba
Mercedes-Benz GLB-Razred,Mercedes-Benz,2022,55215,Dizel,Avtomatski,116,,Pravna oseba
Hyundai Kona,Hyundai,,,Bencin,Avtomatski,150,,Pravna oseba
Mercedes-Benz GLC-Razred,Mercedes-Benz,2024,6689,Bencin,Avtomatski,258,72200,Pravna oseba
Mercedes-Benz E-Razred,Mercedes-Benz,2022,143211,Dizel,Avtomatski,200,30990,Pravna oseba
Hyundai Kona,Hyundai,,,Bencin,Ročni,150,,Pravna oseba
Hyundai Bayon,Hyundai,,,Bencin,Avtomatski,90,,Pravna oseba
Hyundai Tucson,Hyundai,,,Bencin,Avtomatski,150,,Pravna oseba
Hyundai Tucson,Hyundai,,,Hibrid,Avtomatski,215,,Pravna oseba
Hyundai Kona,Hyundai,,,Bencin,Avtomatski,150,,Pravna oseba
Hyundai Tucson,Hyundai,,,Bencin,Ročni,150,,Pravna oseba
Hyundai i20,Hyundai,,,Bencin,Avtomatski,90,,Pravna oseba
Hyundai Tucson,Hyundai,,,Bencin,Ročni,150,,Pravna oseba
Hyundai Bayon,Hyundai,,,Bencin,Avtomatski,90,,Pravna oseba
Hyundai Tucson,Hyundai,,,Hibrid,Avtomatski,252,,Pravna oseba
Hyundai i30 Wagon,Hyundai,,,Bencin,Ročni,150,21990,Pravna oseba
Hyundai i30 Wagon,Hyundai,2026,890,Bencin,Ročni,97,18990,Pravna oseba
Hyundai Kona,Hyundai,,,,Avtomatski,218,,Pravna oseba
Hyundai Kona,Hyundai,,,,Avtomatski,218,,Pravna oseba
Hyundai i30,Hyundai,,,Bencin,Ročni,101,,Pravna oseba
Hyundai Tucson,Hyundai,,,Bencin,Ročni,150,,Pravna oseba
Hyundai Tucson,Hyundai,,,Bencin,Ročni,150,,Pravna oseba
Hyundai Inster,Hyundai,,,,Avtomatski,97,,Pravna oseba
Hyundai Bayon,Hyundai,,,Bencin,Avtomatski,90,,Pravna oseba
Hyundai Tucson,Hyundai,,,Bencin,Avtomatski,150,,Pravna oseba
Mercedes-Benz A-Razred,Mercedes-Benz,2020,148040,Bencin,Avtomatski,136,20990,Pravna oseba
Hyundai Tucson,Hyundai,,,Bencin,Ročni,150,,Pravna oseba
Hyundai Tucson,Hyundai,,,Bencin,Avtomatski,150,,Pravna oseba
Hyundai Kona,Hyundai,,,Bencin,Ročni,137,,Pravna oseba
Hyundai Tucson,Hyundai,,,Bencin,Avtomatski,150,,Pravna oseba
Hyundai Inster,Hyundai,,,,Avtomatski,97,,Pravna oseba
Mercedes-Benz A-Razred,Mercedes-Benz,2018,92318,Bencin,Ročni,163,17990,Pravna oseba
Hyundai i30 Wagon,Hyundai,,,Bencin,Avtomatski,160,29490,Pravna oseba
Hyundai i20,Hyundai,,,Bencin,Ročni,90,,Pravna oseba
Hyundai Tucson,Hyundai,,,Bencin,Avtomatski,150,,Pravna oseba
Hyundai Kona,Hyundai,,,Hibrid,Avtomatski,141,,Pravna oseba
Hyundai Tucson,Hyundai,,,Bencin,Ročni,150,,Pravna oseba
Hyundai Tucson,Hyundai,,,Bencin,Avtomatski,150,,Pravna oseba
Hyundai Tucson,Hyundai,,,Bencin,Avtomatski,150,,Pravna oseba
Hyundai Tucson,Hyundai,,,Bencin,Ročni,150,,Pravna oseba
Renault Mégane,Renault,2017,118269,Bencin,Ročni,116,6990,Pravna oseba
Mercedes-Benz GLE-Razred,Mercedes-Benz,2020,79167,Dizel,Avtomatski,330,69990,Pravna oseba
Hyundai i30,Hyundai,,,Bencin,Avtomatski,150,,Pravna oseba
Hyundai Tucson,Hyundai,,,Bencin,Ročni,150,,Pravna oseba
Hyundai i30 Wagon,Hyundai,,,Bencin,Avtomatski,160,,Pravna oseba
Hyundai Tucson,Hyundai,,,Bencin,Avtomatski,150,,Pravna oseba
Hyundai Tucson,Hyundai,,,Bencin,Ročni,150,,Pravna oseba
Hyundai Kona,Hyundai,,,,Avtomatski,218,,Pravna oseba
Hyundai Santa Fe,Hyundai,,,Hibrid,Avtomatski,160,,Pravna oseba
Hyundai Ioniq 9,Hyundai,,,,Avtomatski,428,,Pravna oseba
Hyundai i30 Wagon,Hyundai,,,Bencin,Avtomatski,150,,Pravna oseba
Hyundai Bayon,Hyundai,,,Bencin,Avtomatski,90,,Pravna oseba
Hyundai i20,Hyundai,,,Bencin,Avtomatski,90,,Pravna oseba
Hyundai Kona,Hyundai,,,Bencin,Ročni,137,,Pravna oseba
Hyundai Ioniq 6,Hyundai,,,,Avtomatski,228,,Pravna oseba
Hyundai Ioniq 5,Hyundai,,,,Avtomatski,228,44990,Pravna oseba
Hyundai Bayon,Hyundai,,,Bencin,Ročni,90,,Pravna oseba
Hyundai Kona,Hyundai,,,,Avtomatski,218,,Pravna oseba
Hyundai i20,Hyundai,,,Bencin,Ročni,90,,Pravna oseba
Hyundai Bayon,Hyundai,,,Bencin,Ročni,90,,Pravna oseba
Hyundai Kona,Hyundai,,,Bencin,Avtomatski,150,,Pravna oseba
Hyundai Tucson,Hyundai,,,Bencin,Ročni,150,,Pravna oseba
Hyundai i20,Hyundai,,,Bencin,Ročni,90,,Pravna oseba
Hyundai Tucson,Hyundai,,,Bencin,Avtomatski,150,,Pravna oseba
Mercedes-Benz E-Razred,Mercedes-Benz,2018,120580,Dizel,Avtomatski,194,,Pravna oseba
Hyundai i30,Hyundai,,,Bencin,Avtomatski,150,,Pravna oseba
Hyundai Tucson,Hyundai,,,Bencin,Avtomatski,150,,Pravna oseba
Mercedes-Benz CLS-Razred,Mercedes-Benz,2016,179897,Dizel,Avtomatski,204,23990,Pravna oseba
Mercedes-Benz GLB-Razred,Mercedes-Benz,2022,98276,Dizel,Avtomatski,190,27690,Pravna oseba
Hyundai Kona,Hyundai,,,Bencin,Ročni,101,,Pravna oseba
Peugeot 2008,Peugeot,2020,92000,Bencin,Ročni,101,11990,Pravna oseba
Volkswagen T-Roc,Volkswagen,,,Bencin,Avtomatski,116,31270,Pravna oseba
Volkswagen Golf,Volkswagen,,,Bencin,Avtomatski,116,29990,Pravna oseba
Volkswagen -,Volkswagen,,,,Avtomatski,116,34990,Pravna oseba
Volkswagen T-Roc,Volkswagen,,,Bencin,Avtomatski,116,33332,Pravna oseba
Volkswagen T-Roc,Volkswagen,,,Bencin,Avtomatski,150,33450,Pravna oseba
Volkswagen Tiguan,Volkswagen,,,Hibrid,Avtomatski,204,41870,Pravna oseba
Volkswagen Golf,Volkswagen,,,Bencin,Avtomatski,116,29900,Pravna oseba
Volkswagen T-Cross,Volkswagen,,,Bencin,Ročni,116,23876,Pravna oseba
Volkswagen Golf,Volkswagen,,,Hibrid,Avtomatski,204,34448,Pravna oseba
Volkswagen Passat,Volkswagen,,,Bencin,Avtomatski,150,41230,Pravna oseba
Volkswagen Passat,Volkswagen,,,Hibrid,Avtomatski,204,43781,Pravna oseba
Volkswagen Tiguan,Volkswagen,,,Dizel,Avtomatski,150,48800,Pravna oseba
Peugeot 2008,Peugeot,2026,6,Bencin,Avtomatski,145,22490,Pravna oseba
Peugeot 5008,Peugeot,2022,147451,Dizel,Avtomatski,131,15790,Pravna oseba
Volkswagen Tiguan,Volkswagen,2021,101575,Dizel,Avtomatski,150,,Pravna oseba
Mercedes-Benz GLC-Razred,Mercedes-Benz,2019,99650,Dizel,Avtomatski,170,,Pravna oseba
Mercedes-Benz GLE-Razred,Mercedes-Benz,2016,128000,Dizel,Avtomatski,258,33690,Pravna oseba
Mercedes-Benz GLC-Razred,Mercedes-Benz,2023,86874,Dizel,Avtomatski,197,,Pravna oseba
Volkswagen Tiguan,Volkswagen,2025,25345,Dizel,Avtomatski,150,,Pravna oseba
Volkswagen Tiguan,Volkswagen,2025,26913,Dizel,Avtomatski,150,,Pravna oseba
Volkswagen Golf,Volkswagen,2022,180200,Dizel,Avtomatski,150,18000,Pravna oseba
Volkswagen Passat,Volkswagen,2025,45526,Dizel,Avtomatski,150,36000,Pravna oseba
Volkswagen Tiguan,Volkswagen,2018,194108,Dizel,Avtomatski,150,17900,Pravna oseba
Ford Ecosport,Ford,2020,131780,Bencin,Ročni,125,,Pravna oseba
Volkswagen Touareg,Volkswagen,2019,161000,Dizel,Avtomatski,286,32500,Pravna oseba
KIA Sportage,KIA,2021,153700,Dizel,Avtomatski,136,16790,Pravna oseba
Renault Kadjar,Renault,2016,190620,Dizel,Ročni,110,8690,Pravna oseba
Volkswagen Tiguan,Volkswagen,2025,48355,Dizel,Avtomatski,150,32900,Pravna oseba
Audi A3,Audi,2021,167900,Bencin,Ročni,150,,Pravna oseba
Opel Grandland X,Opel,2019,202583,Dizel,Avtomatski,131,9990,Pravna oseba
Ford Kuga,Ford,2022,151740,Dizel,Ročni,120,,Pravna oseba
Volvo XC60,Volvo,2021,122000,Bencin,Avtomatski,253,28790,Pravna oseba
Volkswagen Passat,Volkswagen,2020,139144,Dizel,Avtomatski,190,20990,Pravna oseba
Volkswagen Golf,Volkswagen,,,Bencin,Ročni,150,32990,Pravna oseba
Volkswagen T-Roc,Volkswagen,2023,93262,Bencin,Ročni,110,16990,Pravna oseba
Volkswagen Tiguan,Volkswagen,2023,74250,Hibrid,Avtomatski,150,Cena po dogovoru,Pravna oseba
Volkswagen Golf,Volkswagen,,,Bencin,Ročni,150,34360,Pravna oseba
BMW X2,BMW,2021,81244,Bencin,Avtomatski,136,19999,Pravna oseba
Renault Scénic,Renault,2018,154700,Bencin,Ročni,116,9490,Pravna oseba
Peugeot 208,Peugeot,2017,106800,Bencin,Ročni,82,6990,Pravna oseba
Volkswagen Tiguan,Volkswagen,2017,157584,Dizel,Ročni,116,15490,Pravna oseba
Peugeot 208,Peugeot,2021,77961,Bencin,Ročni,75,9990,Pravna oseba
Volkswagen Polo,Volkswagen,,,Bencin,Ročni,95,18455,Pravna oseba
Volkswagen Caddy,Volkswagen,2023,123700,Dizel,Ročni,102,21190,Pravna oseba
Mercedes-Benz GLE-Razred,Mercedes-Benz,2021,157787,Dizel,Avtomatski,272,,Pravna oseba
Mercedes-Benz GLB-Razred,Mercedes-Benz,2022,70808,Dizel,Avtomatski,150,,Pravna oseba
Škoda Kodiaq,Škoda,2023,154700,Dizel,Avtomatski,150,,Pravna oseba
Audi A4,Audi,2023,135832,Dizel,Avtomatski,204,,Pravna oseba
Audi A7,Audi,2018,1,Dizel,Avtomatski,286,39900,Pravna oseba
Volkswagen Tiguan,Volkswagen,2026,6000,Bencin,Avtomatski,150,39990,Pravna oseba
Volkswagen Tiguan,Volkswagen,,,Dizel,Avtomatski,150,46600,Pravna oseba
Volkswagen Golf,Volkswagen,,,Bencin,Avtomatski,116,28650,Pravna oseba
Volkswagen Taigo,Volkswagen,,,Bencin,Avtomatski,116,25121,Pravna oseba
Volkswagen Taigo,Volkswagen,,,Bencin,Ročni,116,23490,Pravna oseba
Volkswagen ID.3,Volkswagen,,,,Avtomatski,170,34965,Pravna oseba
Volkswagen Tiguan,Volkswagen,2026,6000,Bencin,Avtomatski,150,Cena po dogovoru,Pravna oseba
BMW X1,BMW,2016,145000,Dizel,Avtomatski,190,18990,Pravna oseba
Volkswagen Tiguan,Volkswagen,,,Bencin,Avtomatski,150,35938,Pravna oseba
Volkswagen Golf,Volkswagen,,,Bencin,Avtomatski,116,28450,Pravna oseba
Volkswagen Polo,Volkswagen,2017,169431,Dizel,Ročni,90,7990,Pravna oseba
Volkswagen Tiguan,Volkswagen,2019,198725,Dizel,Avtomatski,190,18990,Pravna oseba
Mercedes-Benz G-Razred,Mercedes-Benz,2017,172150,Dizel,Avtomatski,245,56700,Pravna oseba
Volkswagen Tiguan,Volkswagen,2025,25700,Dizel,Avtomatski,150,36500,Pravna oseba
Volkswagen Passat,Volkswagen,2021,127426,Dizel,Avtomatski,150,,Pravna oseba
BMW Serija 2,BMW,2019,185000,Dizel,Avtomatski,150,,Pravna oseba
Citroën C5 Aircross,Citroën,2022,32087,Bencin,Ročni,131,19900,Pravna oseba
Citroën C3 Aircross,Citroën,2019,106800,Bencin,Ročni,110,,Pravna oseba
Audi A4,Audi,2022,153800,Dizel,Avtomatski,204,22900,Pravna oseba
Volkswagen Golf,Volkswagen,2021,54700,Bencin,Avtomatski,150,,Pravna oseba
Mercedes-Benz GLB-Razred,Mercedes-Benz,2022,127514,Dizel,Avtomatski,116,24300,Pravna oseba
Volkswagen ID.4,Volkswagen,2021,129999,,Avtomatski,204,24300,Pravna oseba
Mercedes-Benz GLA-Razred,Mercedes-Benz,2019,49496,Bencin,Avtomatski,122,21990,Pravna oseba
Mercedes-Benz GLA-Razred,Mercedes-Benz,2019,65701,Bencin,Avtomatski,122,22490,Pravna oseba
Volkswagen Tiguan,Volkswagen,2018,178537,Bencin,Ročni,125,14600,Pravna oseba
Volkswagen Caddy,Volkswagen,2026,1000,Dizel,Ročni,75,28000,Pravna oseba
Volkswagen Caddy,Volkswagen,,,Dizel,Ročni,75,28690,Pravna oseba
Volkswagen Caddy,Volkswagen,2025,9000,Hibrid,Avtomatski,150,34990,Pravna oseba
Volkswagen Caddy,Volkswagen,,,Dizel,Ročni,105,31100,Pravna oseba
Citroën C4 SpaceTourer,Citroën,2021,141280,Dizel,Avtomatski,131,12690,Pravna oseba
Volkswagen Caddy,Volkswagen,,,Bencin,Avtomatski,116,38990,Pravna oseba
Volkswagen Tayron,Volkswagen,,,Dizel,Avtomatski,150,42970,Pravna oseba
Opel Crossland X,Opel,2017,101890,Bencin,Ročni,82,,Pravna oseba
Volkswagen Golf,Volkswagen,2022,183572,Dizel,Avtomatski,116,13990,Pravna oseba
Volkswagen Golf,Volkswagen,2023,201439,Dizel,Ročni,116,12800,Pravna oseba
Mercedes-Benz E-Razred,Mercedes-Benz,2018,164708,Dizel,Avtomatski,194,22800,Pravna oseba
Audi A4,Audi,2022,145173,Dizel,Avtomatski,204,23990,Pravna oseba
Mercedes-Benz E-Razred,Mercedes-Benz,2018,121000,Dizel,Avtomatski,194,23990,Pravna oseba
Volkswagen T-Cross,Volkswagen,,,Bencin,Ročni,116,22380,Pravna oseba
Volkswagen up!,Volkswagen,2017,74580,Bencin,Avtomatski,75,9650,Pravna oseba
Volkswagen Touareg,Volkswagen,2023,119500,Dizel,Avtomatski,286,48990,Pravna oseba
Audi A6,Audi,2021,145260,Dizel,Avtomatski,204,25200,Pravna oseba
Volkswagen Taigo,Volkswagen,,,Bencin,Ročni,116,24990,Pravna oseba
Škoda Karoq,Škoda,2019,158395,Dizel,Avtomatski,116,14990,Pravna oseba
Volkswagen Polo,Volkswagen,,,Bencin,Ročni,95,19780,Pravna oseba
Volkswagen Taigo,Volkswagen,,,Bencin,Avtomatski,116,24800,Pravna oseba
Volkswagen Tiguan,Volkswagen,,,Bencin,Avtomatski,150,37618,Pravna oseba
Mercedes-Benz GLB-Razred,Mercedes-Benz,2022,55215,Dizel,Avtomatski,116,28300,Pravna oseba
Volkswagen Golf,Volkswagen,2016,183263,Dizel,Ročni,116,8490,Pravna oseba
Ford S-MAX,Ford,2018,145780,Dizel,Avtomatski,190,13990,Pravna oseba
Mercedes-Benz E-Razred,Mercedes-Benz,2022,143215,Dizel,Avtomatski,200,31600,Pravna oseba
Volkswagen Golf,Volkswagen,,,Bencin,Avtomatski,116,26900,Pravna oseba
Seat Ateca,Seat,,,Bencin,Ročni,150,29590,Pravna oseba
Seat Ateca,Seat,,,Bencin,Avtomatski,150,30800,Pravna oseba
Seat Leon,Seat,,,Bencin,Ročni,116,22150,Pravna oseba
Seat Leon,Seat,,,Bencin,Ročni,116,24320,Pravna oseba
Volkswagen Golf,Volkswagen,2026,1,Bencin,Ročni,116,24000,Pravna oseba
Seat Arona,Seat,,,Bencin,Avtomatski,116,22000,Pravna oseba
Volkswagen T-Roc,Volkswagen,2026,6700,Bencin,Avtomatski,150,33900,Pravna oseba
Volkswagen Polo,Volkswagen,,,Bencin,Ročni,95,,Pravna oseba
Peugeot 308,Peugeot,2016,235573,Dizel,Avtomatski,120,4590,Pravna oseba
Renault Clio,Renault,2026,2500,Bencin,Ročni,114,20870,Pravna oseba
Seat Ateca,Seat,,,Bencin,Ročni,150,29150,Pravna oseba
Seat Ateca,Seat,,,Bencin,Ročni,116,22460,Pravna oseba
Volkswagen Passat,Volkswagen,2022,146850,Dizel,Avtomatski,200,19500,Pravna oseba
Aixam City,Aixam,,,Dizel,Avtomatski,8,16490,Pravna oseba
Seat Arona,Seat,,,Bencin,Ročni,116,20600,Pravna oseba
Volkswagen T-Cross,Volkswagen,2025,4200,Bencin,Ročni,116,19500,Pravna oseba
Volkswagen Taigo,Volkswagen,2025,7700,Bencin,Avtomatski,116,21500,Pravna oseba
Volkswagen Tiguan,Volkswagen,2016,231500,Dizel,Avtomatski,239,14300,Pravna oseba
Volkswagen Touran,Volkswagen,2017,171700,Dizel,Ročni,150,13900,Pravna oseba
Seat Ateca,Seat,,,Bencin,Ročni,116,22895,Pravna oseba
Mercedes-Benz Vito,Mercedes-Benz,2022,51700,Dizel,Avtomatski,136,33100,Pravna oseba
Volkswagen Tiguan,Volkswagen,,,Bencin,Avtomatski,150,44648,Pravna oseba
Seat Leon,Seat,,,Bencin,Ročni,116,23300,Pravna oseba
Seat Arona,Seat,2025,5500,Bencin,Ročni,116,19790,Pravna oseba
Volkswagen Tiguan,Volkswagen,2016,146742,Dizel,Avtomatski,150,15900,Pravna oseba
Volkswagen Golf,Volkswagen,2021,118430,Dizel,Avtomatski,150,16900,Pravna oseba
Aixam Coupe,Aixam,,,Dizel,Avtomatski,8,17990,Pravna oseba
Volkswagen Passat,Volkswagen,2018,181100,Dizel,Avtomatski,190,13500,Pravna oseba
Seat Ateca,Seat,,,Bencin,Avtomatski,150,29650,Pravna oseba
Volkswagen Golf,Volkswagen,2018,220900,Dizel,Avtomatski,184,16999,Pravna oseba
Aixam MinAuto,Aixam,,,,Avtomatski,8,11990,Pravna oseba
Aixam City,Aixam,,,,Avtomatski,8,16490,Pravna oseba
Seat Leon,Seat,,,Bencin,Ročni,116,23680,Pravna oseba
Seat Leon,Seat,,,Bencin,Ročni,116,25500,Pravna oseba
Seat Leon,Seat,,,Bencin,Avtomatski,150,29990,Pravna oseba
Volkswagen Taigo,Volkswagen,,,Bencin,Ročni,116,23749,Pravna oseba
Volkswagen Taigo,Volkswagen,,,Bencin,Ročni,116,23490,Pravna oseba
Volkswagen Polo,Volkswagen,,,Bencin,Ročni,95,19700,Pravna oseba
Volkswagen Passat,Volkswagen,2017,189100,Dizel,Ročni,150,12400,Pravna oseba
Volkswagen ID.7,Volkswagen,2024,58400,,Avtomatski,286,39990,Pravna oseba
Volkswagen ID.Buzz,Volkswagen,2023,61500,,Avtomatski,204,36990,Pravna oseba
Citroën C4 Cactus,Citroën,2019,133000,Dizel,Ročni,102,7250,Pravna oseba
Mazda CX-5,Mazda,2017,206000,Dizel,Avtomatski,175,13480,Pravna oseba
Honda CR-V,Honda,2013,14000,Bencin,Avtomatski,155,14990,Pravna oseba
Mazda CX-5,Mazda,2017,172600,Bencin,Ročni,165,14480,Pravna oseba
Hyundai Ioniq 5,Hyundai,,,,Avtomatski,228,44990,Pravna oseba
Hyundai Ioniq 5,Hyundai,2024,48000,,Avtomatski,650,47180,Pravna oseba
Hyundai Bayon,Hyundai,2023,54900,Bencin,Avtomatski,101,15480,Pravna oseba
Volvo V60,Volvo,2019,197500,Dizel,Avtomatski,150,13890,Pravna oseba
Opel Corsa,Opel,2023,36500,Bencin,Avtomatski,101,14990,Pravna oseba
Škoda Kamiq,Škoda,2022,71100,Bencin,Avtomatski,110,16630,Pravna oseba
Renault Captur,Renault,2022,102000,Hibrid,Avtomatski,143,14470,Pravna oseba
KIA Stonic,KIA,2025,18000,Bencin,Ročni,79,15180,Pravna oseba
Hyundai Santa Fe,Hyundai,2015,270000,Dizel,Avtomatski,197,13890,Pravna oseba
Hyundai i30,Hyundai,,,Bencin,Ročni,101,,Pravna oseba
Renault Kadjar,Renault,2017,130867,Bencin,Ročni,131,9980,Pravna oseba
Hyundai Ioniq 5,Hyundai,,,,Avtomatski,228,44990,Pravna oseba
Hyundai Tucson,Hyundai,,,Bencin,Ročni,150,,Pravna oseba
Hyundai i20,Hyundai,,,Bencin,Avtomatski,90,,Pravna oseba
Hyundai Kona,Hyundai,,,,Avtomatski,218,44200,Pravna oseba
Hyundai Tucson,Hyundai,,,Hibrid,Avtomatski,179,,Pravna oseba
Hyundai Tucson,Hyundai,,,Bencin,Avtomatski,150,,Pravna oseba
Hyundai Tucson,Hyundai,,,Bencin,Avtomatski,150,,Pravna oseba
Audi A4,Audi,2022,145000,Dizel,Avtomatski,204,23990,Pravna oseba
Ford S-MAX,Ford,2018,145000,Dizel,Avtomatski,190,13480,Pravna oseba
BMW Serija 2,BMW,2019,185000,Dizel,Avtomatski,150,12990,Pravna oseba
Volkswagen Golf,Volkswagen,2021,118000,Dizel,Avtomatski,150,16900,Pravna oseba
Volkswagen Passat,Volkswagen,2022,163000,Dizel,Avtomatski,150,18480,Pravna oseba
Hyundai Kona,Hyundai,,,Bencin,Ročni,150,,Pravna oseba
Nissan Qashqai,Nissan,2018,150000,Dizel,Ročni,131,,Pravna oseba
Hyundai Bayon,Hyundai,2022,66000,Bencin,Ročni,84,12990,Pravna oseba
Hyundai i20,Hyundai,2022,125000,Bencin,Avtomatski,101,12780,Pravna oseba
Hyundai Kona,Hyundai,,,Bencin,Ročni,150,,Pravna oseba
Hyundai Ioniq 6,Hyundai,,,,Avtomatski,325,53560,Pravna oseba
Hyundai Ioniq 5,Hyundai,,,,Avtomatski,228,49080,Pravna oseba
Citroën C4 Grand Picasso,Citroën,2018,179737,Dizel,Avtomatski,120,9980,Pravna oseba
Hyundai Kona,Hyundai,,,,Avtomatski,218,37220,Pravna oseba
Hyundai i20,Hyundai,,,Bencin,Avtomatski,90,,Pravna oseba
Hyundai Tucson,Hyundai,,,Bencin,Ročni,150,,Pravna oseba
Hyundai Tucson,Hyundai,,,Bencin,Ročni,150,,Pravna oseba
Hyundai Ioniq 6,Hyundai,,,,Avtomatski,325,53260,Pravna oseba
Hyundai Tucson,Hyundai,2026,1,Bencin,Avtomatski,150,33400,Pravna oseba
Volkswagen Golf,Volkswagen,2015,103509,Bencin,Ročni,110,9980,Pravna oseba
Fiat Tipo,Fiat,2021,66000,Dizel,Ročni,120,12480,Pravna oseba
Hyundai Tucson,Hyundai,2023,75259,Bencin,Ročni,150,,Pravna oseba
Hyundai Ioniq 6,Hyundai,,,,Avtomatski,228,,Pravna oseba
Ford Focus,Ford,2019,1,Dizel,Ročni,120,8370,Pravna oseba
Hyundai Inster,Hyundai,,,,Avtomatski,97,26160,Pravna oseba
Hyundai Tucson,Hyundai,,,Hibrid,Avtomatski,179,,Pravna oseba
Hyundai Bayon,Hyundai,,,Bencin,Ročni,90,,Pravna oseba
Hyundai i20,Hyundai,,,Bencin,Avtomatski,90,,Pravna oseba
Hyundai Tucson,Hyundai,,,Bencin,Ročni,150,31850,Pravna oseba
Hyundai i20,Hyundai,,,Bencin,Ročni,90,,Pravna oseba
Hyundai Ioniq 6,Hyundai,,,,Avtomatski,228,49960,Pravna oseba
Hyundai Kona,Hyundai,,,,Avtomatski,218,38030,Pravna oseba
KIA Sportage,KIA,2019,167097,Dizel,Ročni,136,13480,Pravna oseba
Ford Focus,Ford,2015,175000,Bencin,Ročni,125,4990,Pravna oseba
Hyundai Ioniq 5,Hyundai,,,,Avtomatski,228,,Pravna oseba
Hyundai i20,Hyundai,,,Bencin,Ročni,90,,Pravna oseba
Hyundai i20,Hyundai,,,Bencin,Ročni,90,,Pravna oseba
Hyundai Inster,Hyundai,,,,Avtomatski,97,24910,Pravna oseba
Hyundai Ioniq 5,Hyundai,,,,Avtomatski,609,,Pravna oseba
KIA Sportage,KIA,2019,118421,Bencin,Ročni,132,,Pravna oseba
Hyundai Tucson,Hyundai,,,Bencin,Ročni,150,,Pravna oseba
Hyundai Kona,Hyundai,,,Bencin,Ročni,139,,Pravna oseba
Hyundai i20,Hyundai,,,Bencin,Ročni,90,,Pravna oseba
Hyundai Kona,Hyundai,,,Bencin,Avtomatski,139,29400,Pravna oseba
KIA XCeed,KIA,2023,45000,Bencin,Avtomatski,159,21990,Pravna oseba
Honda Civic,Honda,2009,254358,Dizel,Ročni,140,3490,Pravna oseba
Hyundai Inster,Hyundai,,,,Avtomatski,97,25960,Pravna oseba
Mercedes-Benz CLA-Razred,Mercedes-Benz,2025,16507,Dizel,Avtomatski,150,36990,Pravna oseba
Hyundai Kona,Hyundai,,,Bencin,Avtomatski,139,36690,Pravna oseba
Hyundai Bayon,Hyundai,,,Bencin,Ročni,90,,Pravna oseba
Hyundai Kona,Hyundai,,,,Avtomatski,218,41000,Pravna oseba
Hyundai Tucson,Hyundai,,,Bencin,Ročni,150,,Pravna oseba
Hyundai Tucson,Hyundai,,,Bencin,Ročni,150,,Pravna oseba
Hyundai i20,Hyundai,,,Bencin,Ročni,90,,Pravna oseba
Hyundai Kona,Hyundai,,,Bencin,Avtomatski,105,,Pravna oseba
Hyundai Tucson,Hyundai,,,Bencin,Ročni,150,,Pravna oseba
Hyundai i20,Hyundai,,,Bencin,Avtomatski,101,,Pravna oseba
Hyundai Tucson,Hyundai,,,Bencin,Avtomatski,160,48940,Pravna oseba
Hyundai i20,Hyundai,,,Bencin,Ročni,90,19850,Pravna oseba
Mercedes-Benz GLK-Razred,Mercedes-Benz,2008,346000,Dizel,Avtomatski,224,7990,Pravna oseba
Hyundai Tucson,Hyundai,,,Bencin,Ročni,150,31480,Pravna oseba
Hyundai Inster,Hyundai,,,,Avtomatski,97,26340,Pravna oseba
Hyundai Inster,Hyundai,,,,Avtomatski,97,26210,Pravna oseba
Hyundai Tucson,Hyundai,,,Bencin,Ročni,150,31530,Pravna oseba
Hyundai Santa Fe,Hyundai,,,Hibrid,Avtomatski,160,66930,Pravna oseba
Hyundai Tucson,Hyundai,,,Hibrid,Avtomatski,160,,Pravna oseba
Hyundai Santa Fe,Hyundai,,,Hibrid,Avtomatski,179,66930,Pravna oseba
Hyundai Kona,Hyundai,,,Hibrid,Avtomatski,139,,Pravna oseba
Hyundai Ioniq 5,Hyundai,,,,Avtomatski,228,44990,Pravna oseba
Hyundai Tucson,Hyundai,,,Bencin,Ročni,150,31850,Pravna oseba
Hyundai Tucson,Hyundai,,,Hibrid,Avtomatski,288,,Pravna oseba
Hyundai i30 Wagon,Hyundai,,,Bencin,Avtomatski,150,,Pravna oseba
Hyundai i30,Hyundai,2026,200,Bencin,Avtomatski,101,28840,Pravna oseba
Hyundai Kona,Hyundai,,,Bencin,Ročni,150,,Pravna oseba
Hyundai Tucson,Hyundai,,,Bencin,Ročni,150,,Pravna oseba
Hyundai Tucson,Hyundai,,,Bencin,Ročni,150,,Pravna oseba
Hyundai i30 Wagon,Hyundai,,,Bencin,Avtomatski,150,,Pravna oseba
Hyundai Bayon,Hyundai,,,Bencin,Ročni,90,,Pravna oseba
Hyundai Kona,Hyundai,,,Bencin,Ročni,137,,Pravna oseba
Hyundai Kona,Hyundai,,,,Avtomatski,156,,Pravna oseba
Hyundai i20,Hyundai,,,Bencin,Ročni,90,,Pravna oseba
Hyundai Inster,Hyundai,,,,Avtomatski,97,24460,Pravna oseba
Ford Kuga,Ford,2020,73900,Bencin,Ročni,120,,Pravna oseba
Hyundai Kona,Hyundai,,,Hibrid,Avtomatski,141,,Pravna oseba
Hyundai Tucson,Hyundai,,,Bencin,Ročni,150,32500,Pravna oseba
Hyundai Kona,Hyundai,,,,Avtomatski,218,38120,Pravna oseba
Hyundai i20,Hyundai,,,Bencin,Avtomatski,90,,Pravna oseba
Hyundai Inster,Hyundai,,,,Avtomatski,116,32000,Pravna oseba
Hyundai Inster,Hyundai,,,,Avtomatski,116,28130,Pravna oseba
Hyundai Inster,Hyundai,,,,Avtomatski,97,24860,Pravna oseba
Hyundai Ioniq 5,Hyundai,,,,Avtomatski,228,,Pravna oseba
Hyundai Tucson,Hyundai,,,Bencin,Ročni,150,,Pravna oseba
Hyundai Ioniq 9,Hyundai,,,,Avtomatski,428,,Pravna oseba
Hyundai Inster,Hyundai,,,,Avtomatski,114,29760,Pravna oseba
Hyundai Ioniq 5,Hyundai,,,,Avtomatski,228,44990,Pravna oseba
Hyundai Ioniq 5,Hyundai,,,,Avtomatski,228,,Pravna oseba
Hyundai Tucson,Hyundai,,,Bencin,Avtomatski,150,,Pravna oseba
Hyundai Tucson,Hyundai,,,Bencin,Avtomatski,150,,Pravna oseba
Hyundai Tucson,Hyundai,,,Hibrid,Avtomatski,215,,Pravna oseba
Hyundai Tucson,Hyundai,,,Hibrid,Avtomatski,252,,Pravna oseba
Hyundai i30,Hyundai,,,Bencin,Ročni,150,25290,Pravna oseba
Hyundai Ioniq 5,Hyundai,,,,Avtomatski,228,44990,Pravna oseba
Hyundai Inster,Hyundai,,,,Avtomatski,97,24460,Pravna oseba
Hyundai Kona,Hyundai,,,Bencin,Avtomatski,137,,Pravna oseba
Hyundai Kona,Hyundai,,,Hibrid,Avtomatski,141,,Pravna oseba
Hyundai Tucson,Hyundai,,,Bencin,Avtomatski,150,,Pravna oseba
Hyundai Kona,Hyundai,,,,Avtomatski,135,32830,Pravna oseba
Hyundai i30 Wagon,Hyundai,,,Bencin,Avtomatski,101,,Pravna oseba
Hyundai Kona,Hyundai,,,Bencin,Ročni,137,,Pravna oseba
Hyundai Kona,Hyundai,,,Bencin,Ročni,137,,Pravna oseba
Hyundai Kona,Hyundai,,,Bencin,Avtomatski,137,,Pravna oseba
Hyundai Tucson,Hyundai,,,Bencin,Avtomatski,150,,Pravna oseba
Hyundai Bayon,Hyundai,,,Bencin,Avtomatski,90,,Pravna oseba
Hyundai Tucson,Hyundai,,,Bencin,Avtomatski,150,,Pravna oseba
Hyundai Kona,Hyundai,,,,Avtomatski,135,31860,Pravna oseba
Hyundai Bayon,Hyundai,,,Bencin,Ročni,90,22800,Pravna oseba
Hyundai i30,Hyundai,,,Bencin,Ročni,150,26680,Pravna oseba
Hyundai Tucson,Hyundai,,,Bencin,Ročni,150,,Pravna oseba
Audi A4 Avant,Audi,2019,227000,Dizel,Avtomatski,190,16490,Pravna oseba
Citroën C3 Aircross,Citroën,,,,Avtomatski,113,28910,Pravna oseba
Citroën C3 Aircross,Citroën,,,,Avtomatski,113,28310,Pravna oseba
Citroën C3 Aircross,Citroën,,,Bencin,Avtomatski,145,25120,Pravna oseba
Ford Galaxy,Ford,2016,226000,Dizel,Avtomatski,179,12800,Fizična oseba
Citroën Berlingo,Citroën,2021,101967,Dizel,Ročni,131,14990,Pravna oseba
BMW serija 3 Touring:,BMW,2015,157000,Dizel,Avtomatski,190,17990,Pravna oseba
Volkswagen Tiguan,Volkswagen,2016,180000,Dizel,Avtomatski,150,15990,Pravna oseba
Mercedes-Benz GLA-Razred,Mercedes-Benz,,,Bencin,Avtomatski,136,,Pravna oseba
BMW serija 2 Gran Coupe:,BMW,2021,65500,Bencin,Avtomatski,299,34990,Pravna oseba
Nissan Juke,Nissan,2025,4243,Bencin,Avtomatski,114,23970,Pravna oseba
Volkswagen T-Cross,Volkswagen,,,Bencin,Ročni,116,24389,Pravna oseba
Volkswagen Taigo,Volkswagen,,,Bencin,Avtomatski,116,23312,Pravna oseba
Mercedes-Benz CLA-Razred,Mercedes-Benz,,,Bencin,Avtomatski,163,,Pravna oseba
Mercedes-Benz A-Razred,Mercedes-Benz,,,Bencin,Avtomatski,136,,Pravna oseba
Citroën C2,Citroën,2007,122000,Bencin,Ročni,73,1390,Pravna oseba
Audi A4,Audi,2018,249990,Dizel,Avtomatski,190,14990,Pravna oseba
BMW serija X2:,BMW,2020,184000,Dizel,Ročni,116,14988,Pravna oseba
Forthing Forthing T5 EVO,Forthing,2024,15700,Bencin,Avtomatski,177,,Pravna oseba
Opel Corsa,Opel,2023,100413,Bencin,Avtomatski,101,11990,Pravna oseba
Mercedes-Benz A-Razred,Mercedes-Benz,2016,152432,Dizel,Avtomatski,177,14990,Fizična oseba
Renault Mégane,Renault,2018,163966,Dizel,Ročni,110,,Pravna oseba
BMW serija 3 Touring:,BMW,2021,179000,Dizel,Ročni,122,16989,Pravna oseba
Audi A5,Audi,2017,194391,Bencin,Ročni,170,14990,Pravna oseba
Renault Clio,Renault,2009,1,Dizel,Ročni,86,Cena po dogovoru,Pravna oseba
Škoda Superb,Škoda,2008,283500,Bencin,Ročni,160,3600,Fizična oseba
Audi A6,Audi,2023,88000,Dizel,Avtomatski,204,38980,Pravna oseba
Volkswagen T-Roc,Volkswagen,2019,160100,Bencin,Ročni,150,15990,Fizična oseba
Peugeot 308,Peugeot,2019,221500,Bencin,Ročni,131,8900,Pravna oseba
Mercedes-Benz CLS-Razred,Mercedes-Benz,2019,220900,Dizel,Avtomatski,286,28499,Pravna oseba
Citroën C4 Grand Picasso,Citroën,2016,240300,Dizel,Avtomatski,120,5999,Pravna oseba
Mercedes-Benz CLA Shooting Brake,Mercedes-Benz,2020,183000,Dizel,Ročni,116,15899,Pravna oseba
Citroën C5,Citroën,2016,267000,Dizel,Avtomatski,181,4690,Pravna oseba
BMW serija 5 Touring:,BMW,2021,236430,Dizel,Avtomatski,190,24995,Pravna oseba
Volkswagen Polo,Volkswagen,2019,95000,Bencin,Ročni,102,8900,Fizična oseba
Audi A6,Audi,2021,213257,Dizel,Avtomatski,231,21700,Pravna oseba
Škoda Octavia,Škoda,2014,266250,Dizel,Avtomatski,184,10490,Pravna oseba
Audi A4,Audi,2013,256000,Dizel,Ročni,143,7950,Pravna oseba
Mercedes-Benz C-Razred,Mercedes-Benz,2021,155021,Dizel,Avtomatski,122,16980,Pravna oseba
Škoda Roomster,Škoda,2014,203431,Dizel,Ročni,90,5300,Pravna oseba
Mercedes-Benz CLA Shooting Brake,Mercedes-Benz,2016,199721,Bencin,Ročni,122,11880,Pravna oseba
Mazda Mazda3,Mazda,2015,238412,Dizel,Ročni,150,6980,Pravna oseba
Volkswagen Golf,Volkswagen,2013,240012,Dizel,Ročni,105,6980,Pravna oseba
Volkswagen Eos,Volkswagen,2011,147611,Bencin,Ročni,122,9980,Pravna oseba
Peugeot 5008,Peugeot,2022,59212,Dizel,Avtomatski,131,21980,Pravna oseba
Volvo V60,Volvo,2024,107720,Dizel,Avtomatski,197,24990,Pravna oseba
Renault Captur,Renault,2021,62500,Bencin,Avtomatski,140,,Pravna oseba
Ford Tourneo Connect,Ford,2017,205000,Dizel,Ročni,120,9980,Fizična oseba
Volkswagen Touran,Volkswagen,2013,296000,Dizel,Ročni,140,5950,Pravna oseba
Ford B-MAX,Ford,2017,114827,Bencin,Ročni,101,6990,Pravna oseba
Renault Talisman,Renault,2019,83832,Dizel,Avtomatski,200,17990,Pravna oseba
Volkswagen Passat,Volkswagen,2025,27998,Bencin,Avtomatski,150,28990,Pravna oseba
Volkswagen Passat,Volkswagen,2025,19511,Bencin,Avtomatski,150,29780,Pravna oseba
Volkswagen Passat,Volkswagen,2019,296494,Dizel,Avtomatski,150,,Pravna oseba
BMW X3,BMW,2021,110239,Dizel,Avtomatski,190,29990,Pravna oseba
Mercedes-Benz GL-Razred,Mercedes-Benz,2008,369894,Dizel,Avtomatski,224,11980,Pravna oseba
Peugeot 5008,Peugeot,2019,131000,Bencin,Ročni,131,10950,Pravna oseba
Škoda Octavia,Škoda,2023,139995,Dizel,Avtomatski,150,22960,Pravna oseba
Škoda Octavia,Škoda,2022,136852,Dizel,Avtomatski,150,23490,Pravna oseba
Mercedes-Benz GLB-Razred,Mercedes-Benz,2021,90508,Dizel,Avtomatski,150,24990,Pravna oseba
Volkswagen Passat,Volkswagen,2016,246747,Dizel,Ročni,150,9890,Pravna oseba
Audi A4,Audi,2016,238430,Dizel,Avtomatski,218,14995,Pravna oseba
Mercedes-Benz CLA Shooting Brake,Mercedes-Benz,2016,148322,Dizel,Avtomatski,136,Cena po dogovoru,Pravna oseba
Toyota Yaris Cross,Toyota,2023,31166,Bencin,Ročni,125,18690,Pravna oseba
Škoda Kodiaq,Škoda,2019,78968,Bencin,Avtomatski,150,22990,Pravna oseba
Škoda Kamiq,Škoda,2021,70323,Bencin,Ročni,95,12990,Pravna oseba
Seat Ateca,Seat,2021,691234,Bencin,Ročni,110,15790,Pravna oseba
Seat Arona,Seat,2021,60574,Bencin,Ročni,95,11990,Pravna oseba
Renault Captur,Renault,2016,78385,Bencin,Ročni,90,8790,Pravna oseba
Renault Captur,Renault,2015,107541,Bencin,Ročni,90,7390,Pravna oseba
Renault Captur,Renault,2018,81055,Bencin,Ročni,118,9990,Pravna oseba
KIA Stonic,KIA,2020,58263,Bencin,Ročni,101,11390,Pravna oseba
KIA Stonic,KIA,2020,66882,Bencin,Ročni,101,11990,Pravna oseba
Dacia Sandero,Dacia,2018,66345,Bencin,Ročni,90,7990,Pravna oseba
Citroën C4 Grand SpaceTourer,Citroën,2020,100728,Dizel,Ročni,131,13790,Pravna oseba
Mercedes-Benz GLC-Razred,Mercedes-Benz,,,Dizel,Avtomatski,197,,Pravna oseba
Mercedes-Benz GLC-Razred,Mercedes-Benz,,,Dizel,Avtomatski,197,,Pravna oseba
Mercedes-Benz GLC-Razred,Mercedes-Benz,,,Dizel,Avtomatski,197,,Pravna oseba
Mercedes-Benz GLA-Razred,Mercedes-Benz,,,Bencin,Avtomatski,163,,Pravna oseba
Mercedes-Benz GLA-Razred,Mercedes-Benz,,,Dizel,Avtomatski,150,,Pravna oseba
Mercedes-Benz C-Razred,Mercedes-Benz,,,Dizel,Avtomatski,163,,Pravna oseba
Mercedes-Benz CLA-Razred,Mercedes-Benz,,,Bencin,Avtomatski,156,,Pravna oseba
Mercedes-Benz CLA-Razred,Mercedes-Benz,2025,10076,Bencin,Avtomatski,163,36990,Pravna oseba
Mercedes-Benz B-Razred,Mercedes-Benz,,,Bencin,Avtomatski,136,,Pravna oseba
Mercedes-Benz B-Razred,Mercedes-Benz,2025,11700,Bencin,Avtomatski,136,,Pravna oseba
Mercedes-Benz GLC-Razred,Mercedes-Benz,,,Dizel,Avtomatski,197,,Pravna oseba
Mercedes-Benz GLC-Razred,Mercedes-Benz,,,Bencin,Avtomatski,204,,Pravna oseba
BMW X6,BMW,2023,49900,Dizel,Avtomatski,286,67900,Pravna oseba
Volkswagen Golf,Volkswagen,2015,180000,Bencin,Avtomatski,300,,Pravna oseba
Volkswagen Golf,Volkswagen,2016,291000,Dizel,Ročni,116,,Pravna oseba
Mazda Mazda6e,Mazda,,,,Avtomatski,258,,Pravna oseba
Mercedes-Benz CLA-Razred,Mercedes-Benz,2021,70000,Bencin,Avtomatski,163,,Pravna oseba
Škoda Superb,Škoda,2020,31500,Hibrid,Avtomatski,218,,Pravna oseba
BMW serija X1:,BMW,2021,151000,Dizel,Ročni,116,16499,Pravna oseba
Audi A3,Audi,2017,175006,Hibrid,Avtomatski,204,,Pravna oseba
BMW Serija 2,BMW,2019,130000,Bencin,Ročni,109,,Pravna oseba
BMW serija 5 Touring:,BMW,2018,262000,Dizel,Avtomatski,190,14950,Pravna oseba
BMW X5,BMW,2024,92130,Dizel,Avtomatski,286,Cena po dogovoru,Pravna oseba
Mercedes-Benz CLA-Razred,Mercedes-Benz,,,,Avtomatski,272,,Pravna oseba
Mercedes-Benz GLA-Razred,Mercedes-Benz,,,Bencin,Avtomatski,136,,Pravna oseba
Volkswagen Multivan,Volkswagen,,,Dizel,Avtomatski,150,,Pravna oseba
Vinfast VF8,Vinfast,,,,Avtomatski,408,39490,Pravna oseba
Vinfast VF8,Vinfast,,,,Avtomatski,408,39490,Pravna oseba
Vinfast VF8,Vinfast,,,,Avtomatski,354,35490,Pravna oseba
Vinfast VF8,Vinfast,,,,Avtomatski,354,35490,Pravna oseba
Vinfast VF8,Vinfast,,,,Avtomatski,354,35490,Pravna oseba
Mercedes-Benz CLA-Razred,Mercedes-Benz,,,,Avtomatski,272,,Pravna oseba
Vinfast VF8,Vinfast,,,,Avtomatski,408,39490,Pravna oseba
Forthing T5 EVO,Forthing,2024,36239,Bencin,Avtomatski,177,20990,Pravna oseba
Mercedes-Benz GLA-Razred,Mercedes-Benz,,,Bencin,Avtomatski,136,,Pravna oseba
Vinfast VF8,Vinfast,,,,Avtomatski,408,39490,Pravna oseba
Vinfast VF8,Vinfast,,,,Avtomatski,408,39490,Pravna oseba
Vinfast VF8,Vinfast,,,,Avtomatski,408,39490,Pravna oseba
Vinfast VF8,Vinfast,,,,Avtomatski,408,39490,Pravna oseba
Vinfast VF8,Vinfast,,,,Avtomatski,408,39490,Pravna oseba
Vinfast VF8,Vinfast,,,,Avtomatski,408,39490,Pravna oseba
Mercedes-Benz GLA-Razred,Mercedes-Benz,,,Bencin,Avtomatski,136,,Pravna oseba
Vinfast VF8,Vinfast,,,,Avtomatski,354,34990,Pravna oseba
Vinfast VF8,Vinfast,,,,Avtomatski,354,34990,Pravna oseba
Vinfast VF6,Vinfast,,,,Avtomatski,204,27990,Pravna oseba
Vinfast VF6,Vinfast,,,,Avtomatski,204,27990,Pravna oseba
Porsche Macan,Porsche,2018,220000,Dizel,Avtomatski,258,29990,Pravna oseba
Mercedes-Benz GLA-Razred,Mercedes-Benz,2025,7797,Dizel,Avtomatski,150,35990,Pravna oseba
Ford Tourneo,Ford,,,,Avtomatski,218,Cena po dogovoru,Pravna oseba
Ford Tourneo,Ford,,,,Avtomatski,218,Cena po dogovoru,Pravna oseba
Ford Tourneo,Ford,,,,Avtomatski,136,Cena po dogovoru,Pravna oseba
BMW serija 1:,BMW,2022,119000,Bencin,Ročni,109,15996,Pravna oseba
Ford Puma,Ford,,,,Avtomatski,169,Cena po dogovoru,Pravna oseba
Ford Capri,Ford,,,,Avtomatski,170,33682,Pravna oseba
Chevrolet Corvette,Chevrolet,2005,80200,Bencin,Ročni,404,40000,Pravna oseba
Mercedes-Benz A-Razred,Mercedes-Benz,2009,171000,Dizel,Ročni,82,Cena po dogovoru,Pravna oseba
Audi A4,Audi,2013,279000,Dizel,Ročni,150,11990,Pravna oseba
BMW X1,BMW,2022,132276,Hibrid,Avtomatski,220,17880,Pravna oseba
Peugeot 3008,Peugeot,2023,55000,Hibrid,Avtomatski,299,25500,Pravna oseba
Audi e-tron,Audi,2022,46000,,Avtomatski,313,,Pravna oseba
BMW X3,BMW,2023,122000,Dizel,Avtomatski,286,,Pravna oseba
Volkswagen Amarok,Volkswagen,2017,216450,Dizel,Avtomatski,224,22650,Pravna oseba
Hyundai Kona,Hyundai,2026,17160,Hibrid,Avtomatski,94,27872,Pravna oseba
Mazda CX-6e,Mazda,,,,Avtomatski,258,44490,Pravna oseba
Mazda CX-6e,Mazda,,,,Avtomatski,258,43140,Pravna oseba
Mazda CX-6e,Mazda,,,,Avtomatski,258,43940,Pravna oseba
Mazda CX-80,Mazda,,,Dizel,Avtomatski,254,60990,Pravna oseba
Opel Astra,Opel,2024,40174,Bencin,Ročni,110,15490,Pravna oseba
Renault Kadjar,Renault,2019,181315,Dizel,Ročni,150,12590,Pravna oseba
Opel Mokka,Opel,2018,157800,Bencin,Ročni,140,9490,Pravna oseba
Omoda 5,Omoda,2025,6038,Bencin,Avtomatski,147,19990,Pravna oseba
Mitsubishi ASX,Mitsubishi,2018,187329,Bencin,Ročni,117,10700,Pravna oseba
Mazda Mazda6e,Mazda,,,,Avtomatski,245,44690,Pravna oseba
Mazda Mazda6e,Mazda,,,,Avtomatski,245,44690,Pravna oseba
Mazda Mazda6e,Mazda,,,,Avtomatski,258,43240,Pravna oseba
Mazda Mazda6e,Mazda,,,,Avtomatski,258,41290,Pravna oseba
Mazda Mazda6e,Mazda,,,,Avtomatski,258,41110,Pravna oseba
Mazda Mazda3,Mazda,,,Bencin,Ročni,140,27090,Pravna oseba
Mazda Mazda3,Mazda,,,Bencin,Ročni,140,27240,Pravna oseba
Mazda Mazda3,Mazda,,,Bencin,Ročni,140,26940,Pravna oseba
Mazda Mazda2,Mazda,,,Hibrid,Avtomatski,116,20860,Pravna oseba
Mazda Mazda2,Mazda,,,Hibrid,Avtomatski,116,20310,Pravna oseba
Mazda CX-80,Mazda,,,Dizel,Avtomatski,254,60990,Pravna oseba
Mazda CX-60,Mazda,,,Dizel,Avtomatski,254,56790,Pravna oseba
Mazda CX-60,Mazda,,,Dizel,Avtomatski,254,55890,Pravna oseba
Mazda CX-60,Mazda,,,Dizel,Avtomatski,254,55740,Pravna oseba
Mazda CX-60,Mazda,,,Dizel,Avtomatski,254,58490,Pravna oseba
Mazda CX-60,Mazda,2023,94500,Dizel,Avtomatski,254,30990,Pravna oseba
Mazda CX-30,Mazda,,,Bencin,Ročni,140,28410,Pravna oseba
Mazda CX-60,Mazda,2022,110400,Hibrid,Avtomatski,328,33490,Pravna oseba
Jeep Avenger,Jeep,,,Bencin,Avtomatski,101,26990,Pravna oseba
Jeep Avenger,Jeep,,,Bencin,Avtomatski,101,24990,Pravna oseba
Mazda CX-30,Mazda,,,Bencin,Avtomatski,140,30910,Pravna oseba
Mazda CX-30,Mazda,,,Bencin,Ročni,140,28560,Pravna oseba
Mazda CX-30,Mazda,,,Bencin,Ročni,140,28410,Pravna oseba
Geely StarRay,Geely,2026,371,Bencin,Avtomatski,238,30990,Pravna oseba
Mazda CX-30,Mazda,,,Bencin,Avtomatski,140,31460,Pravna oseba
Mazda CX-30,Mazda,,,Bencin,Ročni,140,29260,Pravna oseba
Mazda CX-30,Mazda,,,Bencin,Avtomatski,140,30110,Pravna oseba
Mazda CX-30,Mazda,,,Bencin,Avtomatski,140,29960,Pravna oseba
Mazda CX-30,Mazda,,,Bencin,Avtomatski,140,29810,Pravna oseba
Mazda CX-30,Mazda,,,Bencin,Ročni,140,27910,Pravna oseba
Mazda CX-30,Mazda,,,Bencin,Ročni,140,27760,Pravna oseba
Mazda CX-30,Mazda,,,Bencin,Ročni,140,27610,Pravna oseba
Jeep Wrangler,Jeep,,,Bencin,Avtomatski,272,65489,Pravna oseba
Mazda CX-3,Mazda,2015,140309,Dizel,Ročni,105,10300,Pravna oseba
Jeep Compass,Jeep,,,Bencin,Avtomatski,145,35380,Pravna oseba
Jeep Compass,Jeep,2025,13102,Bencin,Avtomatski,131,23490,Pravna oseba
Jeep Avenger,Jeep,,,Bencin,Ročni,101,19990,Pravna oseba
Jeep Avenger,Jeep,,,Bencin,Avtomatski,136,28390,Pravna oseba
Jeep Avenger,Jeep,,,Bencin,Avtomatski,136,28640,Pravna oseba
Jeep Avenger,Jeep,,,Bencin,Ročni,101,23790,Pravna oseba
Geely StarRay,Geely,,,Hibrid,Avtomatski,317,32990,Pravna oseba
Geely Cityray,Geely,,,Bencin,Avtomatski,174,22990,Pravna oseba
Geely Cityray,Geely,,,Bencin,Avtomatski,174,22990,Pravna oseba
Geely Cityray,Geely,,,Bencin,Avtomatski,174,22990,Pravna oseba
Geely Coolray,Geely,2025,7000,Bencin,Avtomatski,174,23490,Pravna oseba
Fiat Grande Panda,Fiat,,,Bencin,Ročni,101,17190,Pravna oseba
Geely Cityray,Geely,,,Bencin,Avtomatski,174,25990,Pravna oseba
Geely Cityray,Geely,,,Bencin,Avtomatski,174,24990,Pravna oseba
Geely Cityray,Geely,,,Bencin,Avtomatski,174,24990,Pravna oseba
Geely Cityray,Geely,,,Bencin,Avtomatski,174,24990,Pravna oseba
Fiat Grande Panda,Fiat,,,Bencin,Avtomatski,101,21380,Pravna oseba
Fiat Grande Panda,Fiat,,,Bencin,Avtomatski,101,21380,Pravna oseba
Fiat Grande Panda,Fiat,,,Bencin,Avtomatski,101,21130,Pravna oseba
Fiat Grande Panda,Fiat,,,Bencin,Avtomatski,101,20950,Pravna oseba
Fiat Grande Panda,Fiat,,,Bencin,Avtomatski,110,18930,Pravna oseba
Fiat Grande Panda,Fiat,,,Bencin,Avtomatski,101,19600,Pravna oseba
Mazda Mazda2,Mazda,,,Hibrid,Avtomatski,116,23660,Pravna oseba
Fiat Panda,Fiat,,,Bencin,Ročni,61,12690,Pravna oseba
Fiat Panda,Fiat,,,Bencin,Ročni,65,11490,Pravna oseba
Fiat Grande Panda,Fiat,,,Hibrid,Avtomatski,101,17890,Pravna oseba
Fiat 600,Fiat,,,Hibrid,Avtomatski,101,20430,Pravna oseba
Fiat 500,Fiat,2013,172895,Bencin,Ročni,69,4990,Pravna oseba
Citroën C4 Grand Picasso,Citroën,2015,185954,Dizel,Ročni,120,7700,Pravna oseba
Volkswagen Passat Variant,Volkswagen,2020,246000,Dizel,Avtomatski,150,14850,Pravna oseba
Mazda CX-80,Mazda,,,Hibrid,Avtomatski,328,68890,Pravna oseba
Mazda CX-80,Mazda,,,Dizel,Avtomatski,254,66990,Pravna oseba
Opel Grandland X,Opel,2018,105270,Bencin,Ročni,131,12700,Pravna oseba
Audi Q3,Audi,2015,165000,Bencin,Ročni,150,9990,Pravna oseba
Škoda Octavia,Škoda,2015,210000,Dizel,Ročni,105,7850,Pravna oseba
BMW serija 3 Gran Turismo:,BMW,2013,254000,Dizel,Ročni,143,7850,Pravna oseba
Audi Q2,Audi,2017,210000,Dizel,Ročni,116,10999,Pravna oseba
BMW serija 3 Touring:,BMW,2017,122500,Dizel,Avtomatski,150,15490,Pravna oseba
Toyota GR Yaris,Toyota,2024,14513,Bencin,Avtomatski,280,43500,Pravna oseba
Volvo EX30,Volvo,2026,5000,,Avtomatski,272,32999,Pravna oseba
KIA PV5,KIA,,,,Avtomatski,163,49599,Pravna oseba
KIA XCeed,KIA,2026,5001,Bencin,Avtomatski,150,24599,Pravna oseba
Renault Talisman,Renault,2018,162000,Dizel,Ročni,131,8700,Fizična oseba
BMW serija X6:,BMW,2016,157010,Bencin,Avtomatski,600,46999,Pravna oseba
Geely CoolRay,Geely,2025,6819,Bencin,Avtomatski,174,21999,Pravna oseba
Peugeot,Peugeot,2020,174341,Dizel,Avtomatski,131,13400,Fizična oseba
KIA Sportage,KIA,2024,18845,Hibrid,Avtomatski,179,35999,Pravna oseba
KIA EV4,KIA,,,,Avtomatski,204,49299,Pravna oseba
Geely EX5,Geely,,,,Avtomatski,218,42990,Pravna oseba
KIA EV3,KIA,,,,Avtomatski,204,34179,Pravna oseba
Zeekr X,Zeekr,,,,Avtomatski,272,34999,Pravna oseba
Zeekr 001,Zeekr,2026,5000,,Avtomatski,544,64790,Pravna oseba
KIA EV3,KIA,,,,Avtomatski,204,34179,Pravna oseba
Zeekr 7X,Zeekr,,,,Avtomatski,646,68590,Pravna oseba
Peugeot 5008,Peugeot,2011,159002,Bencin,Ročni,120,4480,Pravna oseba
KIA EV3,KIA,,,,Avtomatski,204,38699,Pravna oseba
KIA Sportage,KIA,,,Bencin,Avtomatski,179,41799,Pravna oseba
Geely StarRay,Geely,2025,5001,Bencin,Avtomatski,238,28399,Pravna oseba
KIA Sportage,KIA,,,Bencin,Ročni,160,29299,Pravna oseba
Mercedes-Benz GLC-Razred,Mercedes-Benz,2023,117000,Dizel,Avtomatski,197,39990,Pravna oseba
Volkswagen Golf,Volkswagen,2024,76000,Dizel,Ročni,150,23990,Pravna oseba
Audi A4 Avant,Audi,2022,143000,Dizel,Avtomatski,163,23490,Pravna oseba
BMW serija 5 Touring:,BMW,2024,13000,Dizel,Avtomatski,197,45700,Pravna oseba
Ford Ecosport,Ford,2022,79900,Bencin,Ročni,125,12700,Pravna oseba
Jaguar I-PACE,Jaguar,2019,88000,,,400,22900,Fizična oseba
Volkswagen Golf,Volkswagen,2007,300000,Dizel,Ročni,105,3890,Fizična oseba
Škoda Karoq,Škoda,2020,58845,Bencin,Avtomatski,150,22498,Pravna oseba
Škoda Octavia,Škoda,2016,220000,Dizel,Ročni,110,6700,Pravna oseba
SsangYong Tivoli,SsangYong,2016,128000,Dizel,Avtomatski,116,6900,Pravna oseba
Renault Scenic,Renault,2016,190000,Dizel,Ročni,95,5700,Pravna oseba
Hyundai Kona,Hyundai,2018,144000,Bencin,Ročni,120,10490,Pravna oseba
Mercedes-Benz C-Razred,Mercedes-Benz,2016,107000,Bencin,Avtomatski,156,21990,Pravna oseba
BMW Serija 3,BMW,2015,283000,Dizel,Avtomatski,190,8500,Fizična oseba
Mercedes-Benz C-Razred,Mercedes-Benz,2013,320513,Dizel,Ročni,163,5999,Pravna oseba
Volkswagen Passat,Volkswagen,2018,229850,Dizel,Avtomatski,150,10680,Fizična oseba
KIA Optima,KIA,2014,209000,Dizel,Avtomatski,136,7500,Fizična oseba
Audi R8,Audi,2021,53000,Bencin,Avtomatski,620,159950,Pravna oseba
Renault Clio,Renault,2016,186000,Dizel,Ročni,75,5950,Pravna oseba
Hyundai Kona,Hyundai,2021,76000,Bencin,Ročni,120,13990,Pravna oseba
Volkswagen Golf,Volkswagen,2016,249004,Dizel,Ročni,110,7950,Pravna oseba
Volkswagen Passat,Volkswagen,2012,390000,Dizel,Ročni,140,4950,Pravna oseba
Volkswagen Passat,Volkswagen,2019,268000,Dizel,Avtomatski,190,13850,Pravna oseba
Alfa Romeo Stelvio,Alfa,2020,159900,Dizel,Ročni,209,,Pravna oseba
Audi A6 Avant,Audi,2017,213000,Dizel,Avtomatski,272,14850,Pravna oseba
BMW X6,BMW,2021,80405,Bencin,Avtomatski,530,57490,Pravna oseba
Škoda Kodiaq,Škoda,2019,136638,Bencin,Ročni,150,16990,Pravna oseba
BMW X2,BMW,2025,72482,Dizel,Avtomatski,150,41790,Pravna oseba
BMW Serija 3,BMW,2024,17677,Dizel,Avtomatski,150,37990,Pravna oseba
BMW Serija 5,BMW,2025,25478,Dizel,Avtomatski,197,61990,Pravna oseba
BMW X3,BMW,2025,13100,Bencin,Avtomatski,381,75900,Pravna oseba
BMW i4,BMW,2025,12672,,Avtomatski,401,54990,Pravna oseba
BMW serija X3:,BMW,2015,212000,Dizel,Avtomatski,190,12850,Pravna oseba
Audi A6,Audi,2020,255000,Dizel,Avtomatski,204,21850,Pravna oseba
Volvo XC60,Volvo,2025,27165,Bencin,Avtomatski,250,41487,Pravna oseba
Citroën C5 Aircross,Citroën,2020,138000,Dizel,Ročni,131,13866,Pravna oseba
Audi A4 Avant,Audi,2019,200000,Dizel,Avtomatski,163,13950,Pravna oseba
BMW serija X3:,BMW,2017,210000,Dizel,Avtomatski,190,14850,Pravna oseba
Audi A4,Audi,2018,233000,Dizel,Ročni,150,13950,Pravna oseba
Toyota Yaris Cross,Toyota,,,Hibrid,Avtomatski,116,24240,Pravna oseba
Mercedes-Benz EQA,Mercedes-Benz,2023,41451,,Avtomatski,190,31480,Pravna oseba
Volvo XC90,Volvo,2020,128100,Dizel,Avtomatski,235,,Pravna oseba
Volkswagen T-Roc,Volkswagen,2026,6600,Bencin,Avtomatski,150,33790,Pravna oseba
BMW Serija 7,BMW,2017,234500,Dizel,Avtomatski,265,29900,Pravna oseba
Volkswagen Passat,Volkswagen,2023,92000,Dizel,Avtomatski,150,,Pravna oseba
Citroën C4,Citroën,2010,171000,Bencin,Ročni,88,1390,Pravna oseba
BMW serija 3:,BMW,2017,185000,Dizel,Avtomatski,116,11850,Pravna oseba
BMW serija 3:,BMW,2023,161000,Dizel,Avtomatski,150,24850,Pravna oseba
MG ZS,MG,2024,37614,Bencin,Ročni,106,13999,Pravna oseba
Fiat 500X,Fiat,2017,149225,Bencin,Ročni,140,9980,Pravna oseba
Škoda Octavia,Škoda,2021,154358,Dizel,Ročni,116,17000,Fizična oseba
Audi Q3,Audi,2022,132800,Dizel,Avtomatski,200,,Pravna oseba
BMW X3,BMW,2025,24700,Dizel,Avtomatski,197,55555,Pravna oseba
Škoda Octavia,Škoda,2016,210000,Dizel,Avtomatski,184,9990,Fizična oseba
Audi A4,Audi,2020,179000,Dizel,Avtomatski,163,15200,Fizična oseba
Audi A3,Audi,2014,276095,Dizel,Ročni,110,8990,Pravna oseba
Volkswagen Passat Variant,Volkswagen,2015,232662,Dizel,Ročni,150,9490,Pravna oseba
BMW serija X1:,BMW,2018,265202,Dizel,Ročni,116,11500,Pravna oseba
Audi A4,Audi,2012,287441,Dizel,Ročni,143,8850,Pravna oseba
Volkswagen Polo,Volkswagen,2018,167868,Bencin,Ročni,65,7990,Pravna oseba
BMW serija 5:,BMW,2017,2,Dizel,Ročni,190,17800,Pravna oseba
Mercedes-Benz C-Razred,Mercedes-Benz,2018,231016,Dizel,Avtomatski,122,11990,Pravna oseba
Peugeot 508,Peugeot,2021,183496,Dizel,Avtomatski,131,13500,Pravna oseba
Volkswagen Touran,Volkswagen,2015,188522,Dizel,Ročni,110,9350,Pravna oseba
Porsche Macan,Porsche,2015,175123,Dizel,Avtomatski,258,29990,Pravna oseba
Opel Crossland,Opel,2024,26400,Bencin,Ročni,110,13890,Pravna oseba
Mercedes-Benz A-Razred,Mercedes-Benz,2021,129000,Dizel,Avtomatski,116,22690,Pravna oseba
KIA Stonic,KIA,,,Bencin,Ročni,84,16649,Pravna oseba
Ford Kuga,Ford,2011,256305,Dizel,Ročni,140,4850,Pravna oseba
KIA Sportage,KIA,,,Bencin,Ročni,150,26099,Pravna oseba
Audi Q7,Audi,2014,278429,Dizel,Avtomatski,245,15498,Pravna oseba
Peugeot 5008,Peugeot,2014,223388,Dizel,Ročni,114,4498,Pravna oseba
BMW Serija 3,BMW,2008,278104,Dizel,Avtomatski,231,,Pravna oseba
MG ZS,MG,2024,37614,Bencin,Ročni,106,13999,Pravna oseba
Volkswagen Multivan,Volkswagen,2025,33000,Dizel,Avtomatski,150,48950,Pravna oseba
Citroën C3,Citroën,2023,51240,Dizel,Ročni,102,10222,Pravna oseba
Opel Insignia,Opel,2019,170000,Dizel,Ročni,170,10950,Pravna oseba
Audi A3,Audi,2015,245004,Dizel,Ročni,110,8950,Pravna oseba
Volkswagen Passat,Volkswagen,2023,192451,Dizel,Avtomatski,150,15680,Pravna oseba
Volkswagen Golf,Volkswagen,2016,176000,Dizel,Ročni,110,7900,Fizična oseba
Mercedes-Benz GLC-Razred,Mercedes-Benz,2025,19996,Dizel,Avtomatski,269,58990,Pravna oseba
Renault Mégane,Renault,2019,126900,Bencin,Avtomatski,140,10950,Pravna oseba
Volkswagen Amarok,Volkswagen,2017,216450,Dizel,Avtomatski,224,22650,Pravna oseba
Volkswagen Amarok,Volkswagen,2021,158700,Dizel,Avtomatski,258,29950,Pravna oseba
Volkswagen Golf,Volkswagen,2014,108000,Dizel,Avtomatski,150,13990,Pravna oseba
Volkswagen Golf,Volkswagen,2016,187428,Dizel,Avtomatski,110,9490,Pravna oseba
Mercedes-Benz Citan,Mercedes-Benz,2019,173000,Dizel,Ročni,90,8540,Pravna oseba
Opel Combo,Opel,2025,15273,Dizel,Ročni,102,17990,Pravna oseba
Honda CR-V,Honda,,,Hibrid,Avtomatski,184,,Pravna oseba
Honda CR-V,Honda,,,Hibrid,Avtomatski,184,,Pravna oseba
Citroën Jumper,Citroën,2020,231769,Dizel,Ročni,140,10990,Pravna oseba
BMW Serija 2,BMW,2020,149715,Dizel,Ročni,116,13400,Pravna oseba
BMW X7,BMW,2023,61500,Dizel,Ročni,340,84990,Pravna oseba
BMW serija 5:,BMW,2014,177000,Dizel,Avtomatski,184,14850,Pravna oseba
BMW serija X1:,BMW,2017,206000,Dizel,Ročni,150,12850,Pravna oseba
Renault Captur,Renault,2015,20301,Bencin,Ročni,90,8990,Pravna oseba
KIA Sportage,KIA,,,Bencin,Avtomatski,150,39599,Pravna oseba
KIA Stonic,KIA,,,Bencin,Ročni,84,16649,Pravna oseba
KIA Sportage,KIA,,,Bencin,Avtomatski,150,35299,Pravna oseba
KIA Sportage,KIA,,,Bencin,Avtomatski,150,27799,Pravna oseba
SsangYong Tivoli,SsangYong,,,Bencin,Ročni,163,19999,Pravna oseba
KIA Sportage,KIA,,,Bencin,Avtomatski,150,35299,Pravna oseba
KIA XCeed,KIA,2026,11404,Bencin,Avtomatski,150,23999,Pravna oseba
KIA XCeed,KIA,,,Bencin,Avtomatski,150,24799,Pravna oseba
Geely StarRay EM-i,Geely,,,Hibrid,Avtomatski,99,32990,Pravna oseba
KIA EV5,KIA,,,,Avtomatski,218,Cena po dogovoru,Pravna oseba
KIA Sportage,KIA,,,Hibrid,Avtomatski,179,43299,Pravna oseba
KIA Rio,KIA,2018,104456,Bencin,Ročni,84,8999,Pravna oseba
SsangYong Musso,SsangYong,,,Dizel,Avtomatski,201,38499,Pravna oseba
KIA Sportage,KIA,,,Bencin,Avtomatski,160,30099,Pravna oseba
KIA XCeed,KIA,,,Bencin,Ročni,116,23599,Pravna oseba
Geely CoolRay,Geely,,,Bencin,Avtomatski,174,26990,Pravna oseba
KIA Sportage,KIA,,,Bencin,Avtomatski,160,27799,Pravna oseba
KIA XCeed,KIA,,,Bencin,Ročni,116,23599,Pravna oseba
KIA Stonic,KIA,,,Bencin,Ročni,79,16649,Pravna oseba
KIA Sportage,KIA,,,Bencin,Avtomatski,150,39599,Pravna oseba
KIA Sportage,KIA,,,Bencin,Avtomatski,160,30099,Pravna oseba
KIA XCeed,KIA,,,Bencin,Avtomatski,150,31299,Pravna oseba
KIA Sorento,KIA,,,Dizel,Avtomatski,193,65399,Pravna oseba
KIA EV3,KIA,,,,Avtomatski,204,34179,Pravna oseba
KIA Sportage,KIA,2026,5001,Bencin,Avtomatski,150,27499,Pravna oseba
KIA XCeed,KIA,2023,89817,Bencin,Avtomatski,159,18990,Pravna oseba
Renault Zoe,Renault,2020,77072,,Avtomatski,136,,Pravna oseba
Renault Modus,Renault,,118887,Bencin,Ročni,75,3990,Pravna oseba
Renault Clio,Renault,,79421,Bencin,Ročni,76,8990,Pravna oseba
Opel Mokka,Opel,2021,36276,Bencin,Ročni,131,15400,Fizična oseba
Volkswagen T-Cross,Volkswagen,,,Bencin,Ročni,116,22974,Pravna oseba
Mercedes-Benz S-Razred,Mercedes-Benz,2021,182000,Dizel,Avtomatski,286,74900,Pravna oseba
Dacia Sandero,Dacia,2024,63873,Bencin,Ročni,91,11442,Pravna oseba
KIA XCeed,KIA,2023,80192,Bencin,Ročni,159,20499,Pravna oseba
Dacia Sandero,Dacia,2024,63873,Bencin,Ročni,91,11442,Pravna oseba
Ford EcoSport,Ford,,118777,Bencin,Ročni,125,9990,Pravna oseba
Mercedes-Benz CLA-Razred,Mercedes-Benz,2019,111000,Bencin,Ročni,136,19690,Pravna oseba
Peugeot iOn,Peugeot,2012,89000,,Avtomatski,67,3999,Pravna oseba
Volvo C70,Volvo,2012,199930,Dizel,Avtomatski,150,10999,Pravna oseba
Opel Cascada,Opel,2016,106120,Dizel,Ročni,170,11799,Pravna oseba
Audi Q3,Audi,2020,140000,Bencin,Avtomatski,150,25999,Pravna oseba
Peugeot 308,Peugeot,2009,55000,Bencin,Ročni,120,2999,Pravna oseba
Mercedes-Benz C-Razred,Mercedes-Benz,2004,225000,Bencin,Ročni,163,2499,Pravna oseba
BMW serija X1:,BMW,2014,283299,Dizel,Ročni,116,8999,Pravna oseba
Chevrolet Cruze,Chevrolet,2011,161000,Bencin,Ročni,124,2499,Pravna oseba
Mercedes-Benz A-Razred,Mercedes-Benz,2014,282344,Dizel,Ročni,109,7999,Pravna oseba
Renault Scenic,Renault,2010,240000,Dizel,Ročni,131,3999,Pravna oseba
BMW serija 1 Cabrio:,BMW,2010,240000,Dizel,Avtomatski,177,9999,Pravna oseba
BMW 2002,BMW,1968,60000,Bencin,Avtomatski,92,24999,Pravna oseba
Opel Astra,Opel,2012,258000,Dizel,Ročni,110,3999,Pravna oseba
Opel Antara,Opel,2009,198000,Dizel,Avtomatski,150,3999,Pravna oseba
Jaguar F-Pace,Jaguar,2018,97000,Dizel,Avtomatski,179,22999,Pravna oseba
Volkswagen Tiguan,Volkswagen,2009,200100,Dizel,Avtomatski,140,8999,Pravna oseba
Citroën C4 SpaceTourer,Citroën,2021,170400,Dizel,Avtomatski,131,11999,Pravna oseba
Toyota Auris,Toyota,2008,291635,Dizel,Ročni,126,2999,Pravna oseba
Ford C-Max,Ford,2014,170204,Bencin,Ročni,125,3999,Pravna oseba
KIA Ceed SW,KIA,2010,185034,Bencin,Ročni,90,3999,Pravna oseba
Citroën C2,Citroën,2005,139000,Bencin,Ročni,60,,Pravna oseba
Citroën Berlingo,Citroën,2011,310330,Dizel,Ročni,90,3999,Pravna oseba
Jeep Compass,Jeep,2018,142532,Dizel,Avtomatski,140,16999,Pravna oseba
BMW serija 3 Touring:,BMW,2012,310200,Dizel,Avtomatski,184,5999,Pravna oseba
Ford Focus,Ford,2009,239000,Dizel,Ročni,90,,Pravna oseba
BMW serija X4:,BMW,2020,170040,Dizel,Avtomatski,265,36999,Pravna oseba
BMW serija 5:,BMW,2019,270800,Dizel,Avtomatski,190,23999,Pravna oseba
BMW serija 5 Touring:,BMW,2021,206000,Hibrid,Avtomatski,392,31999,Pravna oseba
BMW serija 5:,BMW,2007,412000,Dizel,Avtomatski,235,3499,Pravna oseba
Audi RS5,Audi,2017,135000,Bencin,Avtomatski,450,42900,Pravna oseba
Peugeot 3008,Peugeot,2018,146000,Bencin,Ročni,131,10990,Pravna oseba
Mercedes-Benz X-Razred,Mercedes-Benz,2018,234000,Dizel,Avtomatski,204,28499,Pravna oseba
Hyundai ix35,Hyundai,2013,190500,Dizel,Ročni,116,5999,Pravna oseba
Volkswagen Golf,Volkswagen,2015,205057,Dizel,Ročni,150,10999,Pravna oseba
Mazda Mazda3,Mazda,2017,191003,Bencin,Ročni,120,11999,Pravna oseba
Toyota Yaris,Toyota,2007,250300,Bencin,Ročni,87,1599,Pravna oseba
Porsche Cayenne Coupe,Porsche,2023,34000,Bencin,Avtomatski,340,89999,Pravna oseba
BMW serija X3:,BMW,2022,50000,Bencin,Avtomatski,503,63999,Pravna oseba
MINI Cooper,MINI,2014,230000,Bencin,Ročni,192,9999,Pravna oseba
BMW serija 5:,BMW,2018,169942,Dizel,Avtomatski,190,21498,Pravna oseba
Ford Focus,Ford,2018,166476,Bencin,Ročni,125,7498,Pravna oseba
Ford Tourneo Connect,Ford,2017,188920,Dizel,Ročni,101,8498,Pravna oseba
Seat Alhambra,Seat,2013,213142,Dizel,Avtomatski,140,11498,Pravna oseba
KIA Pro_Ceed,KIA,2015,97888,Bencin,Ročni,99,6998,Pravna oseba
Citroën DS5,Citroën,2017,222031,Dizel,Ročni,120,8999,Pravna oseba
BMW serija 4 Gran Coupe:,BMW,2022,122594,Dizel,Avtomatski,190,32995,Pravna oseba
Peugeot 5008,Peugeot,2018,158383,Dizel,Ročni,131,13998,Pravna oseba
Ford Transit Custom,Ford,2018,263128,Dizel,Ročni,131,10498,Pravna oseba
Renault Talisman,Renault,2016,240220,Dizel,Avtomatski,160,8698,Pravna oseba
KIA Sportage,KIA,2012,228452,Dizel,Ročni,116,6998,Pravna oseba
Seat Leon,Seat,2015,225257,Dizel,Ročni,105,6998,Pravna oseba
Ford Fiesta,Ford,2016,97811,Bencin,Ročni,82,7498,Pravna oseba
Volkswagen Transporter,Volkswagen,2017,165522,Dizel,Ročni,150,21498,Pravna oseba
Audi Q5,Audi,2013,290808,Dizel,Avtomatski,177,11498,Pravna oseba
BMW serija 2 Active Tourer:,BMW,2020,175678,Dizel,Avtomatski,116,12998,Pravna oseba
Mercedes-Benz C-Razred,Mercedes-Benz,2015,194416,Dizel,Ročni,136,10998,Pravna oseba
Volvo XC40,Volvo,2019,146495,Dizel,Avtomatski,150,18998,Pravna oseba
Volvo V90,Volvo,2018,210792,Dizel,Avtomatski,150,13998,Pravna oseba
Peugeot 5008,Peugeot,2019,217690,Dizel,Avtomatski,131,12498,Pravna oseba
Volkswagen Touran,Volkswagen,2010,201037,Bencin,Ročni,105,4998,Pravna oseba
Audi A4 Avant,Audi,2014,201766,Dizel,Ročni,150,10498,Pravna oseba
Volvo V40 Cross Country,Volvo,2017,140461,Dizel,Avtomatski,120,11998,Pravna oseba
Volkswagen T-Roc,Volkswagen,2019,109000,Bencin,Avtomatski,150,18998,Pravna oseba
Škoda Octavia,Škoda,2014,254272,Dizel,Ročni,184,8498,Pravna oseba
Seat Altea,Seat,2011,95013,Dizel,Ročni,105,5998,Pravna oseba
Mercedes-Benz GLC-Razred,Mercedes-Benz,2018,194420,Dizel,Avtomatski,170,20998,Pravna oseba
KIA Sportage,KIA,2012,153939,Dizel,Ročni,116,7598,Pravna oseba
Mercedes-Benz GLE-Razred,Mercedes-Benz,2016,229300,Dizel,Avtomatski,204,22498,Pravna oseba
Mazda CX-5,Mazda,2018,143587,Dizel,Avtomatski,150,16498,Pravna oseba
Land Rover Range Rover Velar,Land,2023,53926,Dizel,Avtomatski,204,49998,Pravna oseba
Opel Crossland X,Opel,2021,191122,Bencin,Ročni,110,6298,Pravna oseba
Volvo XC60,Volvo,2014,165246,Bencin,Avtomatski,245,14998,Pravna oseba
Škoda Superb,Škoda,2017,271608,Dizel,Ročni,150,8998,Pravna oseba
Hyundai ix35,Hyundai,2013,121735,Dizel,Ročni,136,9498,Pravna oseba
BMW serija 5 Touring:,BMW,2017,220502,Dizel,Avtomatski,190,14495,Pravna oseba
Volvo XC60,Volvo,2016,275455,Dizel,Avtomatski,190,13198,Pravna oseba
Opel Mokka,Opel,2015,172745,Bencin,Ročni,140,6998,Pravna oseba
Citroën C4 Cactus,Citroën,2017,120908,Bencin,Ročni,110,6498,Pravna oseba
Volkswagen Tiguan,Volkswagen,2018,124256,Bencin,Ročni,150,15998,Pravna oseba
Audi A6 Avant,Audi,2019,181000,Dizel,Avtomatski,286,25998,Pravna oseba
Volvo XC40,Volvo,2019,152000,Bencin,Ročni,163,17798,Pravna oseba
Audi A4,Audi,2014,305416,Dizel,Ročni,150,7650,Pravna oseba
KIA Sportage,KIA,2016,126516,Dizel,Avtomatski,185,14998,Pravna oseba
Opel Antara,Opel,2015,107208,Dizel,Ročni,163,6498,Pravna oseba
Škoda Superb,Škoda,2018,157800,Bencin,Ročni,150,16498,Pravna oseba
Opel Insignia,Opel,2019,254927,Bencin,Ročni,165,8888,Pravna oseba
Mercedes-Benz E-Razred,Mercedes-Benz,2017,189145,Dizel,Avtomatski,194,19295,Pravna oseba
Volkswagen Passat Variant,Volkswagen,2023,25241,Dizel,Avtomatski,150,27998,Pravna oseba
Mercedes-Benz GLA-Razred,Mercedes-Benz,2017,203885,Bencin,Ročni,122,11498,Pravna oseba
Honda Civic,Honda,2012,129000,Bencin,Ročni,101,7998,Pravna oseba
KIA Niro,KIA,2019,149695,Hibrid,Avtomatski,105,13250,Pravna oseba
Peugeot 308,Peugeot,2020,249590,Bencin,Ročni,131,4498,Pravna oseba
Audi Q8,Audi,2024,19800,Dizel,Avtomatski,286,89990,Pravna oseba
KIA Optima,KIA,2017,206888,Hibrid,Avtomatski,156,10998,Pravna oseba
Citroën C4 Picasso,Citroën,2016,135039,Dizel,Ročni,99,7395,Pravna oseba
Smart fortwo,Smart,2022,13726,,Avtomatski,82,11698,Pravna oseba
Mercedes-Benz CLA Shooting Brake,Mercedes-Benz,2022,169000,Dizel,Ročni,116,17885,Pravna oseba
Volkswagen Touran,Volkswagen,2017,176684,Dizel,Avtomatski,116,10990,Pravna oseba
Jaguar XE,Jaguar,2017,183000,Dizel,Ročni,163,13875,Pravna oseba
Seat Leon,Seat,2019,99987,Bencin,Ročni,116,11845,Pravna oseba
Peugeot 2008,Peugeot,2017,110000,Bencin,Ročni,82,8290,Pravna oseba
Peugeot 3008,Peugeot,2018,89000,Bencin,Ročni,131,12788,Pravna oseba
Peugeot 308,Peugeot,2019,145000,Dizel,Ročni,102,7990,Pravna oseba
BMW serija 2 Gran Tourer:,BMW,2019,152000,Dizel,Ročni,116,11688,Pravna oseba
BMW serija 2 Gran Tourer:,BMW,2018,142000,Dizel,Ročni,116,12879,Pravna oseba
Peugeot 5008,Peugeot,2019,175000,Bencin,Ročni,131,11985,Pravna oseba
BMW serija X6:,BMW,2021,106000,Dizel,Avtomatski,286,49890,Pravna oseba
Peugeot 3008,Peugeot,2023,78314,Hibrid,Avtomatski,299,18880,Pravna oseba
Mercedes-Benz CLA Shooting Brake,Mercedes-Benz,2020,154000,Dizel,Ročni,116,17875,Pravna oseba
Mercedes-Benz A-Razred,Mercedes-Benz,2017,161000,Bencin,Ročni,156,14997,Pravna oseba
MINI Clubman,MINI,2014,134000,Bencin,Ročni,98,6875,Pravna oseba
BMW X3,BMW,2025,12879,Hibrid,Avtomatski,190,75870,Pravna oseba
Mazda CX-30,Mazda,2022,50900,Bencin,Ročni,122,,Pravna oseba
KIA Sportage,KIA,2015,127572,Bencin,Ročni,135,7990,Pravna oseba
BMW Serija 5,BMW,2024,32900,Dizel,Avtomatski,197,51990,Pravna oseba
Mazda CX-30,Mazda,,,Bencin,Ročni,140,,Pravna oseba
Mazda CX-30,Mazda,,,Bencin,Avtomatski,140,,Pravna oseba
Mazda CX-30,Mazda,,,Bencin,Ročni,140,,Pravna oseba
Toyota Avensis,Toyota,2013,249000,Dizel,Ročni,150,6750,Fizična oseba
Suzuki Jimny,Suzuki,2022,93000,Bencin,Ročni,102,24500,Fizična oseba
Peugeot 308,Peugeot,2015,140000,Bencin,Ročni,110,5550,Pravna oseba
Opel Insignia,Opel,2019,160000,Dizel,Ročni,110,9500,Pravna oseba
Opel Corsa,Opel,2012,210000,Dizel,Ročni,75,3350,Pravna oseba
Škoda Rapid,Škoda,2014,190000,Dizel,Ročni,90,6400,Pravna oseba
Citroën C3,Citroën,2015,165000,Bencin,Ročni,82,4350,Pravna oseba
Opel Astra,Opel,2017,200000,Dizel,Ročni,110,7850,Pravna oseba
Volvo V40,Volvo,2014,210000,Dizel,Ročni,114,5800,Pravna oseba
Fiat 500,Fiat,2016,175000,Dizel,Ročni,95,7250,Pravna oseba
Seat Ibiza,Seat,2010,210000,Dizel,Ročni,90,4300,Pravna oseba
Nissan Qashqai,Nissan,2017,195053,Dizel,Avtomatski,131,11500,Pravna oseba
Volkswagen Passat Variant,Volkswagen,2012,234000,Dizel,Avtomatski,140,7650,Pravna oseba
Škoda Roomster,Škoda,2014,217000,Dizel,Ročni,90,5650,Pravna oseba
Volkswagen Golf Plus,Volkswagen,2012,194900,Dizel,Ročni,105,5200,Pravna oseba
Škoda Rapid,Škoda,2014,200000,Dizel,Ročni,105,6500,Pravna oseba
Škoda Roomster,Škoda,2012,230000,Dizel,Ročni,105,4800,Pravna oseba
Volkswagen Caddy,Volkswagen,2011,246845,Dizel,Ročni,75,6100,Pravna oseba
Volkswagen Golf,Volkswagen,2010,241000,Bencin,Ročni,105,4800,Pravna oseba
Škoda Octavia,Škoda,2014,250000,Dizel,Ročni,150,8800,Pravna oseba
Audi A6 Avant,Audi,2014,305000,Dizel,Avtomatski,136,8500,Pravna oseba
Ford Focus,Ford,2015,189000,Dizel,Ročni,116,5800,Pravna oseba
Škoda Superb,Škoda,2022,208000,Dizel,Avtomatski,150,16600,Pravna oseba
Audi Q5,Audi,2014,231571,Dizel,Ročni,177,12450,Pravna oseba
Ford Focus,Ford,2021,118850,Dizel,Ročni,120,13999,Pravna oseba
Volkswagen Polo,Volkswagen,2011,245000,Dizel,Ročni,75,4300,Pravna oseba
Volkswagen Polo,Volkswagen,2013,207700,Dizel,Ročni,90,4850,Pravna oseba
Volkswagen Golf Plus,Volkswagen,2012,252000,Dizel,Ročni,140,5400,Pravna oseba
BMW Serija 3,BMW,2023,85853,Dizel,Avtomatski,190,35999,Pravna oseba
Mercedes-Benz GLE-Razred,Mercedes-Benz,2017,232500,Dizel,Avtomatski,204,24999,Pravna oseba
BMW M4,BMW,2021,73600,Bencin,Avtomatski,510,62999,Pravna oseba
Audi A6,Audi,2019,210724,Dizel,Avtomatski,231,28499,Pravna oseba
Mercedes-Benz A-Razred,Mercedes-Benz,2023,91500,Dizel,Avtomatski,150,24999,Pravna oseba
BMW X1,BMW,2024,78126,Bencin,Avtomatski,218,37900,Pravna oseba
KIA Ceed,KIA,2019,135233,Bencin,Avtomatski,140,11490,Pravna oseba
Volkswagen Multivan,Volkswagen,2015,119000,Dizel,Avtomatski,204,27999,Pravna oseba
Mercedes-Benz GLE-Razred,Mercedes-Benz,2023,21900,Bencin,Avtomatski,489,89300,Pravna oseba
Land Rover Range Rover Sport,Land,2016,118000,Dizel,Avtomatski,249,22999,Pravna oseba
BMW i3,BMW,2021,76000,,Avtomatski,184,24999,Pravna oseba
BMW X3,BMW,2025,1300,Hibrid,Avtomatski,299,59999,Pravna oseba
Audi A6,Audi,2018,137000,Dizel,Avtomatski,286,32999,Pravna oseba
Opel Grandland X,Opel,2021,78805,Dizel,Avtomatski,131,14550,Pravna oseba
BMW X3,BMW,2021,160000,Dizel,Avtomatski,150,21990,Pravna oseba
BMW Serija 1,BMW,2025,7150,Bencin,Avtomatski,150,29900,Pravna oseba
Porsche Panamera,Porsche,2018,189857,Bencin,Avtomatski,330,44999,Pravna oseba
Opel Astra,Opel,2021,85912,Dizel,Ročni,105,9999,Pravna oseba
Volkswagen Touran,Volkswagen,2020,120259,Bencin,Avtomatski,150,17999,Pravna oseba
Lexus ES,Lexus,2020,105050,Bencin,Avtomatski,178,39111,Pravna oseba
Audi TT,Audi,2015,170652,Bencin,Avtomatski,230,19999,Pravna oseba
BMW Serija 5,BMW,2018,271216,Dizel,Avtomatski,265,19990,Pravna oseba
Renault Captur,Renault,2022,42600,Hibrid,Avtomatski,145,18299,Pravna oseba
Volkswagen Arteon,Volkswagen,2019,112300,Dizel,Avtomatski,150,24900,Pravna oseba
Audi Q5,Audi,2017,158738,Dizel,Avtomatski,190,22899,Pravna oseba
Mercedes-Benz CLA-Razred,Mercedes-Benz,2024,35320,Dizel,Avtomatski,150,37900,Pravna oseba
Mercedes-Benz E-Razred,Mercedes-Benz,2022,59900,Bencin,Avtomatski,435,59800,Pravna oseba
BMW Serija 3,BMW,2022,62000,Hibrid,Avtomatski,204,33990,Pravna oseba
Mercedes-Benz C-Razred,Mercedes-Benz,2019,46610,Bencin,Avtomatski,476,68900,Pravna oseba
Ford Mustang,Ford,2016,71800,Bencin,Ročni,533,59999,Pravna oseba
Alfa Romeo Tonale,Alfa,2024,51657,Bencin,Avtomatski,160,28999,Pravna oseba
BMW Serija 1,BMW,2021,99748,Dizel,Avtomatski,116,19990,Pravna oseba
BMW Serija 3,BMW,2018,134318,Dizel,Avtomatski,116,11999,Pravna oseba
Audi A4,Audi,2016,195895,Dizel,Avtomatski,150,10999,Pravna oseba
Mercedes-Benz GLB-Razred,Mercedes-Benz,2022,129996,Dizel,Avtomatski,150,25900,Pravna oseba
Mercedes-Benz GLE-Razred,Mercedes-Benz,2024,40000,Dizel,Avtomatski,367,99900,Pravna oseba
BMW Serija 2,BMW,2023,29387,Dizel,Avtomatski,150,23990,Pravna oseba
BMW Serija 5,BMW,2025,18054,Dizel,Avtomatski,303,70999,Pravna oseba
BMW X1,BMW,2024,84655,Dizel,Avtomatski,211,39999,Pravna oseba
BMW Serija 5,BMW,2025,31356,Dizel,Avtomatski,197,59999,Pravna oseba
BMW Serija 1,BMW,2022,51283,Bencin,Avtomatski,109,20999,Pravna oseba
BMW X5,BMW,2023,34100,Hibrid,Avtomatski,489,79999,Pravna oseba
BMW Serija 5,BMW,2021,129120,Dizel,Avtomatski,340,42900,Pravna oseba
Mercedes-Benz V-Razred,Mercedes-Benz,2018,260515,Dizel,Avtomatski,204,29999,Pravna oseba
Mercedes-Benz GLC-Razred,Mercedes-Benz,2017,155000,Dizel,Avtomatski,258,27500,Pravna oseba
Mercedes-Benz V-Razred,Mercedes-Benz,2022,128500,Dizel,Avtomatski,190,42999,Pravna oseba
Mercedes-Benz GLE-Razred,Mercedes-Benz,2025,6100,Bencin,Avtomatski,435,112900,Pravna oseba
BMW Serija 3,BMW,2023,64803,Dizel,Avtomatski,150,29999,Pravna oseba
BMW Serija 8,BMW,2021,151522,Dizel,Avtomatski,340,41900,Pravna oseba
BMW X3,BMW,2024,51460,Dizel,Avtomatski,197,54999,Pravna oseba
BMW Serija 5,BMW,2017,200000,Bencin,Avtomatski,340,28550,Pravna oseba
Smart Smart fortwo,Smart,2023,9700,,Avtomatski,56,12980,Pravna oseba
Volkswagen Passat,Volkswagen,2023,88480,Dizel,Avtomatski,150,26999,Pravna oseba
BMW X1,BMW,2018,179434,Dizel,Avtomatski,150,17850,Pravna oseba
Porsche 911,Porsche,2022,59112,Bencin,Avtomatski,480,134999,Pravna oseba
Volkswagen Sharan,Volkswagen,2021,216331,Bencin,Avtomatski,150,16999,Pravna oseba
BMW Serija 7,BMW,2021,37709,Dizel,Avtomatski,340,59999,Pravna oseba
Peugeot 5008,Peugeot,2024,100222,Bencin,Avtomatski,131,21999,Pravna oseba
DS DS 7 Crossback,DS,2022,93084,Bencin,Avtomatski,181,19800,Pravna oseba
BMW X3,BMW,2012,178000,Dizel,Avtomatski,313,15999,Pravna oseba
Mercedes-Benz V-Razred,Mercedes-Benz,2022,109127,Dizel,Avtomatski,237,51999,Pravna oseba
BMW X7,BMW,2022,114000,Dizel,Avtomatski,340,69900,Pravna oseba
BMW X4,BMW,2016,267435,Dizel,Avtomatski,190,14990,Pravna oseba
Lexus LBX,Lexus,2025,33614,Hibrid,Avtomatski,91,30999,Pravna oseba
Renault Clio,Renault,2020,81223,Bencin,Ročni,101,8999,Pravna oseba
Mercedes-Benz CLA-Razred,Mercedes-Benz,2019,182286,Bencin,Avtomatski,224,24900,Pravna oseba
Abarth 595,Abarth,2014,96000,Bencin,Avtomatski,140,12350,Pravna oseba
Škoda Octavia,Škoda,2016,242262,Dizel,Avtomatski,110,6990,Pravna oseba
BMW Serija 4,BMW,2023,89511,Dizel,Avtomatski,190,38999,Pravna oseba
Volkswagen Tiguan,Volkswagen,2024,14662,Dizel,Avtomatski,150,29280,Pravna oseba
Mercedes-Benz B-Razred,Mercedes-Benz,2013,237000,Dizel,Ročni,109,6850,Pravna oseba
Audi A3,Audi,2019,189000,Bencin,Ročni,116,11850,Pravna oseba
Renault Scenic,Renault,2017,136000,Bencin,Ročni,116,7950,Pravna oseba
Audi A5 Sportback,Audi,2018,245000,Dizel,Avtomatski,218,17850,Pravna oseba
Audi A5 Sportback,Audi,2019,222000,Dizel,Avtomatski,150,19850,Pravna oseba
KIA Sportage,KIA,2011,173000,Dizel,Ročni,136,7990,Pravna oseba
Škoda Octavia,Škoda,2014,188000,Bencin,Ročni,105,5990,Fizična oseba
Volkswagen T-Cross,Volkswagen,2020,90500,Bencin,Avtomatski,116,15900,Fizična oseba
Volkswagen Touran,Volkswagen,2019,235203,Dizel,Ročni,150,14940,Pravna oseba
BMW serija 1:,BMW,2023,109000,Dizel,Avtomatski,116,Cena po dogovoru,Pravna oseba
Audi A5,Audi,2016,232852,Dizel,Avtomatski,190,13940,Pravna oseba
Peugeot,Peugeot,2016,122000,Dizel,Ročni,120,7700,Fizična oseba
Renault Safrane,Renault,1999,265134,Bencin,Ročni,163,2200,Fizična oseba
Audi A3,Audi,2009,274000,Bencin,Ročni,125,2600,Fizična oseba
Hongqi H5,Hongqi,,,Bencin,Avtomatski,218,41900,Pravna oseba
Volkswagen Touareg,Volkswagen,2026,23006,Dizel,Avtomatski,286,69880,Pravna oseba
BMW serija 3 Touring:,BMW,2020,156732,Bencin,Avtomatski,374,35950,Pravna oseba
Ford Focus,Ford,2024,141300,Bencin,Ročni,125,,Pravna oseba
KIA XCeed,KIA,2022,58718,Bencin,Ročni,120,15999,Pravna oseba
Škoda Superb,Škoda,2019,191000,Dizel,Avtomatski,150,14790,Pravna oseba
Fiat 500,Fiat,2011,203101,Bencin,Ročni,84,4450,Pravna oseba
Volkswagen Tiguan,Volkswagen,2010,248848,Dizel,Ročni,170,7990,Pravna oseba
Ford Transit Custom,Ford,,28443,Dizel,Avtomatski,170,41900,Pravna oseba
BMW Serija 3,BMW,2015,374500,Dizel,Avtomatski,150,9900,Pravna oseba
Hyundai Tucson,Hyundai,2026,1100,Bencin,Ročni,150,32900,Fizična oseba
Mazda Mazda6,Mazda,2016,252000,Dizel,Avtomatski,175,,Pravna oseba
Hyundai Kona,Hyundai,2018,84000,Bencin,Ročni,120,12290,Pravna oseba
Volkswagen Golf,Volkswagen,2016,217000,Dizel,Ročni,110,8950,Pravna oseba
Volkswagen Tiguan,Volkswagen,2018,240000,Dizel,Avtomatski,150,16950,Pravna oseba
Škoda Octavia,Škoda,2024,67378,Bencin,Ročni,150,20490,Pravna oseba
Mercedes-Benz C-Razred,Mercedes-Benz,2017,162005,Dizel,Avtomatski,170,14990,Pravna oseba
Renault Captur,Renault,2022,95654,Hibrid,Avtomatski,143,13880,Pravna oseba
Alfa Romeo Stelvio,Alfa,2018,163849,Dizel,Avtomatski,209,16990,Pravna oseba
Audi A6 Avant,Audi,2020,195400,Dizel,Avtomatski,204,25950,Pravna oseba
Zeekr 7X,Zeekr,2026,5000,,Avtomatski,646,64990,Pravna oseba
Fiat Panda,Fiat,2016,92000,Bencin,Ročni,69,6500,Fizična oseba
Mercedes-Benz GLE-Razred,Mercedes-Benz,2021,136000,Dizel,Avtomatski,330,55500,Fizična oseba
Audi A4,Audi,2019,217871,Dizel,Avtomatski,190,16999,Pravna oseba
Citroën C3,Citroën,2017,120900,Dizel,Ročni,75,6300,Fizična oseba
Toyota Land Cruiser,Toyota,2026,9397,Dizel,Avtomatski,204,85880,Pravna oseba
Citroën C5,Citroën,2020,108400,Bencin,Ročni,131,10250,Fizična oseba
Volkswagen Golf,Volkswagen,2002,172181,Bencin,Ročni,105,Cena po dogovoru,Pravna oseba
Mercedes-Benz GLS-Razred,Mercedes-Benz,2024,67000,Dizel,Avtomatski,367,109990,Pravna oseba
Ford Tourneo,Ford,2026,12000,Dizel,Avtomatski,170,,Pravna oseba
Mercedes-Benz V-Razred,Mercedes-Benz,2022,141536,Dizel,Avtomatski,237,49990,Pravna oseba
Ford Ranger,Ford,2024,47283,Dizel,Avtomatski,241,48990,Pravna oseba
Ford Kuga,Ford,2025,570,Bencin,Avtomatski,186,,Pravna oseba
Ford Kuga,Ford,2024,111820,Dizel,Avtomatski,120,22490,Pravna oseba
Nissan Leaf,Nissan,2022,188314,,Avtomatski,122,13990,Pravna oseba
Volvo C30,Volvo,2011,380655,Dizel,Ročni,114,2490,Pravna oseba
Peugeot 208,Peugeot,2019,94000,Bencin,Ročni,82,7590,Pravna oseba
Porsche Panamera,Porsche,2015,146000,Dizel,Avtomatski,300,29990,Pravna oseba
Peugeot 2008,Peugeot,2020,111000,Bencin,Ročni,131,11590,Pravna oseba
Mercedes-Benz C-Razred,Mercedes-Benz,2020,98000,Dizel,Avtomatski,122,Cena po dogovoru,Pravna oseba
BMW serija X5:,BMW,2022,110000,Dizel,Avtomatski,286,48590,Pravna oseba
Nissan Qashqai,Nissan,2023,128700,Bencin,Avtomatski,158,18890,Pravna oseba
Opel Crossland,Opel,2024,28300,Bencin,Ročni,110,13990,Pravna oseba
Audi A6 Avant,Audi,2021,144000,Dizel,Avtomatski,204,26590,Pravna oseba
Volkswagen Passat Variant,Volkswagen,2015,269000,Dizel,Avtomatski,150,Cena po dogovoru,Pravna oseba
Volkswagen Golf,Volkswagen,2022,129000,Dizel,Avtomatski,116,19890,Pravna oseba
Peugeot 208,Peugeot,2022,65000,Bencin,Ročni,102,Cena po dogovoru,Pravna oseba
BMW serija X6:,BMW,2025,17890,Dizel,Avtomatski,298,84990,Pravna oseba
Ford Fiesta,Ford,2022,124000,Bencin,Ročni,101,10790,Pravna oseba
Audi Q8,Audi,2020,128000,Dizel,Avtomatski,286,54590,Pravna oseba
Volkswagen Golf,Volkswagen,,94500,Bencin,Avtomatski,320,34950,Fizična oseba
Dacia Duster,Dacia,,,Plin,Avtomatski,154,Cena po dogovoru,Pravna oseba
Volkswagen Transporter,Volkswagen,2014,239572,Dizel,Ročni,102,12000,Pravna oseba
BMW M4,BMW,2022,19000,Bencin,Avtomatski,510,79900,Pravna oseba
BMW serija 5 Touring:,BMW,2014,172378,Dizel,Avtomatski,184,12990,Pravna oseba
BMW serija 3:,BMW,2016,254472,Dizel,Avtomatski,116,13490,Pravna oseba
Volkswagen Golf,Volkswagen,2017,166078,Dizel,Avtomatski,116,13990,Pravna oseba
Audi A6 Avant,Audi,2015,343779,Dizel,Avtomatski,190,12490,Pravna oseba
Mercedes-Benz AMG GT 4-vratni Coupe,Mercedes-Benz,2018,86848,Bencin,Avtomatski,585,89990,Pravna oseba
Audi A4 Avant,Audi,2017,198284,Dizel,Avtomatski,190,15490,Pravna oseba
Volkswagen Sharan,Volkswagen,2016,167873,Dizel,Avtomatski,150,18990,Pravna oseba
BMW serija X6:,BMW,2015,198136,Dizel,Avtomatski,258,29490,Pravna oseba
Mercedes-Benz E-Razred,Mercedes-Benz,2011,318885,Dizel,Avtomatski,170,8990,Pravna oseba
BMW serija X6:,BMW,2020,82142,Bencin,Avtomatski,340,59990,Pravna oseba
BMW serija 5:,BMW,2010,334947,Dizel,Avtomatski,204,7990,Pravna oseba
Volkswagen Passat Variant,Volkswagen,2015,196571,Dizel,Avtomatski,150,12990,Pravna oseba
Volkswagen Polo,Volkswagen,2020,144886,Dizel,Ročni,95,12990,Pravna oseba
BMW serija 3:,BMW,2009,335330,Dizel,Ročni,143,4750,Pravna oseba
Volkswagen Tiguan,Volkswagen,2022,160852,Dizel,Avtomatski,150,27990,Pravna oseba
Audi A6,Audi,2014,194908,Dizel,Avtomatski,190,16990,Pravna oseba
Lamborghini Urus,Lamborghini,2020,27941,Bencin,Avtomatski,650,288990,Pravna oseba
BMW serija 3 Touring:,BMW,2016,186366,Dizel,Avtomatski,150,12990,Pravna oseba
Audi A6 Avant,Audi,2020,196334,Dizel,Avtomatski,204,23990,Pravna oseba
Škoda Superb,Škoda,2016,164923,Dizel,Ročni,150,15490,Pravna oseba
Volkswagen Passat Variant,Volkswagen,2019,232213,Dizel,Avtomatski,150,12490,Pravna oseba
Audi A6 Avant,Audi,2015,252379,Dizel,Avtomatski,218,12990,Pravna oseba
BMW serija 3 Touring:,BMW,2019,223218,Dizel,Avtomatski,190,14490,Pravna oseba
Mercedes-Benz E-Razred,Mercedes-Benz,2020,181967,Dizel,Avtomatski,160,22990,Pravna oseba
Mercedes-Benz C-Razred,Mercedes-Benz,2018,212715,Dizel,Avtomatski,136,14990,Pravna oseba
Mercedes-Benz E-Razred,Mercedes-Benz,2020,180869,Dizel,Avtomatski,340,32990,Pravna oseba
Volkswagen Passat Variant,Volkswagen,2016,175018,Dizel,Avtomatski,150,13490,Pravna oseba
Volkswagen Golf,Volkswagen,2017,199748,Dizel,Ročni,116,12990,Pravna oseba
Škoda Superb,Škoda,2017,199749,Dizel,Avtomatski,190,Cena po dogovoru,Pravna oseba
BMW serija X6:,BMW,2020,59868,Dizel,Avtomatski,265,56990,Pravna oseba
Mercedes-Benz GLC-Razred,Mercedes-Benz,2016,128225,Dizel,Avtomatski,170,23990,Pravna oseba
BMW serija 3:,BMW,2016,174000,Dizel,Ročni,116,15500,Pravna oseba
Mercedes-Benz C-Razred,Mercedes-Benz,2016,210879,Dizel,Avtomatski,170,15490,Pravna oseba
Audi Q7,Audi,2018,194402,Dizel,Avtomatski,272,29990,Pravna oseba
Škoda Superb,Škoda,2016,195256,Dizel,Avtomatski,190,16500,Pravna oseba
BMW serija 3 Touring:,BMW,2019,228017,Dizel,Avtomatski,150,12990,Pravna oseba
Volkswagen Tiguan,Volkswagen,2016,192112,Dizel,Avtomatski,190,20490,Pravna oseba
Audi Q8,Audi,2018,165000,Dizel,Avtomatski,286,46990,Pravna oseba
BMW serija 5:,BMW,2022,141000,Dizel,Avtomatski,286,39990,Pravna oseba
Škoda Superb,Škoda,2016,204841,Dizel,Ročni,120,10990,Pravna oseba
Volkswagen Passat Variant,Volkswagen,2017,208300,Dizel,Avtomatski,150,14500,Pravna oseba
Volkswagen Passat Variant,Volkswagen,2016,197700,Dizel,Avtomatski,150,13490,Pravna oseba
Škoda Octavia,Škoda,2018,186950,Dizel,Avtomatski,150,12990,Pravna oseba
Renault Talisman,Renault,2016,172337,Dizel,Avtomatski,131,10500,Pravna oseba
BMW serija X3:,BMW,2006,199740,Dizel,Ročni,150,5490,Pravna oseba
Audi A6 Avant,Audi,2019,158057,Dizel,Avtomatski,204,22990,Pravna oseba
Audi A6,Audi,2016,288611,Dizel,Avtomatski,190,13990,Pravna oseba
Volkswagen Arteon,Volkswagen,2019,194438,Dizel,Avtomatski,190,20990,Pravna oseba
Škoda Kodiaq,Škoda,2017,174072,Dizel,Avtomatski,150,19990,Pravna oseba
Mercedes-Benz E-Razred,Mercedes-Benz,2018,110346,Dizel,Avtomatski,150,24990,Pravna oseba
Audi A7,Audi,2017,147649,Dizel,Avtomatski,272,24990,Pravna oseba
BMW serija 3:,BMW,2019,99279,Dizel,Avtomatski,150,22990,Pravna oseba
Opel Insignia,Opel,2017,115985,Dizel,Avtomatski,170,13990,Pravna oseba
Škoda Superb,Škoda,2021,188656,Dizel,Avtomatski,150,16990,Pravna oseba
BMW serija 3 Touring:,BMW,2017,204960,Dizel,Avtomatski,150,12490,Pravna oseba
BMW serija 3:,BMW,2019,195577,Dizel,Avtomatski,150,23990,Pravna oseba
Volkswagen Golf,Volkswagen,2013,248044,Dizel,Avtomatski,150,10490,Pravna oseba
Mercedes-Benz E-Razred,Mercedes-Benz,2017,190879,Dizel,Avtomatski,194,21490,Pravna oseba
Mercedes-Benz E-Razred,Mercedes-Benz,2017,179982,Dizel,Avtomatski,150,21990,Pravna oseba
BMW serija 5 Touring:,BMW,2012,334988,Dizel,Avtomatski,258,Cena po dogovoru,Pravna oseba
Škoda Octavia,Škoda,2017,178754,Dizel,Avtomatski,150,Cena po dogovoru,Pravna oseba
Peugeot 3008,Peugeot,2020,114414,Bencin,Avtomatski,131,12990,Pravna oseba
Škoda Superb,Škoda,2018,178000,Dizel,Avtomatski,150,15500,Pravna oseba
Škoda Octavia,Škoda,2020,160000,Dizel,Ročni,116,14500,Pravna oseba
Audi A6,Audi,2018,193166,Dizel,Avtomatski,190,16990,Pravna oseba
Mercedes-Benz C-Razred,Mercedes-Benz,2016,180808,Dizel,Avtomatski,170,16990,Pravna oseba
Volkswagen Tiguan,Volkswagen,2017,151700,Dizel,Avtomatski,190,21500,Pravna oseba
Volkswagen Passat Variant,Volkswagen,2015,189000,Dizel,Avtomatski,150,12990,Pravna oseba
Audi A4 Avant,Audi,2016,199632,Dizel,Avtomatski,150,13990,Pravna oseba
Peugeot 3008,Peugeot,2016,267031,Dizel,Avtomatski,120,5980,Pravna oseba
Renault Kadjar,Renault,2016,246981,Dizel,Ročni,131,7480,Pravna oseba
Volkswagen Caddy,Volkswagen,2021,133754,Dizel,Ročni,102,18499,Pravna oseba
Volkswagen T-Roc,Volkswagen,2025,11367,Bencin,Avtomatski,150,31299,Pravna oseba
Škoda Kodiaq,Škoda,2020,221000,Dizel,Avtomatski,190,20980,Pravna oseba
Volkswagen Passat,Volkswagen,2020,248000,Dizel,Avtomatski,150,12980,Pravna oseba
Volkswagen Tiguan Allspace,Volkswagen,2021,222000,Dizel,Avtomatski,150,23980,Pravna oseba
Volkswagen Golf,Volkswagen,2020,211000,Dizel,Ročni,116,8980,Pravna oseba
Volkswagen Passat,Volkswagen,2021,199000,Dizel,Avtomatski,200,16980,Pravna oseba
Ford Ecosport,Ford,2018,84000,Bencin,Avtomatski,125,9980,Pravna oseba
Renault Clio,Renault,2022,80000,Dizel,Ročni,101,9990,Pravna oseba
Suzuki Swift,Suzuki,2006,247180,Bencin,Ročni,92,1990,Pravna oseba
Audi A6,Audi,2003,344920,Dizel,Avtomatski,163,1990,Pravna oseba
Škoda Octavia,Škoda,2020,171701,Bencin,Avtomatski,245,19750,Pravna oseba
Škoda Superb,Škoda,2019,206244,Dizel,Avtomatski,190,20750,Pravna oseba
Škoda Kodiaq,Škoda,2022,132501,Bencin,Avtomatski,190,31990,Pravna oseba
Škoda Kodiaq,Škoda,2022,152341,Bencin,Avtomatski,245,34990,Pravna oseba
Volvo XC40,Volvo,2021,120447,Hibrid,Avtomatski,211,19480,Pravna oseba
Hyundai Tucson,Hyundai,2022,60000,Hibrid,Avtomatski,179,27500,Fizična oseba
Opel Astra,Opel,2024,82777,Hibrid,Avtomatski,181,17880,Pravna oseba
KIA Sportage,KIA,2020,63000,Bencin,Ročni,132,15990,Pravna oseba
KIA Stonic,KIA,2021,122428,Bencin,Avtomatski,101,11999,Pravna oseba
Citroën C3,Citroën,2006,200000,Bencin,Ročni,1,650,Fizična oseba
BMW Serija 2,BMW,2025,13423,Bencin,Avtomatski,122,25990,Pravna oseba
Ford Focus,Ford,2004,207121,Bencin,Ročni,101,1900,Pravna oseba
Volkswagen Golf,Volkswagen,2004,303000,Bencin,Avtomatski,200,,Pravna oseba
Seat Ibiza,Seat,2019,78500,Plin,Ročni,90,8900,Pravna oseba
Peugeot 2008,Peugeot,2015,149000,Bencin,Ročni,82,5900,Pravna oseba
BMW X5,BMW,2022,173000,Dizel,Avtomatski,340,,Pravna oseba
Audi Q3,Audi,2017,184000,Dizel,Ročni,120,,Pravna oseba
Audi A6,Audi,2019,140200,Dizel,Avtomatski,245,29900,Pravna oseba
Audi A4,Audi,2018,244000,Dizel,Avtomatski,190,,Pravna oseba
BYD SEAL 6,BYD,,,Hibrid,Avtomatski,197,,Pravna oseba
BYD SEAL 6,BYD,,,Hibrid,Avtomatski,197,,Pravna oseba
BYD SEAL 6,BYD,,,Hibrid,Avtomatski,197,,Pravna oseba
BYD SEAL,BYD,,,,Avtomatski,530,,Pravna oseba
BYD SEAL,BYD,,,,Avtomatski,530,,Pravna oseba
BYD SEAL,BYD,,,,Avtomatski,530,,Pravna oseba
BYD SEAL,BYD,,,,Avtomatski,530,,Pravna oseba
BYD SEAL,BYD,,,,Avtomatski,530,,Pravna oseba
BYD SEAL,BYD,,,,Avtomatski,530,,Pravna oseba
BYD SEAL,BYD,,,,Avtomatski,530,,Pravna oseba
BYD SEAL,BYD,,,,Avtomatski,530,,Pravna oseba
BYD SEAL,BYD,,,,Avtomatski,530,,Pravna oseba
BYD SEAL,BYD,,,,Avtomatski,530,,Pravna oseba
BYD SEAL,BYD,,,,Avtomatski,313,,Pravna oseba
BYD SEAL,BYD,,,,Avtomatski,313,,Pravna oseba
BYD SEAL,BYD,,,,Avtomatski,313,,Pravna oseba
BYD SEAL,BYD,,,,Avtomatski,313,,Pravna oseba
BYD SEAL,BYD,,,,Avtomatski,313,,Pravna oseba
BYD SEAL,BYD,,,,Avtomatski,313,,Pravna oseba
BYD SEAL,BYD,,,,Avtomatski,313,,Pravna oseba
BYD SEAL,BYD,,,,Avtomatski,313,,Pravna oseba
BYD SEAL,BYD,,,,Avtomatski,313,,Pravna oseba
BYD SEAL,BYD,,,,Avtomatski,313,,Pravna oseba
BYD DOLPHIN SURF,BYD,,,,Avtomatski,156,25300,Pravna oseba
BYD DOLPHIN SURF,BYD,,,,Avtomatski,156,25300,Pravna oseba
BYD DOLPHIN SURF,BYD,,,,Avtomatski,156,25300,Pravna oseba
BYD DOLPHIN SURF,BYD,,,,Avtomatski,156,25300,Pravna oseba
BYD DOLPHIN SURF,BYD,,,,Avtomatski,88,22400,Pravna oseba
BYD DOLPHIN SURF,BYD,,,,Avtomatski,88,22400,Pravna oseba
BYD DOLPHIN SURF,BYD,,,,Avtomatski,88,22400,Pravna oseba
BYD DOLPHIN SURF,BYD,,,,Avtomatski,88,22400,Pravna oseba
BYD DOLPHIN SURF,BYD,,,,Avtomatski,88,18990,Pravna oseba
BYD DOLPHIN SURF,BYD,,,,Avtomatski,88,18990,Pravna oseba
BYD DOLPHIN SURF,BYD,,,,Avtomatski,88,18990,Pravna oseba
BYD DOLPHIN SURF,BYD,,,,Avtomatski,88,18990,Pravna oseba
BYD ATTO 2,BYD,,,Hibrid,Avtomatski,212,,Pravna oseba
BYD ATTO 2,BYD,,,Hibrid,Avtomatski,212,,Pravna oseba
BYD ATTO 2,BYD,,,Hibrid,Avtomatski,212,,Pravna oseba
BYD ATTO 2,BYD,,,Hibrid,Avtomatski,212,,Pravna oseba
BYD ATTO 2,BYD,,,Hibrid,Avtomatski,212,,Pravna oseba
BYD ATTO 2,BYD,,,Hibrid,Avtomatski,212,,Pravna oseba
BYD ATTO 2,BYD,,,Hibrid,Avtomatski,212,,Pravna oseba
BYD ATTO 2,BYD,,,Hibrid,Avtomatski,212,,Pravna oseba
BYD ATTO 2,BYD,,,Hibrid,Avtomatski,166,,Pravna oseba
BYD ATTO 2,BYD,,,Hibrid,Avtomatski,166,,Pravna oseba
BYD ATTO 2,BYD,,,Hibrid,Avtomatski,166,,Pravna oseba
BYD ATTO 2,BYD,,,Hibrid,Avtomatski,166,,Pravna oseba
BYD ATTO 2,BYD,,,,Avtomatski,204,,Pravna oseba
BYD ATTO 2,BYD,,,,Avtomatski,204,,Pravna oseba
BYD ATTO 2,BYD,,,,Avtomatski,204,,Pravna oseba
BYD ATTO 2,BYD,,,,Avtomatski,204,,Pravna oseba
BYD ATTO 2,BYD,,,,Avtomatski,204,,Pravna oseba
BYD SEALION 7,BYD,,,,Avtomatski,530,,Pravna oseba
BYD SEALION 7,BYD,,,,Avtomatski,530,,Pravna oseba
BYD SEALION 7,BYD,,,,Avtomatski,530,,Pravna oseba
BYD ATTO 2,BYD,,,,Avtomatski,204,,Pravna oseba
BYD ATTO 2,BYD,,,,Avtomatski,204,,Pravna oseba
BYD ATTO 2,BYD,,,,Avtomatski,204,,Pravna oseba
BYD SEALION 7,BYD,,,,Avtomatski,530,,Pravna oseba
BYD SEALION 7,BYD,,,,Avtomatski,530,,Pravna oseba
BYD SEALION 7,BYD,,,,Avtomatski,530,,Pravna oseba
BYD SEALION 7,BYD,,,,Avtomatski,530,,Pravna oseba
BYD SEALION 7,BYD,,,,Avtomatski,530,,Pravna oseba
BYD SEALION 7,BYD,,,,Avtomatski,530,,Pravna oseba
BYD SEALION 7,BYD,,,,Avtomatski,530,,Pravna oseba
BYD SEALION 7,BYD,,,,Avtomatski,530,,Pravna oseba
BYD SEALION 7,BYD,,,,Avtomatski,530,,Pravna oseba
BYD SEALION 7,BYD,,,,Avtomatski,530,,Pravna oseba
BYD SEALION 7,BYD,,,,Avtomatski,530,,Pravna oseba
BYD SEALION 7,BYD,,,,Avtomatski,530,,Pravna oseba
BYD SEALION 7,BYD,,,,Avtomatski,530,,Pravna oseba
BYD SEALION 7,BYD,,,,Avtomatski,313,,Pravna oseba
BYD SEALION 7,BYD,,,,Avtomatski,313,,Pravna oseba
BYD SEALION 7,BYD,,,,Avtomatski,313,,Pravna oseba
BYD SEALION 7,BYD,,,,Avtomatski,313,,Pravna oseba
BYD SEALION 7,BYD,,,,Avtomatski,313,,Pravna oseba
BYD SEALION 7,BYD,,,,Avtomatski,313,,Pravna oseba
BYD SEALION 7,BYD,,,,Avtomatski,313,,Pravna oseba
BYD SEALION 7,BYD,,,,Avtomatski,313,,Pravna oseba
BYD SEAL U,BYD,,,Hibrid,Avtomatski,197,,Pravna oseba
BYD SEAL U,BYD,,,Hibrid,Avtomatski,324,,Pravna oseba
BYD SEAL U,BYD,,,Hibrid,Avtomatski,197,,Pravna oseba
BYD SEAL U,BYD,,,Hibrid,Avtomatski,197,,Pravna oseba
BYD Sealion 5,BYD,,,Hibrid,Avtomatski,197,,Pravna oseba
BYD Sealion 5,BYD,,,Hibrid,Avtomatski,197,,Pravna oseba
BYD Sealion 5,BYD,,,Hibrid,Avtomatski,197,,Pravna oseba
BYD Sealion 5,BYD,,,Hibrid,Avtomatski,197,,Pravna oseba
BYD Sealion 5,BYD,,,Hibrid,Avtomatski,197,,Pravna oseba
BYD Sealion 5,BYD,,,Hibrid,Avtomatski,197,,Pravna oseba
BYD Sealion 5,BYD,,,Hibrid,Avtomatski,197,,Pravna oseba
BYD Sealion 5,BYD,,,Hibrid,Avtomatski,197,,Pravna oseba
BYD Sealion 5,BYD,,,Hibrid,Avtomatski,197,,Pravna oseba
BYD Sealion 5,BYD,,,Hibrid,Avtomatski,197,,Pravna oseba
BYD Sealion 5,BYD,,,Hibrid,Avtomatski,197,,Pravna oseba
BYD Sealion 5,BYD,,,Hibrid,Avtomatski,197,,Pravna oseba
BYD Sealion 5,BYD,,,Hibrid,Avtomatski,197,,Pravna oseba
BYD Sealion 5,BYD,,,Hibrid,Avtomatski,197,,Pravna oseba
BYD Sealion 5,BYD,,,Hibrid,Avtomatski,197,,Pravna oseba
BYD Sealion 5,BYD,,,Hibrid,Avtomatski,197,,Pravna oseba
BYD SEAL U,BYD,,,Hibrid,Avtomatski,324,,Pravna oseba
BYD SEAL U,BYD,,,Hibrid,Avtomatski,324,,Pravna oseba
BYD SEAL U,BYD,,,Hibrid,Avtomatski,324,,Pravna oseba
BYD SEAL U,BYD,,,Hibrid,Avtomatski,324,,Pravna oseba
BYD SEAL U,BYD,,,Hibrid,Avtomatski,324,,Pravna oseba
BYD SEAL U,BYD,,,Hibrid,Avtomatski,324,,Pravna oseba
BYD SEAL U,BYD,,,Hibrid,Avtomatski,197,,Pravna oseba
BYD SEAL U,BYD,,,Hibrid,Avtomatski,197,,Pravna oseba
BYD SEAL U,BYD,,,Hibrid,Avtomatski,197,,Pravna oseba
BYD SEAL U,BYD,,,Hibrid,Avtomatski,197,,Pravna oseba
BYD SEAL U,BYD,,,Hibrid,Avtomatski,197,,Pravna oseba
BYD SEAL U,BYD,,,Hibrid,Avtomatski,197,,Pravna oseba
BYD SEAL U,BYD,,,,Avtomatski,218,,Pravna oseba
BYD SEAL U,BYD,,,,Avtomatski,218,,Pravna oseba
BYD SEAL U,BYD,,,,Avtomatski,218,,Pravna oseba
BYD SEAL U,BYD,,,,Avtomatski,218,,Pravna oseba
BYD SEAL U,BYD,,,,Avtomatski,218,,Pravna oseba
BYD SEAL U,BYD,,,,Avtomatski,218,,Pravna oseba
BYD SEAL U,BYD,,,,Avtomatski,218,,Pravna oseba
BYD SEAL U,BYD,,,,Avtomatski,218,,Pravna oseba
BYD SEAL U,BYD,,,,Avtomatski,218,,Pravna oseba
BYD SEAL U,BYD,,,,Avtomatski,218,,Pravna oseba
BYD SEAL U,BYD,,,,Avtomatski,218,,Pravna oseba
BYD SEAL 6,BYD,,,Hibrid,Avtomatski,197,,Pravna oseba
BYD SEAL 6,BYD,,,Hibrid,Avtomatski,197,,Pravna oseba
BYD SEAL 6,BYD,,,Hibrid,Avtomatski,197,,Pravna oseba
BYD SEAL 6,BYD,,,Hibrid,Avtomatski,197,,Pravna oseba
BYD SEAL 6,BYD,,,Hibrid,Avtomatski,197,,Pravna oseba
BYD SEAL 6,BYD,,,Hibrid,Avtomatski,197,,Pravna oseba
BYD SEAL 6,BYD,,,Hibrid,Avtomatski,197,,Pravna oseba
BYD SEAL U,BYD,,,,Avtomatski,218,,Pravna oseba
BYD SEAL 6,BYD,,,Hibrid,Avtomatski,197,,Pravna oseba
BYD SEAL 6,BYD,,,Hibrid,Avtomatski,197,,Pravna oseba
BYD SEAL 6,BYD,,,Hibrid,Avtomatski,197,,Pravna oseba
BYD SEAL 6,BYD,,,Hibrid,Avtomatski,197,,Pravna oseba
BYD SEAL 6,BYD,,,Hibrid,Avtomatski,197,,Pravna oseba
BYD SEAL 6,BYD,,,Hibrid,Avtomatski,197,,Pravna oseba
BYD SEAL 6,BYD,,,Hibrid,Avtomatski,197,,Pravna oseba
BYD SEAL 6,BYD,,,Hibrid,Avtomatski,197,,Pravna oseba
BYD SEAL 6,BYD,,,Hibrid,Avtomatski,197,,Pravna oseba
BYD SEAL 6,BYD,,,Hibrid,Avtomatski,197,,Pravna oseba
BYD SEAL 6,BYD,,,Hibrid,Avtomatski,197,,Pravna oseba
BYD SEAL 6,BYD,,,Hibrid,Avtomatski,197,,Pravna oseba
BYD SEAL 6,BYD,,,Hibrid,Avtomatski,197,,Pravna oseba
BYD SEAL 6,BYD,,,Hibrid,Avtomatski,197,,Pravna oseba
BYD SEAL 6,BYD,,,Hibrid,Avtomatski,197,,Pravna oseba
BYD SEAL 6,BYD,,,Hibrid,Avtomatski,197,,Pravna oseba
BYD SEAL 6,BYD,,,Hibrid,Avtomatski,197,,Pravna oseba
BYD SEAL 6,BYD,,,Hibrid,Avtomatski,197,,Pravna oseba
BYD SEAL 6,BYD,,,Hibrid,Avtomatski,197,,Pravna oseba
BYD SEAL 6,BYD,,,Hibrid,Avtomatski,197,,Pravna oseba
BYD SEAL 6,BYD,,,Hibrid,Avtomatski,197,,Pravna oseba
BYD SEAL 6,BYD,,,Hibrid,Avtomatski,197,,Pravna oseba
Audi Q5,Audi,2017,224074,Dizel,Avtomatski,190,20990,Pravna oseba
Škoda Octavia,Škoda,2012,319913,Dizel,Ročni,140,,Pravna oseba
Volkswagen Passat,Volkswagen,2016,301500,Dizel,Ročni,150,8990,Pravna oseba
Volvo XC60,Volvo,2022,94403,Dizel,Avtomatski,235,33222,Pravna oseba
BMW Serija 2,BMW,2016,250000,Dizel,Avtomatski,190,8000,Fizična oseba
Renault Clio,Renault,2023,41367,Bencin,Ročni,91,12999,Pravna oseba
Omoda 7,Omoda,,,Hibrid,Avtomatski,143,34990,Pravna oseba
Citroën C3,Citroën,2016,131000,Dizel,Ročni,99,6390,Pravna oseba
BMW Serija 1,BMW,2014,149950,Bencin,Ročni,136,8800,Fizična oseba
BMW Serija 5,BMW,2014,306374,Dizel,Avtomatski,150,6999,Pravna oseba
Volkswagen T-Roc,Volkswagen,2019,119000,Dizel,Ročni,150,17900,Pravna oseba
Toyota RAV4,Toyota,2003,496000,Dizel,Ročni,116,1990,Pravna oseba
Volkswagen Passat,Volkswagen,2015,298000,Dizel,Avtomatski,150,9490,Pravna oseba
Hyundai ix20,Hyundai,2013,136000,Bencin,Ročni,90,5790,Pravna oseba
Mazda Mazda3,Mazda,2016,263000,Dizel,Ročni,150,8500,Fizična oseba
Renault Clio,Renault,2018,62588,Bencin,Ročni,90,8870,Pravna oseba
Mercedes-Benz C-Razred,Mercedes-Benz,2016,237852,Dizel,Avtomatski,170,11940,Pravna oseba
Volkswagen Tiguan,Volkswagen,2022,96712,Dizel,Avtomatski,150,23999,Pravna oseba
Fiat Tipo,Fiat,2019,127051,Bencin,Ročni,95,,Pravna oseba
Mercedes-Benz GLB-Razred,Mercedes-Benz,2025,6029,Dizel,Avtomatski,150,39990,Pravna oseba
Volvo XC40,Volvo,2019,152104,Dizel,Avtomatski,150,18980,Pravna oseba
Volkswagen Arteon Shooting Brake,Volkswagen,2022,95689,Dizel,Avtomatski,150,24980,Pravna oseba
Mercedes-Benz B-Razred,Mercedes-Benz,2023,54252,Dizel,Avtomatski,116,23990,Pravna oseba
BMW serija 3 Touring:,BMW,2021,160170,Dizel,Avtomatski,190,18980,Pravna oseba
DS DS 7 Crossback,DS,2020,151200,Dizel,Avtomatski,131,18880,Pravna oseba
Mercedes-Benz GLA-Razred,Mercedes-Benz,2016,96742,Dizel,Ročni,109,15990,Pravna oseba
Mercedes-Benz B-Razred,Mercedes-Benz,2026,2278,Bencin,Avtomatski,136,31490,Pravna oseba
Volkswagen Passat,Volkswagen,2021,166438,Dizel,Avtomatski,200,20990,Pravna oseba
Opel Grandland X,Opel,2018,121890,Bencin,Ročni,131,9490,Pravna oseba
Volkswagen Touareg,Volkswagen,2020,180100,Dizel,Ročni,286,32900,Pravna oseba
Volkswagen Arteon,Volkswagen,2024,73440,Dizel,Avtomatski,150,33400,Pravna oseba
Volkswagen Up!,Volkswagen,2019,145833,Bencin,Ročni,90,7950,Pravna oseba
Audi Q5,Audi,2018,170187,Dizel,Avtomatski,190,23990,Pravna oseba
Volkswagen Passat,Volkswagen,2021,205288,Dizel,Avtomatski,150,14290,Pravna oseba
BMW X6,BMW,2018,106000,Dizel,Avtomatski,258,,Pravna oseba
Mercedes-Benz CLA-Razred,Mercedes-Benz,2026,1,,Avtomatski,272,,Pravna oseba
Nissan X-Trail,Nissan,2017,139332,Dizel,Ročni,177,,Pravna oseba
Renault Mégane Conquest,Renault,2022,81000,Hibrid,Avtomatski,143,,Pravna oseba
Mercedes-Benz E-Razred,Mercedes-Benz,2013,106060,Dizel,Avtomatski,170,,Pravna oseba
BMW X2,BMW,2025,15900,Dizel,Avtomatski,150,46990,Pravna oseba
Audi A5,Audi,2022,139090,Dizel,Avtomatski,163,28490,Pravna oseba
Škoda Octavia,Škoda,2018,118108,Bencin,Avtomatski,150,15890,Pravna oseba
Volkswagen Passat,Volkswagen,2025,24980,Dizel,Avtomatski,150,33690,Pravna oseba
Renault Clio,Renault,2015,99875,Bencin,Ročni,73,5990,Pravna oseba
Volkswagen Golf,Volkswagen,2018,169754,Dizel,Avtomatski,184,16690,Pravna oseba
Volkswagen T-Roc,Volkswagen,2021,143208,Bencin,Avtomatski,150,17390,Pravna oseba
Volkswagen Passat,Volkswagen,2021,147923,Dizel,Avtomatski,150,16990,Pravna oseba
Škoda Octavia,Škoda,2018,171455,Dizel,Avtomatski,116,9990,Pravna oseba
Volkswagen Passat,Volkswagen,2022,140295,Dizel,Avtomatski,150,18490,Pravna oseba
Škoda Kamiq,Škoda,2025,22939,Bencin,Ročni,95,16990,Pravna oseba
Volkswagen Passat,Volkswagen,2019,172872,Dizel,Avtomatski,150,13990,Pravna oseba
Volkswagen Passat,Volkswagen,2019,169262,Dizel,Avtomatski,150,13990,Pravna oseba
Volkswagen Passat,Volkswagen,2021,157147,Dizel,Avtomatski,150,16890,Pravna oseba
Škoda Octavia,Škoda,2020,141975,Dizel,Avtomatski,150,13190,Pravna oseba
Volkswagen Golf,Volkswagen,2018,169754,Dizel,Avtomatski,184,16990,Pravna oseba
Mercedes-Benz GLE-Razred,Mercedes-Benz,2021,160000,Dizel,Avtomatski,272,48900,Pravna oseba
Hyundai Bayon,Hyundai,2025,5000,Bencin,Ročni,79,16480,Pravna oseba
Škoda Kodiaq,Škoda,2022,103931,Dizel,Avtomatski,150,26980,Pravna oseba
BMW Serija 3,BMW,2025,58463,Dizel,Avtomatski,190,43990,Pravna oseba
Volvo XC40,Volvo,2021,116199,Bencin,Avtomatski,129,20990,Pravna oseba
Mercedes-Benz E-Razred,Mercedes-Benz,2019,233000,Dizel,Avtomatski,194,28950,Pravna oseba
Mercedes-Benz V-Razred,Mercedes-Benz,2018,169000,Dizel,Avtomatski,190,33950,Pravna oseba
Volvo XC40,Volvo,2019,129000,Dizel,Avtomatski,190,22950,Pravna oseba
BMW serija 8 Gran Coupe:,BMW,2019,200000,Dizel,Avtomatski,340,46950,Pravna oseba
BMW serija X7:,BMW,2019,131000,Dizel,Avtomatski,400,69950,Pravna oseba
Renault Talisman,Renault,2017,230000,Dizel,Avtomatski,160,Cena po dogovoru,Pravna oseba
Mercedes-Benz A-Razred,Mercedes-Benz,2020,,Bencin,Avtomatski,421,Cena po dogovoru,Pravna oseba
BMW serija 1:,BMW,2020,163000,Dizel,Avtomatski,150,23950,Pravna oseba
BMW serija 3 Touring:,BMW,2022,155000,Dizel,Avtomatski,150,23950,Pravna oseba
Opel Astra,Opel,2014,,Bencin,Ročni,280,Cena po dogovoru,Pravna oseba
Volkswagen Golf Variant,Volkswagen,2019,212000,Dizel,Avtomatski,150,9950,Pravna oseba
Volkswagen CrossPolo,Volkswagen,2016,,Dizel,Ročni,90,Cena po dogovoru,Pravna oseba
BMW serija 4 Coupe:,BMW,2023,,Dizel,Avtomatski,340,Cena po dogovoru,Pravna oseba
Volkswagen Passat Variant,Volkswagen,2021,172000,Dizel,Avtomatski,239,20950,Pravna oseba
Volvo XC90,Volvo,2017,273000,Dizel,Avtomatski,235,17950,Pravna oseba
Hyundai Kona,Hyundai,2022,177000,Dizel,Avtomatski,136,13950,Pravna oseba
Citroën C5 X,Citroën,2023,51000,Bencin,Avtomatski,131,14950,Pravna oseba
Mercedes-Benz E-Razred,Mercedes-Benz,2016,145000,Dizel,Avtomatski,136,16950,Pravna oseba
Volkswagen Golf Variant,Volkswagen,2015,254000,Dizel,Avtomatski,184,9950,Pravna oseba
Audi A3,Audi,2017,,Dizel,Ročni,150,Cena po dogovoru,Pravna oseba
BMW serija 5:,BMW,2017,259000,Dizel,Avtomatski,190,20950,Pravna oseba
Volkswagen Passat Alltrack,Volkswagen,2021,243000,Dizel,Avtomatski,200,18950,Pravna oseba
Audi S3 Cabriolet,Audi,2017,179000,Bencin,Avtomatski,310,19950,Pravna oseba
BMW serija 3 Gran Turismo:,BMW,2016,330000,Dizel,Ročni,150,7950,Pravna oseba
BMW serija 3:,BMW,2012,277000,Dizel,Ročni,116,5950,Pravna oseba
Mazda Mazda6,Mazda,2013,257000,Dizel,Ročni,150,5950,Pravna oseba
Volkswagen Polo,Volkswagen,2018,167000,Dizel,Ročni,95,9950,Pravna oseba
BMW serija 3 Touring:,BMW,2015,,Dizel,Avtomatski,150,Cena po dogovoru,Pravna oseba
Volkswagen Passat Variant,Volkswagen,2022,127780,Dizel,Avtomatski,150,18780,Pravna oseba
Volkswagen Passat Variant,Volkswagen,2024,79865,Bencin,Avtomatski,150,26980,Pravna oseba
Audi A6 Avant,Audi,2015,232982,Dizel,Avtomatski,204,11500,Pravna oseba
Audi Q5,Audi,2017,177000,Dizel,Avtomatski,150,19850,Pravna oseba
Dacia Sandero,Dacia,,,Bencin,Ročni,110,15100,Pravna oseba
Dacia Sandero,Dacia,,,Bencin,Ročni,101,12750,Pravna oseba
Dacia Sandero,Dacia,,,Bencin,Ročni,91,14550,Pravna oseba
Dacia Sandero,Dacia,,,Bencin,Ročni,91,12999,Pravna oseba
Dacia Duster,Dacia,,,Bencin,Ročni,140,22499,Pravna oseba
Dacia Duster,Dacia,,,Bencin,Ročni,131,23200,Pravna oseba
Dacia Duster,Dacia,,,Bencin,Ročni,131,23200,Pravna oseba
Dacia Duster,Dacia,,,Bencin,Avtomatski,109,24199,Pravna oseba
Dacia Duster,Dacia,,,Bencin,Ročni,131,24200,Pravna oseba
Dacia Bigster,Dacia,,,Bencin,Ročni,140,25000,Pravna oseba
Dacia Bigster,Dacia,,,Hibrid,Ročni,140,22820,Pravna oseba
Dacia Bigster,Dacia,,,Bencin,Ročni,131,28240,Pravna oseba
Dacia Bigster,Dacia,,,Hibrid,Avtomatski,156,28820,Pravna oseba
Dacia Bigster,Dacia,,,Hibrid,Avtomatski,156,30350,Pravna oseba
Dacia Bigster,Dacia,,,Hibrid,Avtomatski,156,28820,Pravna oseba
Mercedes-Benz GLC-Razred,Mercedes-Benz,2021,121842,Dizel,Avtomatski,194,,Pravna oseba
Ford Focus,Ford,2021,157386,Dizel,Avtomatski,120,9690,Pravna oseba
Mercedes-Benz GLA-Razred,Mercedes-Benz,2019,112249,Bencin,Avtomatski,122,,Pravna oseba
Mercedes-Benz GLA-Razred,Mercedes-Benz,2021,49000,Hibrid,Avtomatski,160,,Pravna oseba
Mercedes-Benz E-Razred,Mercedes-Benz,2021,73727,Dizel,Avtomatski,330,,Pravna oseba
MG MG4,MG,2023,31010,,Avtomatski,204,,Pravna oseba
Mercedes-Benz EQB-Razred,Mercedes-Benz,2024,52609,,Avtomatski,190,,Pravna oseba
Nissan Qashqai,Nissan,2022,121264,Bencin,Avtomatski,158,,Pravna oseba
Nissan Qashqai,Nissan,2014,117191,Dizel,Ročni,131,,Pravna oseba
Opel Zafira,Opel,2016,120302,Bencin,Ročni,140,,Pravna oseba
Opel Insignia,Opel,2022,129000,Dizel,Avtomatski,174,,Pravna oseba
Opel Grandland X,Opel,2021,1,Bencin,Ročni,131,,Pravna oseba
Mercedes-Benz EQA,Mercedes-Benz,2023,57590,,Avtomatski,190,,Pravna oseba
Peugeot Partner,Peugeot,2011,290800,Dizel,Ročni,92,,Pravna oseba
Mercedes-Benz C-Razred,Mercedes-Benz,2022,158108,Dizel,Avtomatski,200,,Pravna oseba
Peugeot 5008,Peugeot,2022,146008,Dizel,Ročni,131,,Pravna oseba
Peugeot 408,Peugeot,2024,30000,Bencin,Avtomatski,131,20999,Pravna oseba
Mercedes-Benz B-Razred,Mercedes-Benz,2017,104000,Bencin,Ročni,156,,Pravna oseba
Peugeot 408,Peugeot,2023,57633,Bencin,Avtomatski,131,,Pravna oseba
Peugeot 308,Peugeot,2016,205678,Dizel,Ročni,99,,Pravna oseba
Peugeot 308,Peugeot,2023,43000,Hibrid,Avtomatski,181,,Pravna oseba
Peugeot 3008,Peugeot,2020,128986,Bencin,Avtomatski,131,,Pravna oseba
Renault Espace,Renault,2018,217000,Dizel,Avtomatski,160,,Pravna oseba
Jaguar E-PACE,Jaguar,2018,44493,Dizel,Avtomatski,179,,Pravna oseba
Hyundai i30,Hyundai,2018,87000,Bencin,Ročni,99,,Pravna oseba
Suzuki Vitara,Suzuki,2018,128209,Bencin,Ročni,140,,Pravna oseba
Škoda Superb,Škoda,2025,26505,Bencin,Avtomatski,150,,Pravna oseba
Honda HR-V,Honda,2022,120373,Hibrid,Avtomatski,131,,Pravna oseba
Škoda Octavia,Škoda,2024,89000,Dizel,Avtomatski,150,,Pravna oseba
Škoda Kodiaq,Škoda,2023,133953,Dizel,Avtomatski,150,,Pravna oseba
Škoda Kodiaq,Škoda,2022,130118,Dizel,Avtomatski,150,,Pravna oseba
Volkswagen Tiguan,Volkswagen,2025,26051,Bencin,Avtomatski,131,,Pravna oseba
Volkswagen Tiguan,Volkswagen,2013,179000,Dizel,Ročni,110,,Pravna oseba
Volkswagen Passat,Volkswagen,2021,117000,Dizel,Avtomatski,150,,Pravna oseba
Volkswagen Passat,Volkswagen,2025,26021,Bencin,Avtomatski,150,,Pravna oseba
Volkswagen ID.5,Volkswagen,2022,67381,,Avtomatski,174,,Pravna oseba
Volkswagen Golf,Volkswagen,2020,128000,Dizel,Avtomatski,150,,Pravna oseba
Mercedes-Benz CLS Shooting Brake,Mercedes-Benz,,,,Avtomatski,224,,Pravna oseba
Ford Explorer,Ford,2025,44775,,Avtomatski,286,,Pravna oseba
Mercedes-Benz CLA-Razred,Mercedes-Benz,2024,11372,Dizel,Avtomatski,150,34488,Pravna oseba
Mercedes-Benz A-Razred,Mercedes-Benz,2017,142881,Bencin,Avtomatski,122,,Pravna oseba
Citroën C4,Citroën,2021,90003,Dizel,Ročni,110,,Pravna oseba
BMW X5,BMW,2014,187000,Dizel,Avtomatski,218,,Pravna oseba
BMW X5,BMW,2019,182000,Dizel,Avtomatski,400,,Pravna oseba
BMW X3,BMW,2022,101000,Dizel,Avtomatski,190,,Pravna oseba
BMW X3,BMW,2023,114607,Dizel,Avtomatski,190,,Pravna oseba
Peugeot 5008,Peugeot,2025,13103,Bencin,Avtomatski,145,29988,Pravna oseba
BMW X2,BMW,2019,147844,Bencin,Ročni,140,,Pravna oseba
Peugeot 308,Peugeot,2025,17392,Dizel,Avtomatski,131,21988,Pravna oseba
Peugeot 308,Peugeot,2025,15222,Dizel,Avtomatski,131,21988,Pravna oseba
BMW X1,BMW,2024,52962,Bencin,Avtomatski,170,,Pravna oseba
Peugeot 308,Peugeot,2025,40819,Dizel,Avtomatski,131,18488,Pravna oseba
BMW X1,BMW,2025,3699,Bencin,Avtomatski,156,,Pravna oseba
Peugeot 208,Peugeot,2025,9488,Bencin,Avtomatski,110,18988,Pravna oseba
BMW Serija 5,BMW,2021,123275,Hibrid,Avtomatski,292,,Pravna oseba
Peugeot 2008,Peugeot,2025,14239,Bencin,Ročni,101,17488,Pravna oseba
BMW Serija 4,BMW,2022,149002,Dizel,Avtomatski,163,,Pravna oseba
Peugeot 2008,Peugeot,2025,3496,Bencin,Ročni,101,18488,Pravna oseba
BMW Serija 3,BMW,2023,67000,Dizel,Avtomatski,286,,Pravna oseba
Mitsubishi Outlander,Mitsubishi,2020,226427,Bencin,Avtomatski,150,,Pravna oseba
Leapmotor T03,Leapmotor,2025,11176,,Avtomatski,95,10988,Pravna oseba
BMW Serija 1,BMW,2020,118595,Dizel,Avtomatski,116,,Pravna oseba
Audi Q4,Audi,2023,46970,,Avtomatski,265,,Pravna oseba
Audi e-tron,Audi,2023,27818,,Avtomatski,408,,Pravna oseba
Audi e-tron,Audi,2022,44562,,Avtomatski,360,,Pravna oseba
Alfa Romeo Junior,Alfa,2025,20009,Bencin,Avtomatski,136,19988,Pravna oseba
Alfa Romeo Stelvio,Alfa,2022,48930,Dizel,Avtomatski,209,,Pravna oseba
Alfa Romeo Stelvio,Alfa,2022,151734,Dizel,Avtomatski,190,,Pravna oseba
BMW Serija 3,BMW,2021,175000,Dizel,Avtomatski,190,19900,Fizična oseba
BMW serija 5 Touring:,BMW,2015,223000,Dizel,Ročni,190,8650,Pravna oseba
BMW serija X1:,BMW,2016,163011,Dizel,Avtomatski,150,13850,Pravna oseba
Audi A4 Avant,Audi,2016,214045,Dizel,Ročni,136,11850,Pravna oseba
Peugeot 2008,Peugeot,2015,132000,Bencin,Ročni,110,5800,Pravna oseba
Opel Astra,Opel,2012,225000,Dizel,Ročni,110,2950,Pravna oseba
Peugeot 108,Peugeot,2015,122000,Bencin,Ročni,82,6350,Pravna oseba
Citroën C3 Aircross,Citroën,2018,145000,Bencin,Ročni,110,7300,Pravna oseba
Škoda Octavia,Škoda,2023,136000,Dizel,Avtomatski,150,21850,Pravna oseba
Škoda Octavia,Škoda,2022,159000,Dizel,Avtomatski,150,18850,Pravna oseba
Volkswagen Passat Variant,Volkswagen,2014,255000,Dizel,Avtomatski,140,8250,Pravna oseba
Suzuki SX4 S-Cross,Suzuki,2017,199000,Bencin,Ročni,111,7850,Pravna oseba
Citroën C4,Citroën,2013,262000,Dizel,Ročni,116,3700,Fizična oseba
Audi A6,Audi,2017,173000,Dizel,Avtomatski,190,17850,Pravna oseba
Audi A4,Audi,2017,247000,Dizel,Avtomatski,190,14490,Pravna oseba
Citroën C3,Citroën,2018,71000,Bencin,Ročni,82,6400,Fizična oseba
Volkswagen Golf,Volkswagen,2017,235704,Dizel,Ročni,116,7999,Pravna oseba
Audi A4,Audi,2019,190373,Dizel,Avtomatski,150,17990,Pravna oseba
Audi A7 Limousine,Audi,2016,179500,Dizel,Avtomatski,272,21490,Pravna oseba
BMW Serija 3,BMW,2025,25425,Dizel,Avtomatski,190,45990,Pravna oseba
Mercedes-Benz GLE-Razred,Mercedes-Benz,2026,3800,Bencin,Avtomatski,435,114990,Pravna oseba
Toyota RAV4,Toyota,2023,84337,Hibrid,Avtomatski,178,,Pravna oseba
Smart Smart fortwo,Smart,2017,91932,Bencin,Ročni,90,9990,Pravna oseba
Nissan Townstar,Nissan,2023,105069,Bencin,Ročni,131,16490,Pravna oseba
KIA EV6,KIA,2022,100500,,Ročni,320,33000,Fizična oseba
Renault Twingo,Renault,2021,73106,Bencin,Ročni,65,7888,Pravna oseba
Renault Megane,Renault,2017,143866,Dizel,Ročni,110,8555,Pravna oseba
Volkswagen Beetle,Volkswagen,2015,80000,Bencin,Ročni,105,13650,Pravna oseba
Volkswagen Passat,Volkswagen,2015,250978,Dizel,Avtomatski,239,Cena po dogovoru,Pravna oseba
Škoda Karoq,Škoda,2024,49353,Bencin,Avtomatski,150,26850,Pravna oseba
BMW Serija 3,BMW,2017,240000,Dizel,Avtomatski,190,14940,Pravna oseba
Volkswagen Tiguan,Volkswagen,2023,96597,Dizel,Avtomatski,150,27980,Pravna oseba
Hyundai Bayon,Hyundai,2022,12000,Bencin,Ročni,84,13590,Pravna oseba
MINI Countryman Cooper,MINI,2021,144400,Dizel,Avtomatski,150,,Pravna oseba
BMW serija 3:,BMW,2015,195000,Bencin,Avtomatski,245,17490,Pravna oseba
Audi A6,Audi,2020,120536,Dizel,Avtomatski,286,27900,Fizična oseba
Mercedes-Benz V-Razred,Mercedes-Benz,2019,149980,Dizel,Avtomatski,190,37980,Pravna oseba
Ford B-MAX,Ford,2013,165500,Bencin,Ročni,101,3300,Fizična oseba
Škoda Octavia,Škoda,2013,245000,Dizel,Ročni,105,,Pravna oseba
Audi A3,Audi,2022,43341,Bencin,Ročni,150,20999,Pravna oseba
BMW X1,BMW,2025,44837,Dizel,Avtomatski,197,46990,Pravna oseba
Peugeot Rifter,Peugeot,2019,225000,Dizel,Avtomatski,131,10850,Pravna oseba
Volkswagen Beetle,Volkswagen,2013,180193,Bencin,Ročni,105,8490,Pravna oseba
Seat Ateca,Seat,2017,110500,Bencin,Ročni,150,,Pravna oseba
Opel Mokka,Opel,2021,110319,Bencin,Ročni,131,11990,Pravna oseba
Opel Corsa,Opel,2022,54287,Bencin,Avtomatski,131,11490,Pravna oseba
Nissan Navara,Nissan,2019,149747,Dizel,Avtomatski,190,23990,Pravna oseba
Mercedes-Benz V-Razred,Mercedes-Benz,,,Dizel,Avtomatski,237,,Pravna oseba
Mercedes-Benz V-Razred,Mercedes-Benz,,,Dizel,Avtomatski,237,,Pravna oseba
Mercedes-Benz V-Razred,Mercedes-Benz,,,Dizel,Avtomatski,237,,Pravna oseba
Mercedes-Benz V-Razred,Mercedes-Benz,,,Dizel,Avtomatski,237,,Pravna oseba
Mercedes-Benz G-Razred,Mercedes-Benz,2025,10255,Dizel,Avtomatski,367,,Pravna oseba
Mercedes-Benz GLE-Razred,Mercedes-Benz,2017,206971,Dizel,Avtomatski,258,23490,Pravna oseba
Mercedes-Benz GLE-Razred,Mercedes-Benz,,,Bencin,Avtomatski,435,,Pravna oseba
Mercedes-Benz GLC-Razred,Mercedes-Benz,,,,Avtomatski,489,,Pravna oseba
Mercedes-Benz GLC-Razred,Mercedes-Benz,,,Dizel,Avtomatski,197,74490,Pravna oseba
Mercedes-Benz GLC-Razred,Mercedes-Benz,,,Dizel,Avtomatski,197,,Pravna oseba
Mercedes-Benz GLC-Razred,Mercedes-Benz,,,Dizel,Avtomatski,197,,Pravna oseba
Mercedes-Benz GLC-Razred,Mercedes-Benz,2025,10954,Dizel,Avtomatski,197,64990,Pravna oseba
Mercedes-Benz GLC-Razred,Mercedes-Benz,,,Dizel,Avtomatski,197,,Pravna oseba
Mercedes-Benz GLC-Razred,Mercedes-Benz,,,Dizel,Avtomatski,197,,Pravna oseba
Mercedes-Benz GLC-Razred,Mercedes-Benz,,,Dizel,Avtomatski,197,,Pravna oseba
Mercedes-Benz GLC-Razred,Mercedes-Benz,,,Dizel,Avtomatski,197,,Pravna oseba
Mercedes-Benz GLC-Razred,Mercedes-Benz,2023,31550,Dizel,Avtomatski,197,55990,Pravna oseba
Mercedes-Benz GLC-Razred,Mercedes-Benz,2020,235254,Dizel,Avtomatski,194,29990,Pravna oseba
Mercedes-Benz GLC-Razred,Mercedes-Benz,2025,1,Dizel,Avtomatski,197,68490,Pravna oseba
Mercedes-Benz GLC-Razred,Mercedes-Benz,2026,17500,Dizel,Avtomatski,197,,Pravna oseba
Mercedes-Benz GLC-Razred,Mercedes-Benz,,,Dizel,Avtomatski,197,,Pravna oseba
Mercedes-Benz GLC-Razred,Mercedes-Benz,2025,9000,Dizel,Avtomatski,197,63990,Pravna oseba
Mercedes-Benz GLB-Razred,Mercedes-Benz,2026,1,Bencin,Avtomatski,163,,Pravna oseba
Mercedes-Benz GLA-Razred,Mercedes-Benz,2025,7021,Dizel,Avtomatski,150,41990,Pravna oseba
Mercedes-Benz GLA-Razred,Mercedes-Benz,,,Bencin,Avtomatski,163,,Pravna oseba
Mercedes-Benz GLA-Razred,Mercedes-Benz,2025,9154,Bencin,Avtomatski,163,41490,Pravna oseba
Mercedes-Benz GLA-Razred,Mercedes-Benz,2026,9000,Bencin,Avtomatski,136,39990,Pravna oseba
Mercedes-Benz GLA-Razred,Mercedes-Benz,,,Bencin,Avtomatski,136,,Pravna oseba
Mercedes-Benz E-Razred,Mercedes-Benz,2023,20190,Dizel,Avtomatski,200,50990,Pravna oseba
Mercedes-Benz E-Razred,Mercedes-Benz,2018,95233,Dizel,Avtomatski,194,21990,Pravna oseba
Mercedes-Benz E-Razred,Mercedes-Benz,2021,60438,Dizel,Avtomatski,160,36990,Pravna oseba
Mercedes-Benz EQS,Mercedes-Benz,2022,150000,,Avtomatski,292,44000,Pravna oseba
Mercedes-Benz C-Razred,Mercedes-Benz,2025,12171,Dizel,Avtomatski,265,46490,Pravna oseba
Mercedes-Benz C-Razred,Mercedes-Benz,2024,25000,Dizel,Avtomatski,197,37990,Pravna oseba
Mercedes-Benz C-Razred,Mercedes-Benz,2023,41960,Bencin,Avtomatski,170,30990,Pravna oseba
Mercedes-Benz CLA-Razred,Mercedes-Benz,2026,1000,Bencin,Avtomatski,163,54990,Pravna oseba
Mercedes-Benz CLA-Razred,Mercedes-Benz,,,,Avtomatski,224,,Pravna oseba
Mercedes-Benz CLA-Razred,Mercedes-Benz,,,Bencin,Avtomatski,163,,Pravna oseba
Mercedes-Benz CLA-Razred,Mercedes-Benz,2026,1000,Bencin,Avtomatski,163,,Pravna oseba
Mercedes-Benz CLA-Razred,Mercedes-Benz,,,Bencin,Avtomatski,136,,Pravna oseba
Mercedes-Benz CLA-Razred,Mercedes-Benz,,,Bencin,Avtomatski,136,,Pravna oseba
Mercedes-Benz CLA-Razred,Mercedes-Benz,2025,16579,Bencin,Avtomatski,190,,Pravna oseba
Mercedes-Benz CLA-Razred,Mercedes-Benz,2024,56783,Bencin,Avtomatski,136,27490,Pravna oseba
Mercedes-Benz CLA-Razred,Mercedes-Benz,,,Bencin,Avtomatski,163,,Pravna oseba
Mercedes-Benz CLA-Razred,Mercedes-Benz,,,Bencin,Avtomatski,136,,Pravna oseba
Mercedes-Benz B-Razred,Mercedes-Benz,2020,155898,Dizel,Ročni,116,14690,Pravna oseba
Mercedes-Benz A-Razred,Mercedes-Benz,2025,19588,Bencin,Avtomatski,136,32490,Pravna oseba
KIA Sportage,KIA,2025,11,Bencin,Avtomatski,160,28490,Pravna oseba
Audi A3,Audi,2020,115714,Dizel,Ročni,116,17990,Pravna oseba
Audi A6,Audi,2018,129500,Dizel,Avtomatski,286,32880,Pravna oseba
Mercedes-Benz CLA-Razred,Mercedes-Benz,,,Bencin,Avtomatski,136,,Pravna oseba
Alfa Romeo Stelvio,Alfa,2024,34542,Dizel,Avtomatski,209,36990,Pravna oseba
Cupra Formentor,Cupra,2025,8320,Bencin,Avtomatski,204,34900,Pravna oseba
KIA Rio,KIA,2020,47450,Bencin,Ročni,84,9970,Pravna oseba
Volkswagen Tiguan,Volkswagen,2022,118564,Dizel,Avtomatski,200,30990,Pravna oseba
Opel Insignia,Opel,2018,87938,Bencin,Ročni,140,11290,Pravna oseba
BMW serija 2 Active Tourer:,BMW,2015,266000,Dizel,Ročni,150,4490,Pravna oseba
Volkswagen Tiguan,Volkswagen,2021,104619,Bencin,Avtomatski,150,26490,Pravna oseba
Volkswagen T-Roc,Volkswagen,2022,117892,Dizel,Avtomatski,150,18990,Pravna oseba
Volkswagen Tiguan Allspace,Volkswagen,2023,99988,Dizel,Avtomatski,200,30990,Pravna oseba
Mercedes-Benz E-Razred,Mercedes-Benz,2011,305600,Dizel,Avtomatski,170,7999,Pravna oseba
BMW serija 2 Gran Coupe:,BMW,2021,225000,Dizel,Avtomatski,140,15450,Pravna oseba
Mercedes-Benz GLE-Razred,Mercedes-Benz,2018,293500,Dizel,Avtomatski,204,26490,Pravna oseba
Audi A6,Audi,2018,160000,Dizel,Avtomatski,286,26350,Pravna oseba
Mercedes-Benz CLA-Razred,Mercedes-Benz,2023,143956,Dizel,Avtomatski,150,,Pravna oseba
Mitsubishi Eclipse Cross,Mitsubishi,2022,19000,Hibrid,Avtomatski,188,24990,Pravna oseba
Mercedes-Benz GLB-Razred,Mercedes-Benz,2025,18676,Bencin,Avtomatski,163,,Pravna oseba
Mercedes-Benz GLB-Razred,Mercedes-Benz,2025,24284,Dizel,Avtomatski,150,,Pravna oseba
Mercedes-Benz GLC-Razred,Mercedes-Benz,2025,34494,Bencin,Avtomatski,204,48990,Pravna oseba
Mercedes-Benz E-Razred,Mercedes-Benz,2024,55983,Dizel,Avtomatski,200,43990,Pravna oseba
Mercedes-Benz GLC-Razred,Mercedes-Benz,2026,7915,Dizel,Avtomatski,200,63990,Pravna oseba
KIA XCeed,KIA,2021,41413,Bencin,Ročni,120,16299,Pravna oseba
KIA XCeed,KIA,2025,30161,Bencin,Avtomatski,140,22999,Pravna oseba
KIA Sportage,KIA,2025,13738,Bencin,Avtomatski,150,25799,Pravna oseba
Hyundai i20,Hyundai,2019,74793,Bencin,Ročni,75,9999,Pravna oseba
KIA XCeed,KIA,2025,18857,Bencin,Ročni,140,21899,Pravna oseba
KIA Sportage,KIA,2025,11944,Bencin,Avtomatski,160,25999,Pravna oseba
KIA XCeed,KIA,2025,14549,Bencin,Avtomatski,140,23499,Pravna oseba
Ford Focus,Ford,2018,159000,Dizel,Ročni,95,7900,Fizična oseba
Mercedes-Benz A-Razred,Mercedes-Benz,2008,213402,Bencin,Ročni,95,2490,Pravna oseba
BMW X3,BMW,2018,175000,Dizel,Avtomatski,265,26950,Pravna oseba
Volkswagen Golf,Volkswagen,2025,23812,Bencin,Ročni,116,22480,Pravna oseba
Volkswagen T-Roc,Volkswagen,2022,128342,Dizel,Avtomatski,150,19880,Pravna oseba
Volkswagen Touran,Volkswagen,2022,149096,Dizel,Avtomatski,150,20480,Pravna oseba
Volvo XC60,Volvo,2021,135254,Dizel,Avtomatski,197,30980,Pravna oseba
Audi Q5,Audi,2022,107318,Dizel,Avtomatski,204,32980,Pravna oseba
Volkswagen Tiguan,Volkswagen,2024,59002,Dizel,Avtomatski,150,32980,Pravna oseba
Volkswagen Passat Variant,Volkswagen,2023,134928,Dizel,Avtomatski,150,21980,Pravna oseba
Volkswagen Passat Variant,Volkswagen,2022,130969,Dizel,Avtomatski,150,19980,Pravna oseba
Volkswagen Golf Variant,Volkswagen,2022,144013,Dizel,Avtomatski,150,15980,Pravna oseba
Volkswagen Golf Variant,Volkswagen,2023,136489,Dizel,Avtomatski,200,23980,Pravna oseba
Škoda Octavia,Škoda,2023,110761,Dizel,Avtomatski,200,25980,Pravna oseba
Škoda Karoq,Škoda,2018,215823,Dizel,Ročni,116,12980,Pravna oseba
MINI Cooper,MINI,2021,74001,,Avtomatski,184,15980,Pravna oseba
Fiat 500X,Fiat,2019,84000,Bencin,Ročni,120,9980,Pravna oseba
Renault Mégane,Renault,2010,228000,Bencin,Ročni,131,2590,Pravna oseba
BMW X1,BMW,2025,30638,Dizel,Avtomatski,150,44900,Pravna oseba
BMW X1,BMW,2025,30617,Dizel,Avtomatski,150,44900,Pravna oseba
Volkswagen Polo,Volkswagen,,,Bencin,Ročni,95,19462,Pravna oseba
Volkswagen Taigo,Volkswagen,,,Bencin,Avtomatski,150,25925,Pravna oseba
Volkswagen Tiguan,Volkswagen,,,Dizel,Avtomatski,150,43472,Pravna oseba
Volkswagen California,Volkswagen,,,Dizel,Avtomatski,150,68298,Pravna oseba
