Ime,Znamka,Letnik,Prevoženi kilometri,Tip goriva,Tip menjalnika,Moč motorja,Cena,Prodajalec
Peugeot 308,Peugeot,2019,8500,Dizel,Avtomatski,131,8500,Pravna oseba
BMW X1,BMW,2022,166780,Dizel,Avtomatski,150,18880,Pravna oseba
Opel Crossland,Opel,2023,87620,Dizel,Ročni,110,12980,Pravna oseba
Citroën C3,Citroën,2021,104500,Bencin,Ročni,83,6680,Pravna oseba
BMW Serija 3,BMW,2020,183500,Dizel,Avtomatski,190,16480,Pravna oseba
BMW X1,BMW,2021,171496,Dizel,Avtomatski,150,17880,Pravna oseba
Škoda Octavia,Škoda,2022,125000,Dizel,Ročni,116,16880,Pravna oseba
Ford Kuga,Ford,2022,113905,Hibrid,Avtomatski,190,18780,Pravna oseba
Volvo V90,Volvo,2018,162805,Dizel,Avtomatski,150,18480,Pravna oseba
Nissan Qashqai,Nissan,2023,79000,Bencin,Avtomatski,190,23480,Pravna oseba
Toyota Auris,Toyota,2018,159933,Hibrid,Avtomatski,136,13480,Pravna oseba
Opel Grandland X,Opel,2022,99908,Dizel,Avtomatski,131,14880,Pravna oseba
Smart Smart forfour,Smart,2022,29500,,Avtomatski,82,10480,Pravna oseba
Peugeot 308,Peugeot,2018,144900,Dizel,Avtomatski,179,11880,Pravna oseba
Hyundai Tucson,Hyundai,2024,36800,Bencin,Avtomatski,150,23880,Pravna oseba
Škoda Octavia,Škoda,2022,144075,Dizel,Avtomatski,116,16980,Pravna oseba
KIA Sportage,KIA,2021,109779,Dizel,Avtomatski,136,15780,Pravna oseba
Mazda CX-60,Mazda,2023,89878,Dizel,Avtomatski,249,30880,Pravna oseba
Audi A4,Audi,2020,188920,Dizel,Avtomatski,163,15980,Pravna oseba
Ford Focus,Ford,2025,26650,Dizel,Avtomatski,116,22980,Pravna oseba
Mitsubishi Eclipse Cross,Mitsubishi,2019,108180,Dizel,Avtomatski,150,14880,Pravna oseba
Volkswagen Golf,Volkswagen,1988,168000,Bencin,Ročni,139,13800,Pravna oseba
BMW Serija 1,BMW,2020,130000,Dizel,Ročni,116,14980,Pravna oseba
Nissan Qashqai,Nissan,2022,122407,Bencin,Avtomatski,158,17280,Pravna oseba
Škoda Citigo,Škoda,2018,98644,Bencin,Ročni,60,5480,Pravna oseba
BMW serija 5:,BMW,2010,226233,Dizel,Ročni,184,7999,Pravna oseba
Ford Kuga,Ford,2019,110436,Dizel,Avtomatski,120,13450,Pravna oseba
Mazda CX-30,Mazda,2021,98000,Bencin,Avtomatski,179,21880,Pravna oseba
BMW Serija 3,BMW,2021,163020,Dizel,Avtomatski,150,18980,Pravna oseba
Volvo XC40,Volvo,2021,76799,Hibrid,Avtomatski,262,24880,Pravna oseba
BMW X1,BMW,2021,169215,Dizel,Avtomatski,150,17980,Pravna oseba
Seat Leon,Seat,2015,189900,Dizel,Avtomatski,105,7880,Pravna oseba
KIA Sportage,KIA,2023,71088,Dizel,Avtomatski,136,21480,Pravna oseba
BMW Serija 5,BMW,2025,23200,Dizel,Avtomatski,286,56980,Pravna oseba
Ford Fiesta,Ford,2014,160500,Bencin,Ročni,97,4880,Pravna oseba
Škoda Karoq,Škoda,2019,108818,Dizel,Avtomatski,116,16880,Pravna oseba
BMW iX,BMW,2025,8755,,Avtomatski,204,38000,Pravna oseba
BMW Serija 2,BMW,2024,95800,Bencin,Avtomatski,136,24680,Pravna oseba
BMW Serija 5,BMW,2017,140660,Dizel,Avtomatski,190,18880,Pravna oseba
Ford Kuga,Ford,2021,129508,Dizel,Ročni,150,15880,Pravna oseba
KIA Sportage,KIA,2023,63686,Dizel,Avtomatski,136,20980,Pravna oseba
Opel Insignia,Opel,2012,299589,Dizel,Avtomatski,160,2480,Pravna oseba
MINI Cooper,MINI,2017,105000,Dizel,Avtomatski,143,15680,Pravna oseba
BMW X6,BMW,2025,7630,Dizel,Avtomatski,298,91880,Pravna oseba
Audi A4,Audi,2021,169855,Dizel,Avtomatski,204,18880,Pravna oseba
Peugeot 2008,Peugeot,2016,132629,Dizel,Ročni,99,7880,Pravna oseba
Seat Ateca,Seat,2022,133988,Dizel,Avtomatski,150,19980,Pravna oseba
Volkswagen Golf,Volkswagen,1988,168000,Bencin,Ročni,139,13800,Pravna oseba
Volkswagen Tiguan,Volkswagen,2018,128807,Dizel,Avtomatski,150,16980,Pravna oseba
Renault Clio,Renault,2017,183245,Dizel,Ročni,75,5480,Pravna oseba
Mercedes-Benz A-Razred,Mercedes-Benz,2015,238757,Dizel,Avtomatski,136,9980,Pravna oseba
Mercedes-Benz GLB-Razred,Mercedes-Benz,2020,159405,Dizel,Avtomatski,116,22490,Pravna oseba
Volvo V60,Volvo,2021,158894,Dizel,Avtomatski,197,17880,Pravna oseba
Renault Espace,Renault,2015,131000,Dizel,Avtomatski,160,10880,Pravna oseba
BMW X2,BMW,2023,124390,Dizel,Avtomatski,150,20880,Pravna oseba
Ford Kuga,Ford,2023,84067,Dizel,Avtomatski,120,19980,Pravna oseba
Ford S-MAX,Ford,2022,125000,Dizel,Avtomatski,150,19480,Pravna oseba
BMW X3,BMW,2021,13500,Dizel,Avtomatski,286,39880,Pravna oseba
Ford Kuga,Ford,2022,116221,Dizel,Ročni,150,16480,Pravna oseba
BMW X1,BMW,2022,159207,Dizel,Avtomatski,150,18880,Pravna oseba
BMW X1,BMW,2021,133955,Dizel,Avtomatski,150,19980,Pravna oseba
BMW X1,BMW,2022,76107,Hibrid,Avtomatski,220,21480,Pravna oseba
BMW X1,BMW,2022,161049,Dizel,Avtomatski,150,19880,Pravna oseba
Mazda CX-5,Mazda,2022,120995,Dizel,Avtomatski,184,22880,Pravna oseba
Toyota RAV4,Toyota,2020,56000,Hibrid,Avtomatski,178,31480,Pravna oseba
Toyota RAV4,Toyota,2021,150000,Hibrid,Avtomatski,178,23980,Pravna oseba
Renault Espace,Renault,2018,176000,Dizel,Ročni,131,9980,Pravna oseba
Seat Leon,Seat,2023,136188,Dizel,Ročni,116,15880,Pravna oseba
Maserati Quattroporte,Maserati,2007,191113,Bencin,Avtomatski,400,17990,Pravna oseba
Volkswagen Touareg,Volkswagen,2016,112400,Dizel,Avtomatski,204,21880,Pravna oseba
Škoda Octavia,Škoda,2023,120640,Dizel,Avtomatski,116,17880,Pravna oseba
Fiat Tipo,Fiat,2021,72362,Dizel,Ročni,131,12480,Pravna oseba
Ford S-MAX,Ford,2017,266000,Dizel,Avtomatski,179,8880,Pravna oseba
Mazda CX-5,Mazda,2021,78402,Dizel,Ročni,150,20880,Pravna oseba
Ford Tourneo,Ford,2025,25124,Dizel,Ročni,101,20480,Pravna oseba
BMW X4,BMW,2017,194000,Dizel,Avtomatski,190,21880,Pravna oseba
Mazda CX-30,Mazda,2021,114050,Bencin,Avtomatski,179,20880,Pravna oseba
BMW serija X5:,BMW,2016,210000,Dizel,Avtomatski,258,19999,Pravna oseba
BMW serija 5 Touring:,BMW,2017,360050,Dizel,Avtomatski,265,15999,Pravna oseba
KIA XCeed,KIA,2026,5000,Bencin,Avtomatski,150,Cena po dogovoru,Pravna oseba
Volkswagen Golf,Volkswagen,2021,191000,Dizel,Ročni,116,,Pravna oseba
Renault Scénic,Renault,2011,245924,Bencin,Ročni,110,2999,Pravna oseba
Škoda Kodiaq,Škoda,2022,154800,Dizel,Avtomatski,150,25990,Pravna oseba
BMW serija 3 Touring:,BMW,2020,196320,Dizel,Avtomatski,150,16995,Pravna oseba
Volkswagen ID.3,Volkswagen,,,,Avtomatski,170,34990,Pravna oseba
Volkswagen ID.3,Volkswagen,,,,Avtomatski,204,34890,Pravna oseba
Audi A4,Audi,2006,256900,Dizel,Ročni,116,1999,Pravna oseba
Škoda Kodiaq,Škoda,2022,54000,Dizel,Avtomatski,150,29490,Pravna oseba
Škoda Octavia,Škoda,2022,136000,Dizel,Avtomatski,150,18490,Pravna oseba
KIA Sportage,KIA,2026,5000,Bencin,Avtomatski,150,29799,Pravna oseba
KIA Sportage,KIA,2026,5000,Bencin,Avtomatski,150,37299,Pravna oseba
Audi A3,Audi,2014,279200,Dizel,Ročni,150,8990,Pravna oseba
Citroën C4 Picasso,Citroën,2010,283000,Dizel,Avtomatski,136,1700,Pravna oseba
Škoda Kodiaq,Škoda,2022,196000,Bencin,Ročni,150,17700,Pravna oseba
KIA Sportage,KIA,2026,5000,Bencin,Avtomatski,150,29799,Pravna oseba
Škoda Kodiaq,Škoda,2025,44000,Dizel,Avtomatski,193,39490,Pravna oseba
Volkswagen Arteon Shooting Brake,Volkswagen,2022,194000,Dizel,Avtomatski,200,19900,Pravna oseba
Peugeot 308,Peugeot,2010,355000,Dizel,Ročni,109,1890,Pravna oseba
KIA Sportage,KIA,2026,5000,Bencin,Avtomatski,150,29799,Pravna oseba
Volkswagen Taigo,Volkswagen,2022,68000,Bencin,Ročni,95,14900,Pravna oseba
Volkswagen Passat Variant,Volkswagen,2019,209770,Dizel,Avtomatski,190,13490,Pravna oseba
BMW serija X3:,BMW,2018,198024,Dizel,Avtomatski,190,23990,Pravna oseba
Audi A6 Avant,Audi,2019,191377,Dizel,Avtomatski,204,23490,Pravna oseba
Audi A6,Audi,2019,190266,Dizel,Avtomatski,286,29990,Pravna oseba
Audi A3,Audi,2013,224436,Dizel,Avtomatski,150,7990,Pravna oseba
KIA Sportage,KIA,2026,5000,Bencin,Avtomatski,150,29799,Pravna oseba
BMW serija 3 Touring:,BMW,2015,157000,Dizel,Avtomatski,190,17990,Pravna oseba
Honda ZR-V,Honda,,,Hibrid,Avtomatski,184,35490,Pravna oseba
Renault Grand Espace,Renault,2023,64000,Hibrid,Avtomatski,131,,Pravna oseba
Renault Grand Espace,Renault,2023,43000,Hibrid,Avtomatski,200,,Pravna oseba
Renault Talisman,Renault,2021,122924,Dizel,Avtomatski,159,,Pravna oseba
Renault Austral,Renault,,,Bencin,Avtomatski,150,28399,Pravna oseba
Škoda Octavia,Škoda,2024,89000,Dizel,Avtomatski,150,,Pravna oseba
Volkswagen Passat,Volkswagen,2021,117000,Dizel,Avtomatski,150,,Pravna oseba
Mercedes-Benz GLC-Razred,Mercedes-Benz,2021,74000,Dizel,Avtomatski,194,,Pravna oseba
Mercedes-Benz GLC-Razred,Mercedes-Benz,2021,102417,Dizel,Avtomatski,194,,Pravna oseba
Audi e-tron,Audi,2023,27818,,Avtomatski,408,,Pravna oseba
Audi e-tron,Audi,2022,44562,,Avtomatski,360,,Pravna oseba
Audi e-tron,Audi,2022,49000,,Avtomatski,408,,Pravna oseba
Mercedes-Benz EQC,Mercedes-Benz,2022,67000,,Avtomatski,408,,Pravna oseba
Audi e-tron,Audi,2023,96312,,Avtomatski,408,,Pravna oseba
Dacia Sandero,Dacia,,,Bencin,Ročni,110,14650,Pravna oseba
Dacia Sandero,Dacia,,,Bencin,Ročni,101,11860,Pravna oseba
Mazda CX-3,Mazda,2017,103000,Bencin,Ročni,120,,Pravna oseba
Citroën C4,Citroën,2021,90003,Dizel,Ročni,110,,Pravna oseba
Citroën C3,Citroën,2021,145809,Dizel,Ročni,102,,Pravna oseba
Cupra Formentor,Cupra,2022,99800,Dizel,Avtomatski,150,24900,Pravna oseba
Audi A4,Audi,2020,146254,Dizel,Avtomatski,136,,Pravna oseba
Škoda Kodiaq,Škoda,2022,124608,Dizel,Avtomatski,150,,Pravna oseba
Škoda Kodiaq,Škoda,2022,130118,Dizel,Avtomatski,150,,Pravna oseba
Renault Austral,Renault,,,Bencin,Avtomatski,158,29750,Pravna oseba
Mercedes-Benz EQA,Mercedes-Benz,2023,57590,,Avtomatski,190,,Pravna oseba
Hyundai Tucson,Hyundai,2020,61826,Bencin,Ročni,132,,Pravna oseba
Ford Galaxy,Ford,2019,185287,Dizel,Avtomatski,150,,Pravna oseba
Dacia Bigster,Dacia,,,Hibrid,Avtomatski,156,28820,Pravna oseba
Dacia Bigster,Dacia,,,Hibrid,Avtomatski,156,28820,Pravna oseba
Cupra Born,Cupra,2023,116087,,Avtomatski,231,,Pravna oseba
Volvo XC60,Volvo,2018,112163,Bencin,Avtomatski,250,23999,Pravna oseba
BMW X5,BMW,2019,182000,Dizel,Avtomatski,400,,Pravna oseba
BMW X2,BMW,2023,33216,Bencin,Ročni,136,,Pravna oseba
BMW Serija 4,BMW,2022,149002,Dizel,Avtomatski,163,,Pravna oseba
BMW Serija 5,BMW,2022,86000,Hibrid,Avtomatski,292,,Pravna oseba
Audi A3,Audi,2021,114526,Hibrid,Avtomatski,204,,Pravna oseba
BMW Serija 3,BMW,2021,171000,Dizel,Avtomatski,150,,Pravna oseba
KIA Sportage,KIA,2026,5000,Bencin,Avtomatski,150,29799,Pravna oseba
BMW Serija 2,BMW,2023,30959,Hibrid,Avtomatski,136,,Pravna oseba
BMW i5,BMW,2024,25250,,Avtomatski,340,,Pravna oseba
Audi S6,Audi,2022,142405,Dizel,Avtomatski,344,,Pravna oseba
Audi A6 Allroad,Audi,2022,145581,Dizel,Avtomatski,204,,Pravna oseba
Volkswagen Arteon,Volkswagen,2019,,Dizel,Ročni,150,18150,Fizična oseba
KIA Sportage,KIA,2026,5000,Bencin,Avtomatski,150,29799,Pravna oseba
Audi A4,Audi,2020,150631,Dizel,Avtomatski,136,,Pravna oseba
Volkswagen ID.7,Volkswagen,2023,50688,,Avtomatski,286,,Pravna oseba
Mazda CX-5,Mazda,2020,159989,Dizel,Ročni,150,,Pravna oseba
BMW X1,BMW,2023,102808,Dizel,Avtomatski,211,,Pravna oseba
Renault Twingo,Renault,,,,Avtomatski,82,Cena po dogovoru,Pravna oseba
BMW X6,BMW,2018,106000,Dizel,Avtomatski,258,,Pravna oseba
Mercedes-Benz GLC-Razred,Mercedes-Benz,2021,155058,Dizel,Avtomatski,163,,Pravna oseba
Peugeot 408,Peugeot,2024,30000,Bencin,Avtomatski,131,20999,Pravna oseba
Volvo V60,Volvo,2019,206000,Dizel,Avtomatski,150,,Pravna oseba
Volkswagen Tiguan Allspace,Volkswagen,2020,136582,Dizel,Avtomatski,150,,Pravna oseba
Volkswagen Tiguan,Volkswagen,2019,129013,Bencin,Avtomatski,150,,Pravna oseba
Volkswagen Taigo,Volkswagen,2025,17000,Bencin,Ročni,116,,Pravna oseba
Volkswagen Passat,Volkswagen,2022,118700,Bencin,Avtomatski,150,,Pravna oseba
Volkswagen ID.5,Volkswagen,2022,81000,,Avtomatski,204,,Pravna oseba
Renault Austral,Renault,2023,123000,Hibrid,Avtomatski,158,,Pravna oseba
Renault Twingo,Renault,,,,Avtomatski,82,Cena po dogovoru,Pravna oseba
Volvo XC40,Volvo,2021,89571,Hibrid,Avtomatski,179,,Pravna oseba
Ford Explorer,Ford,2025,44775,,Avtomatski,286,,Pravna oseba
BMW X1,BMW,2024,52962,Bencin,Avtomatski,170,,Pravna oseba
Renault Symbioz,Renault,,,Bencin,Ročni,140,23150,Pravna oseba
Renault Symbioz,Renault,,,Bencin,Ročni,140,24990,Pravna oseba
Renault Clio,Renault,,,Bencin,Ročni,114,18400,Pravna oseba
Renault Symbioz,Renault,,,Hibrid,Avtomatski,158,27190,Pravna oseba
MG MG4,MG,2023,31010,,Avtomatski,204,,Pravna oseba
Suzuki Vitara,Suzuki,2018,128209,Bencin,Ročni,140,,Pravna oseba
Škoda Superb,Škoda,2025,26505,Bencin,Avtomatski,150,,Pravna oseba
Volkswagen Tiguan,Volkswagen,2025,26051,Bencin,Avtomatski,131,,Pravna oseba
Volkswagen ID.5,Volkswagen,2022,67381,,Avtomatski,174,,Pravna oseba
BMW X5,BMW,2014,187000,Dizel,Avtomatski,218,,Pravna oseba
KIA Sportage,KIA,2026,5000,Bencin,Avtomatski,150,29799,Pravna oseba
Renault Captur,Renault,,,Bencin,Ročni,116,20250,Pravna oseba
Renault Captur,Renault,,,Bencin,Ročni,91,19100,Pravna oseba
Renault Captur,Renault,,,Bencin,Ročni,140,23480,Pravna oseba
Renault Captur,Renault,,,Bencin,Ročni,140,22200,Pravna oseba
Renault Captur,Renault,,,Bencin,Ročni,114,20990,Pravna oseba
Renault Captur,Renault,,,Bencin,Ročni,114,20990,Pravna oseba
Renault Captur,Renault,,,Bencin,Ročni,116,19440,Pravna oseba
Renault Captur,Renault,,,Hibrid,Avtomatski,143,23700,Pravna oseba
Ford Focus,Ford,2018,139888,Bencin,Ročni,150,,Pravna oseba
Seat Leon,Seat,2021,80273,Bencin,Avtomatski,150,,Pravna oseba
Mercedes-Benz E-Razred,Mercedes-Benz,2022,212451,Hibrid,Avtomatski,306,19980,Pravna oseba
Renault Austral,Renault,,,Bencin,Avtomatski,148,30300,Pravna oseba
Alfa Romeo Stelvio,Alfa,2022,48930,Dizel,Avtomatski,209,,Pravna oseba
Renault Austral,Renault,,,Bencin,Avtomatski,150,31300,Pravna oseba
MG MG5,MG,2022,71881,,Avtomatski,177,,Pravna oseba
MG MG4,MG,2024,25229,,Avtomatski,204,,Pravna oseba
MG Marvel R,MG,2022,59644,,Avtomatski,179,,Pravna oseba
MINI Countryman,MINI,2023,106131,Bencin,Avtomatski,136,,Pravna oseba
Mercedes-Benz EQA,Mercedes-Benz,2023,60206,,Avtomatski,190,,Pravna oseba
Renault Espace,Renault,2018,217000,Dizel,Avtomatski,160,,Pravna oseba
BMW X3,BMW,2020,124303,Dizel,Avtomatski,326,,Pravna oseba
Peugeot 508,Peugeot,2019,155299,Dizel,Ročni,131,,Pravna oseba
Peugeot 5008,Peugeot,2021,132911,Dizel,Ročni,131,,Pravna oseba
Peugeot 5008,Peugeot,2022,146008,Dizel,Ročni,131,,Pravna oseba
Peugeot 5008,Peugeot,2023,114809,Bencin,Avtomatski,131,,Pravna oseba
Peugeot 5008,Peugeot,2020,106109,Bencin,Avtomatski,131,,Pravna oseba
Renault Austral,Renault,,,Bencin,Avtomatski,158,32520,Pravna oseba
Peugeot 408,Peugeot,2023,57633,Bencin,Avtomatski,131,,Pravna oseba
Peugeot 3008,Peugeot,2020,128986,Bencin,Avtomatski,131,,Pravna oseba
Peugeot 3008,Peugeot,2022,150463,Dizel,Avtomatski,131,,Pravna oseba
Audi Q4,Audi,2023,109125,,Avtomatski,299,,Pravna oseba
KIA Sportage,KIA,2026,5000,Bencin,Avtomatski,150,27399,Pravna oseba
Volkswagen Golf,Volkswagen,2020,128000,Dizel,Avtomatski,150,,Pravna oseba
Nissan Qashqai,Nissan,2022,121264,Bencin,Avtomatski,158,,Pravna oseba
Peugeot 308,Peugeot,2023,43000,Hibrid,Avtomatski,181,,Pravna oseba
Peugeot 2008,Peugeot,2020,138613,Dizel,Avtomatski,131,,Pravna oseba
BMW X3,BMW,2022,101000,Dizel,Avtomatski,190,,Pravna oseba
BMW X3,BMW,2023,114607,Dizel,Avtomatski,190,,Pravna oseba
BMW X1,BMW,2025,3699,Bencin,Avtomatski,156,,Pravna oseba
Opel Insignia,Opel,2022,129000,Dizel,Avtomatski,174,,Pravna oseba
Opel Grandland X,Opel,2021,1,Bencin,Ročni,131,,Pravna oseba
Opel Crossland X,Opel,2019,100000,Bencin,Ročni,83,,Pravna oseba
Mercedes-Benz S-Razred,Mercedes-Benz,2019,145421,Dizel,Avtomatski,286,,Pravna oseba
Mercedes-Benz GLB-Razred,Mercedes-Benz,2020,144559,Dizel,Avtomatski,150,,Pravna oseba
Mercedes-Benz GLA-Razred,Mercedes-Benz,2021,49000,Hibrid,Avtomatski,160,,Pravna oseba
Mercedes-Benz E-Razred,Mercedes-Benz,2021,73727,Dizel,Avtomatski,330,,Pravna oseba
Hyundai i30,Hyundai,2018,87000,Bencin,Ročni,99,,Pravna oseba
Citroën C4 Grand Picasso,Citroën,2018,152931,Dizel,Ročni,150,,Pravna oseba
Mercedes-Benz C-Razred,Mercedes-Benz,2022,8460,Dizel,Avtomatski,200,,Pravna oseba
Volkswagen ID.3,Volkswagen,2022,99291,,Avtomatski,204,,Pravna oseba
Citroën C3 Aircross,Citroën,2020,151820,Bencin,Ročni,110,,Pravna oseba
Audi A4,Audi,2021,148138,Dizel,Avtomatski,136,,Pravna oseba
Renault Mégane Conquest,Renault,,,Hibrid,Avtomatski,143,22820,Pravna oseba
Renault Captur,Renault,,,Bencin,Avtomatski,140,23880,Pravna oseba
Renault Clio,Renault,,,Bencin,Avtomatski,114,20990,Pravna oseba
Renault Austral,Renault,,,Bencin,Avtomatski,148,32800,Pravna oseba
Renault Scénic,Renault,2020,124720,Dizel,Ročni,120,,Pravna oseba
Renault Captur,Renault,,,Bencin,Ročni,116,18150,Pravna oseba
Renault Clio,Renault,,,Bencin,Ročni,114,Cena po dogovoru,Pravna oseba
KIA Sportage,KIA,2022,153411,Hibrid,Avtomatski,230,,Pravna oseba
Jaguar E-PACE,Jaguar,2018,44493,Dizel,Avtomatski,179,,Pravna oseba
Honda HR-V,Honda,2016,141365,Dizel,Ročni,120,,Pravna oseba
Seat Leon,Seat,2022,80000,Dizel,Avtomatski,150,,Pravna oseba
Ford Kuga,Ford,2022,150171,Hibrid,Avtomatski,190,,Pravna oseba
Ford Kuga,Ford,2022,113232,Dizel,Ročni,120,,Pravna oseba
Volvo V90 Cross Country,Volvo,2023,146119,Dizel,Avtomatski,197,,Pravna oseba
Renault Mégane,Renault,2019,171042,Dizel,Ročni,116,,Pravna oseba
Renault Austral,Renault,2025,15500,Bencin,Avtomatski,158,,Pravna oseba
Dacia Sandero,Dacia,,,Bencin,Ročni,110,15100,Pravna oseba
Dacia Sandero,Dacia,,,Bencin,Ročni,101,12750,Pravna oseba
Nissan Qashqai,Nissan,2014,117191,Dizel,Ročni,131,,Pravna oseba
Audi e-tron,Audi,2022,84441,,Avtomatski,313,,Pravna oseba
Dacia Sandero,Dacia,,,Bencin,Ročni,91,12999,Pravna oseba
Dacia Duster,Dacia,,,Bencin,Ročni,140,22499,Pravna oseba
Dacia Duster,Dacia,,,Bencin,Ročni,131,23200,Pravna oseba
Dacia Duster,Dacia,,,Bencin,Ročni,131,23200,Pravna oseba
Dacia Sandero,Dacia,,,Bencin,Ročni,91,14550,Pravna oseba
Renault Mégane,Renault,2015,142000,Dizel,Ročni,95,5300,Fizična oseba
Dacia Bigster,Dacia,,,Bencin,Ročni,140,25000,Pravna oseba
Dacia Bigster,Dacia,,,Hibrid,Ročni,140,22820,Pravna oseba
Dacia Bigster,Dacia,,,Bencin,Ročni,131,28240,Pravna oseba
Dacia Bigster,Dacia,,,Hibrid,Avtomatski,156,30350,Pravna oseba
Citroën C4 Grand SpaceTourer,Citroën,2021,150055,Dizel,Ročni,131,,Pravna oseba
Volkswagen Golf,Volkswagen,2017,190238,Dizel,Ročni,116,8999,Pravna oseba
Renault Kangoo,Renault,2022,122703,Bencin,Ročni,102,,Pravna oseba
Renault Kadjar,Renault,2016,149367,Dizel,Ročni,110,,Pravna oseba
Seat Ateca,Seat,2023,94507,Dizel,Ročni,116,,Pravna oseba
Seat Ateca,Seat,2022,129030,Bencin,Avtomatski,150,,Pravna oseba
Renault Twingo,Renault,,,,Avtomatski,82,Cena po dogovoru,Pravna oseba
Škoda Kamiq,Škoda,2023,51707,Bencin,Ročni,95,,Pravna oseba
Tesla Model S,Tesla,2018,145999,,Avtomatski,525,,Pravna oseba
Volkswagen Tiguan,Volkswagen,2020,132536,Dizel,Avtomatski,150,,Pravna oseba
Volkswagen Golf,Volkswagen,2021,53774,Bencin,Ročni,131,,Pravna oseba
Volkswagen Golf,Volkswagen,2016,75883,Bencin,Ročni,110,,Pravna oseba
Renault Clio,Renault,,,Bencin,Ročni,114,18990,Pravna oseba
Renault Kangoo,Renault,2022,123475,Dizel,Ročni,95,,Pravna oseba
Renault Austral,Renault,,,Bencin,Avtomatski,158,30150,Pravna oseba
Audi e-tron GT,Audi,2023,184865,,Avtomatski,476,39999,Pravna oseba
Renault Austral,Renault,2023,136527,Hibrid,Avtomatski,200,,Pravna oseba
Mercedes-Benz GLC-Razred,Mercedes-Benz,2023,31213,Dizel,Avtomatski,220,,Pravna oseba
Mercedes-Benz GLA-Razred,Mercedes-Benz,2019,112249,Bencin,Avtomatski,122,,Pravna oseba
Peugeot 5008,Peugeot,2021,146209,Dizel,Avtomatski,131,,Pravna oseba
Volkswagen Tiguan,Volkswagen,2013,179000,Dizel,Ročni,110,,Pravna oseba
Volkswagen Passat,Volkswagen,2025,26021,Bencin,Avtomatski,150,,Pravna oseba
BMW Serija 1,BMW,2020,118595,Dizel,Avtomatski,116,,Pravna oseba
Mercedes-Benz GLB-Razred,Mercedes-Benz,2020,101060,Dizel,Avtomatski,150,,Pravna oseba
Opel Zafira,Opel,2016,120302,Bencin,Ročni,140,,Pravna oseba
Peugeot Partner,Peugeot,2011,290800,Dizel,Ročni,92,,Pravna oseba
Mercedes-Benz B-Razred,Mercedes-Benz,2017,104000,Bencin,Ročni,156,,Pravna oseba
Volkswagen T-Roc,Volkswagen,2020,100280,Dizel,Avtomatski,150,,Pravna oseba
Mercedes-Benz EQB-Razred,Mercedes-Benz,2024,52609,,Avtomatski,190,,Pravna oseba
Peugeot 308,Peugeot,2016,205678,Dizel,Ročni,99,,Pravna oseba
Ford Tourneo Connect,Ford,2019,127923,Dizel,Avtomatski,120,14499,Pravna oseba
Toyota Corolla,Toyota,2022,118013,Hibrid,Avtomatski,98,,Pravna oseba
BMW X2,BMW,2019,147844,Bencin,Ročni,140,,Pravna oseba
Ford C-MAX,Ford,2016,160366,Dizel,Ročni,120,,Pravna oseba
Dacia Duster,Dacia,,,Bencin,Avtomatski,109,24199,Pravna oseba
Mercedes-Benz C-Razred,Mercedes-Benz,2022,158108,Dizel,Avtomatski,200,,Pravna oseba
Škoda Kodiaq,Škoda,2023,133953,Dizel,Avtomatski,150,,Pravna oseba
BMW Serija 3,BMW,2023,67000,Dizel,Avtomatski,286,,Pravna oseba
Audi Q4,Audi,2023,46970,,Avtomatski,265,,Pravna oseba
Renault Twingo,Renault,,,,Avtomatski,82,Cena po dogovoru,Pravna oseba
Renault Megane E-tech,Renault,2022,105307,,Avtomatski,218,,Pravna oseba
Renault Captur,Renault,2020,125965,Bencin,Ročni,101,,Pravna oseba
Peugeot 3008,Peugeot,2021,129700,Dizel,Avtomatski,131,,Pravna oseba
Peugeot 2008,Peugeot,2021,45501,Bencin,Ročni,131,13499,Pravna oseba
Citroën C3,Citroën,2024,20086,Bencin,Ročni,83,10999,Pravna oseba
Peugeot 2008,Peugeot,2021,53500,Bencin,Ročni,101,12499,Pravna oseba
Seat Arona,Seat,2020,146415,Bencin,Ročni,95,8990,Pravna oseba
BMW Serija 2,BMW,2017,199093,Dizel,Avtomatski,150,9150,Pravna oseba
Audi Q3 Sportback,Audi,2022,67364,Dizel,Avtomatski,150,29490,Pravna oseba
Renault Captur,Renault,2019,59930,Bencin,Ročni,90,9550,Pravna oseba
Renault Captur,Renault,2017,68774,Bencin,Ročni,120,9750,Pravna oseba
Hyundai i30,Hyundai,2020,114628,Bencin,Ročni,120,9950,Pravna oseba
Citroën C4,Citroën,2021,113942,Dizel,Ročni,110,11990,Pravna oseba
Hyundai i20,Hyundai,2021,108607,Bencin,Ročni,101,12190,Pravna oseba
KIA Sportage,KIA,2017,45466,Bencin,Ročni,132,13290,Pravna oseba
Suzuki Swift,Suzuki,2019,51899,Bencin,Ročni,90,13390,Pravna oseba
Škoda Kamiq,Škoda,2021,162476,Bencin,Ročni,150,13950,Pravna oseba
Mercedes-Benz GLA-Razred,Mercedes-Benz,2021,167815,Bencin,Avtomatski,163,23990,Pravna oseba
Suzuki Vitara,Suzuki,2021,78830,Bencin,Ročni,129,13950,Pravna oseba
Mazda Mazda3,Mazda,2019,152475,Dizel,Ročni,116,13950,Pravna oseba
Mercedes-Benz S-Razred,Mercedes-Benz,2022,123500,Dizel,Avtomatski,330,66900,Pravna oseba
Renault Captur,Renault,2021,129298,Bencin,Ročni,91,11590,Pravna oseba
Volkswagen T-Roc,Volkswagen,2018,119618,Dizel,Ročni,116,14150,Pravna oseba
KIA XCeed,KIA,2020,60677,Bencin,Ročni,140,14440,Pravna oseba
Citroën Berlingo,Citroën,2019,89724,Bencin,Ročni,110,14940,Pravna oseba
Škoda Octavia,Škoda,2022,136205,Dizel,Avtomatski,150,21990,Pravna oseba
Volkswagen Passat,Volkswagen,2015,229430,Dizel,Ročni,120,9995,Pravna oseba
Mercedes-Benz GLC-Razred,Mercedes-Benz,2023,117000,Dizel,Avtomatski,197,39990,Pravna oseba
BMW serija X6:,BMW,2025,17890,Dizel,Avtomatski,298,84990,Pravna oseba
BMW serija 5 Touring:,BMW,2024,37400,Dizel,Avtomatski,197,49890,Pravna oseba
Volkswagen Passat Variant,Volkswagen,2023,129000,Dizel,Avtomatski,150,18890,Pravna oseba
Seat Tarraco,Seat,2024,119175,Dizel,Avtomatski,150,24490,Pravna oseba
Škoda Octavia,Škoda,2023,146000,Dizel,Avtomatski,150,16490,Pravna oseba
Audi A6 Avant,Audi,2015,258630,Dizel,Avtomatski,320,16995,Pravna oseba
BMW Serija 4,BMW,2018,182000,Bencin,Ročni,184,20100,Fizična oseba
Volkswagen Golf,Volkswagen,2017,193650,Bencin,Avtomatski,245,16995,Pravna oseba
Fiat Panda,Fiat,2016,146200,Dizel,Ročni,95,7790,Pravna oseba
Nissan Qashqai,Nissan,2009,228258,Bencin,Ročni,114,3250,Fizična oseba
Renault Espace,Renault,2020,175574,Dizel,Avtomatski,160,17390,Pravna oseba
Volkswagen Golf,Volkswagen,2016,247120,Dizel,Avtomatski,184,,Pravna oseba
Ford Puma,Ford,,30411,Bencin,Avtomatski,125,Cena po dogovoru,Pravna oseba
BMW X3,BMW,2018,165550,Dizel,Avtomatski,190,26880,Pravna oseba
Opel Insignia,Opel,2015,228620,Dizel,Ročni,136,5995,Pravna oseba
Mercedes-Benz E-Razred,Mercedes-Benz,2017,232200,Dizel,Avtomatski,194,22290,Pravna oseba
Škoda Octavia,Škoda,2023,1,Dizel,Avtomatski,150,Cena po dogovoru,Pravna oseba
Vinfast VF6,Vinfast,2026,3226,,Avtomatski,204,23990,Pravna oseba
Renault Clio,Renault,2021,107215,Bencin,Ročni,101,8990,Pravna oseba
Ford Kuga,Ford,,,Hibrid,Avtomatski,179,Cena po dogovoru,Pravna oseba
Ford C-MAX,Ford,2018,160417,Bencin,Ročni,125,6990,Pravna oseba
Ford C-MAX,Ford,2014,232778,Dizel,Ročni,116,4990,Pravna oseba
Audi A4,Audi,2018,249990,Dizel,Avtomatski,190,14990,Pravna oseba
Ford Kuga,Ford,,,Bencin,Avtomatski,186,Cena po dogovoru,Pravna oseba
Ford Kuga,Ford,,,Bencin,Avtomatski,186,28917,Pravna oseba
Ford Galaxy,Ford,2019,208369,Dizel,Avtomatski,150,,Pravna oseba
Ford Galaxy,Ford,2017,139999,Dizel,Avtomatski,150,,Pravna oseba
Ford -,Ford,,,Dizel,Avtomatski,122,Cena po dogovoru,Pravna oseba
Ford Tourneo Connect,Ford,,,Dizel,Avtomatski,122,35368,Pravna oseba
BMW X3,BMW,2017,230970,Dizel,Avtomatski,190,,Pravna oseba
Ford Explorer,Ford,,,,Avtomatski,170,Cena po dogovoru,Pravna oseba
Ford Capri,Ford,,,,Avtomatski,170,33682,Pravna oseba
Ford Kuga,Ford,2024,111820,Dizel,Avtomatski,120,22490,Pravna oseba
Seat Altea XL,Seat,2012,242889,Dizel,Ročni,105,3990,Pravna oseba
Ford Puma,Ford,,,Bencin,Avtomatski,125,Cena po dogovoru,Pravna oseba
BMW Serija 3,BMW,2020,94196,Bencin,Avtomatski,136,,Pravna oseba
BMW Serija 5,BMW,2019,243121,Dizel,Avtomatski,265,,Pravna oseba
BMW Serija 5,BMW,2022,161640,Dizel,Avtomatski,150,,Pravna oseba
Audi Q7,Audi,2020,104837,Hibrid,Avtomatski,455,,Pravna oseba
Ford Tourneo,Ford,,,Bencin,Avtomatski,125,27435,Pravna oseba
Ford Tourneo Connect,Ford,,,Dizel,Ročni,122,34776,Pravna oseba
Ford Ranger,Ford,,,Hibrid,Avtomatski,281,Cena po dogovoru,Pravna oseba
Ford Ranger,Ford,,,Dizel,Avtomatski,205,Cena po dogovoru,Pravna oseba
Ford Tourneo,Ford,,,,Avtomatski,136,Cena po dogovoru,Pravna oseba
Ford Ranger,Ford,,,Dizel,Avtomatski,205,,Pravna oseba
Ford Ranger,Ford,,,Dizel,Avtomatski,205,Cena po dogovoru,Pravna oseba
Ford Ranger,Ford,,,Bencin,Avtomatski,292,,Pravna oseba
Ford Ranger,Ford,,,Dizel,Avtomatski,209,Cena po dogovoru,Pravna oseba
Ford Ranger,Ford,,,Dizel,Avtomatski,209,Cena po dogovoru,Pravna oseba
Ford Ranger,Ford,,,Dizel,Avtomatski,209,,Pravna oseba
Ford Ranger,Ford,,,Dizel,Avtomatski,205,,Pravna oseba
Ford Puma,Ford,2026,1,Bencin,Avtomatski,125,,Pravna oseba
Ford Puma,Ford,,,Bencin,Ročni,125,Cena po dogovoru,Pravna oseba
Vinfast VF8,Vinfast,,,,Avtomatski,354,34990,Pravna oseba
Ford Puma,Ford,,,Bencin,Avtomatski,125,26042,Pravna oseba
Vinfast VF8,Vinfast,,,,Avtomatski,408,39490,Pravna oseba
Vinfast VF8,Vinfast,,,,Avtomatski,354,35490,Pravna oseba
Vinfast VF8,Vinfast,,,,Avtomatski,354,35490,Pravna oseba
Vinfast VF8,Vinfast,,,,Avtomatski,354,35490,Pravna oseba
Vinfast VF8,Vinfast,,,,Avtomatski,408,39490,Pravna oseba
Vinfast VF8,Vinfast,,,,Avtomatski,408,39490,Pravna oseba
Vinfast VF8,Vinfast,,,,Avtomatski,408,39490,Pravna oseba
Vinfast VF8,Vinfast,,,,Avtomatski,408,39490,Pravna oseba
Vinfast VF8,Vinfast,,,,Avtomatski,408,39490,Pravna oseba
Vinfast VF8,Vinfast,,,,Avtomatski,408,39490,Pravna oseba
Ford Puma,Ford,,,,Avtomatski,169,Cena po dogovoru,Pravna oseba
Ford Puma,Ford,,,Bencin,Avtomatski,125,25690,Pravna oseba
Ford Puma,Ford,,,Bencin,Ročni,125,23126,Pravna oseba
Vinfast VF8,Vinfast,,,,Avtomatski,408,39490,Pravna oseba
Vinfast VF8,Vinfast,,,,Avtomatski,354,34990,Pravna oseba
Vinfast VF6,Vinfast,,,,Avtomatski,204,27990,Pravna oseba
Vinfast VF6,Vinfast,,,,Avtomatski,204,27990,Pravna oseba
Vinfast VF6,Vinfast,,,,Avtomatski,204,27990,Pravna oseba
Opel Crossland X,Opel,2019,116800,Bencin,Ročni,131,8990,Pravna oseba
Renault Symbioz,Renault,2025,24357,Bencin,Ročni,140,20999,Pravna oseba
Ford Tourneo,Ford,,,Hibrid,Avtomatski,232,Cena po dogovoru,Pravna oseba
Ford Tourneo,Ford,,,Dizel,Avtomatski,170,Cena po dogovoru,Pravna oseba
Ford Ranger,Ford,,,Dizel,Avtomatski,209,Cena po dogovoru,Pravna oseba
Volvo V60,Volvo,2015,256918,Dizel,Ročni,114,6490,Pravna oseba
Ford Tourneo,Ford,,,Dizel,Avtomatski,170,,Pravna oseba
Ford Tourneo,Ford,,,Dizel,Avtomatski,170,,Pravna oseba
Ford Tourneo,Ford,,,Dizel,Avtomatski,170,,Pravna oseba
Ford Transit Custom,Ford,,,Dizel,Ročni,150,Cena po dogovoru,Pravna oseba
Ford Tourneo,Ford,,,Dizel,Avtomatski,170,,Pravna oseba
Ford Tourneo,Ford,,,,Avtomatski,218,Cena po dogovoru,Pravna oseba
Mercedes-Benz V-Razred,Mercedes-Benz,2022,141536,Dizel,Avtomatski,237,49990,Pravna oseba
Nissan Leaf,Nissan,2022,188314,,Avtomatski,122,13990,Pravna oseba
Volvo C30,Volvo,2011,380655,Dizel,Ročni,114,2490,Pravna oseba
Škoda Octavia,Škoda,2022,148923,Dizel,Avtomatski,200,,Pravna oseba
Renault Mégane,Renault,2018,138900,Dizel,Ročni,110,,Pravna oseba
Renault Mégane,Renault,2020,125487,Bencin,Ročni,102,,Pravna oseba
Opel Astra,Opel,2012,258000,Dizel,Ročni,110,3999,Pravna oseba
Mercedes-Benz GLS-Razred,Mercedes-Benz,2024,67000,Dizel,Avtomatski,367,109990,Pravna oseba
Ford Transit Custom,Ford,,,Dizel,Ročni,150,Cena po dogovoru,Pravna oseba
Ford Transit Custom,Ford,,,Dizel,Avtomatski,170,Cena po dogovoru,Pravna oseba
Ford Transit Custom,Ford,,,Dizel,Ročni,150,Cena po dogovoru,Pravna oseba
Opel Crossland X,Opel,2020,66873,Bencin,Ročni,110,8999,Pravna oseba
Mercedes-Benz GLC-Razred,Mercedes-Benz,2023,25230,Bencin,Avtomatski,197,48880,Pravna oseba
Volkswagen Passat,Volkswagen,2021,161200,Bencin,Avtomatski,150,16880,Pravna oseba
Ford Transit Custom,Ford,,,Dizel,Ročni,150,,Pravna oseba
Ford Tourneo,Ford,,,Dizel,Avtomatski,170,Cena po dogovoru,Pravna oseba
Ford Kuga,Ford,2019,119962,Dizel,Ročni,120,12990,Pravna oseba
Ford Tourneo,Ford,,,Dizel,Avtomatski,170,Cena po dogovoru,Pravna oseba
Ford Tourneo,Ford,,,Dizel,Avtomatski,170,Cena po dogovoru,Pravna oseba
Ford Tourneo,Ford,,,Dizel,Avtomatski,170,Cena po dogovoru,Pravna oseba
Ford Mustang,Ford,,,Bencin,Ročni,446,76750,Pravna oseba
Ford Kuga,Ford,,,Bencin,Avtomatski,186,Cena po dogovoru,Pravna oseba
Vinfast VF8,Vinfast,,,,Avtomatski,408,39490,Pravna oseba
Vinfast VF8,Vinfast,,,,Avtomatski,408,39490,Pravna oseba
Ford Tourneo,Ford,,,,Avtomatski,218,Cena po dogovoru,Pravna oseba
Ford Mustang Mach-e,Ford,,,,Avtomatski,276,55751,Pravna oseba
Ford Tourneo,Ford,2026,13500,Dizel,Avtomatski,170,,Pravna oseba
Ford Kuga,Ford,2025,570,Bencin,Avtomatski,186,,Pravna oseba
Hyundai Tucson,Hyundai,2016,176759,Bencin,Ročni,177,,Pravna oseba
Audi Q5,Audi,2014,175525,Dizel,Avtomatski,177,,Pravna oseba
Ford Kuga,Ford,,,Bencin,Avtomatski,186,37396,Pravna oseba
Ford Kuga,Ford,,,Bencin,Avtomatski,186,Cena po dogovoru,Pravna oseba
Ford Kuga,Ford,,,Hibrid,Avtomatski,179,Cena po dogovoru,Pravna oseba
Ford Puma,Ford,,,Bencin,Ročni,125,Cena po dogovoru,Pravna oseba
Ford Kuga,Ford,,,Hibrid,Avtomatski,152,Cena po dogovoru,Pravna oseba
Ford Puma,Ford,,,,Avtomatski,169,Cena po dogovoru,Pravna oseba
Ford Puma,Ford,,,,Avtomatski,169,Cena po dogovoru,Pravna oseba
Ford Tourneo,Ford,,,Bencin,Ročni,125,Cena po dogovoru,Pravna oseba
Ford Kuga,Ford,,,Hibrid,Avtomatski,242,Cena po dogovoru,Pravna oseba
Ford Explorer,Ford,,,,Avtomatski,286,40829,Pravna oseba
Ford Tourneo,Ford,,,Dizel,Avtomatski,170,Cena po dogovoru,Pravna oseba
Ford Capri,Ford,,,,Avtomatski,286,Cena po dogovoru,Pravna oseba
Ford Transit Custom,Ford,,,Dizel,Avtomatski,170,Cena po dogovoru,Pravna oseba
Ford Transit Custom,Ford,,,Dizel,Avtomatski,170,Cena po dogovoru,Pravna oseba
Ford Tourneo Connect,Ford,,,Dizel,Avtomatski,122,Cena po dogovoru,Pravna oseba
Mercedes-Benz E-Razred,Mercedes-Benz,2025,14550,Dizel,Avtomatski,200,53990,Pravna oseba
Ford Tourneo Connect,Ford,,,Dizel,Avtomatski,122,Cena po dogovoru,Pravna oseba
Ford Kuga,Ford,,,Hibrid,Avtomatski,242,Cena po dogovoru,Pravna oseba
Ford Kuga,Ford,,,Bencin,Ročni,150,Cena po dogovoru,Pravna oseba
Ford Tourneo,Ford,,,Dizel,Avtomatski,170,Cena po dogovoru,Pravna oseba
Ford Tourneo,Ford,,,Bencin,Ročni,125,Cena po dogovoru,Pravna oseba
Ford Tourneo Connect,Ford,,,Bencin,Avtomatski,114,Cena po dogovoru,Pravna oseba
Ford Tourneo Connect,Ford,,,Dizel,Ročni,102,Cena po dogovoru,Pravna oseba
Ford Tourneo Connect,Ford,,,Bencin,Avtomatski,114,Cena po dogovoru,Pravna oseba
Ford Tourneo,Ford,,,Bencin,Ročni,125,Cena po dogovoru,Pravna oseba
Škoda Kamiq,Škoda,,,Bencin,Avtomatski,116,22963,Pravna oseba
Škoda Octavia,Škoda,2015,289012,Dizel,Ročni,110,6390,Pravna oseba
Mazda CX-30,Mazda,,,Bencin,Ročni,140,,Pravna oseba
Ford Transit Custom,Ford,,,Dizel,Ročni,150,Cena po dogovoru,Pravna oseba
Ford Tourneo,Ford,,,Dizel,Avtomatski,170,Cena po dogovoru,Pravna oseba
Ford Tourneo,Ford,,,Bencin,Ročni,125,Cena po dogovoru,Pravna oseba
Ford Tourneo,Ford,,,Dizel,Avtomatski,170,Cena po dogovoru,Pravna oseba
Ford Tourneo,Ford,,,Bencin,Ročni,125,Cena po dogovoru,Pravna oseba
Ford Ranger,Ford,,,Dizel,Avtomatski,241,Cena po dogovoru,Pravna oseba
Ford Tourneo,Ford,,,Bencin,Ročni,125,Cena po dogovoru,Pravna oseba
Ford Ranger,Ford,,,Dizel,Avtomatski,241,Cena po dogovoru,Pravna oseba
Ford Ranger,Ford,,,Dizel,Avtomatski,241,Cena po dogovoru,Pravna oseba
Ford Tourneo Connect,Ford,,,Dizel,Avtomatski,122,Cena po dogovoru,Pravna oseba
Ford Tourneo,Ford,,,Bencin,Ročni,125,Cena po dogovoru,Pravna oseba
Ford Tourneo,Ford,,,Bencin,Ročni,125,Cena po dogovoru,Pravna oseba
Ford Tourneo,Ford,,,Dizel,Avtomatski,170,Cena po dogovoru,Pravna oseba
Ford Tourneo,Ford,,,Dizel,Avtomatski,170,Cena po dogovoru,Pravna oseba
Ford Tourneo,Ford,,,Bencin,Ročni,125,Cena po dogovoru,Pravna oseba
Ford Tourneo,Ford,,,Bencin,Avtomatski,125,Cena po dogovoru,Pravna oseba
Ford Puma,Ford,,,Bencin,Avtomatski,125,Cena po dogovoru,Pravna oseba
Ford Puma,Ford,,,,Avtomatski,169,Cena po dogovoru,Pravna oseba
Ford Tourneo,Ford,,,Dizel,Avtomatski,170,Cena po dogovoru,Pravna oseba
Ford Tourneo,Ford,,,,Avtomatski,136,Cena po dogovoru,Pravna oseba
DS DS 7 Crossback,DS,2021,120000,Dizel,Avtomatski,131,15990,Pravna oseba
Opel Movano,Opel,2025,37668,Dizel,Avtomatski,140,24990,Pravna oseba
DS DS 7 Crossback,DS,2018,138000,Dizel,Ročni,131,13500,Pravna oseba
Ford Transit Custom,Ford,,,Dizel,Avtomatski,170,Cena po dogovoru,Pravna oseba
Ford Explorer,Ford,,,,Avtomatski,170,Cena po dogovoru,Pravna oseba
Ford Transit Custom,Ford,,,Dizel,Avtomatski,170,Cena po dogovoru,Pravna oseba
Ford Tourneo,Ford,,,Dizel,Avtomatski,170,Cena po dogovoru,Pravna oseba
Ford Tourneo,Ford,,,,Avtomatski,136,Cena po dogovoru,Pravna oseba
Ford Tourneo,Ford,,,Dizel,Avtomatski,170,Cena po dogovoru,Pravna oseba
Ford Kuga,Ford,,,Hibrid,Avtomatski,182,Cena po dogovoru,Pravna oseba
Ford Kuga,Ford,,,Hibrid,Avtomatski,182,Cena po dogovoru,Pravna oseba
Ford Puma,Ford,,,Bencin,Avtomatski,125,Cena po dogovoru,Pravna oseba
Ford Puma,Ford,,,Bencin,Avtomatski,125,Cena po dogovoru,Pravna oseba
Ford Tourneo,Ford,,,Dizel,Avtomatski,170,Cena po dogovoru,Pravna oseba
Ford Transit Custom,Ford,,,Dizel,Avtomatski,170,Cena po dogovoru,Pravna oseba
Ford Tourneo Connect,Ford,,,Dizel,Avtomatski,122,Cena po dogovoru,Pravna oseba
Ford Kuga,Ford,,,Hibrid,Avtomatski,182,34461,Pravna oseba
Ford Explorer,Ford,,,,Avtomatski,170,Cena po dogovoru,Pravna oseba
Ford Tourneo,Ford,,,,Avtomatski,218,Cena po dogovoru,Pravna oseba
Ford Capri,Ford,,,,Avtomatski,286,Cena po dogovoru,Pravna oseba
Ford Kuga,Ford,,,Hibrid,Avtomatski,242,Cena po dogovoru,Pravna oseba
Ford Kuga,Ford,,,Hibrid,Avtomatski,242,Cena po dogovoru,Pravna oseba
Ford Puma,Ford,,,,Avtomatski,169,Cena po dogovoru,Pravna oseba
Renault Koleos,Renault,2023,47984,Dizel,Avtomatski,184,26990,Pravna oseba
Ford Kuga,Ford,,,Hibrid,Avtomatski,242,Cena po dogovoru,Pravna oseba
Ford Kuga,Ford,,,Hibrid,Avtomatski,242,Cena po dogovoru,Pravna oseba
Ford Kuga,Ford,,,Hibrid,Avtomatski,179,Cena po dogovoru,Pravna oseba
Ford Capri,Ford,,,,Avtomatski,340,Cena po dogovoru,Pravna oseba
Ford Kuga,Ford,,,Bencin,Avtomatski,186,Cena po dogovoru,Pravna oseba
Ford Explorer,Ford,,,,Avtomatski,340,Cena po dogovoru,Pravna oseba
Ford E-Transit Custom,Ford,,,,Avtomatski,218,Cena po dogovoru,Pravna oseba
Ford Kuga,Ford,,,Hibrid,Avtomatski,179,Cena po dogovoru,Pravna oseba
Ford Mustang Mach-e,Ford,,,,Avtomatski,268,Cena po dogovoru,Pravna oseba
Ford -,Ford,,,Dizel,Ročni,102,Cena po dogovoru,Pravna oseba
Ford Kuga,Ford,,,Hibrid,Avtomatski,182,Cena po dogovoru,Pravna oseba
Ford Tourneo,Ford,,,Dizel,Avtomatski,170,Cena po dogovoru,Pravna oseba
Ford Explorer,Ford,,,,Avtomatski,170,Cena po dogovoru,Pravna oseba
Ford Kuga,Ford,,,Hibrid,Avtomatski,179,Cena po dogovoru,Pravna oseba
Ford Tourneo Connect,Ford,,,Dizel,Ročni,122,Cena po dogovoru,Pravna oseba
Ford Puma,Ford,,,,Avtomatski,169,Cena po dogovoru,Pravna oseba
Ford Kuga,Ford,,,Hibrid,Avtomatski,242,Cena po dogovoru,Pravna oseba
Ford Kuga,Ford,,,Bencin,Ročni,150,Cena po dogovoru,Pravna oseba
Ford Explorer,Ford,,,,Avtomatski,340,Cena po dogovoru,Pravna oseba
Ford Explorer,Ford,,,,Avtomatski,170,Cena po dogovoru,Pravna oseba
Ford Kuga,Ford,,,Hibrid,Avtomatski,242,Cena po dogovoru,Pravna oseba
Ford Puma,Ford,,,Bencin,Avtomatski,125,Cena po dogovoru,Pravna oseba
Ford Kuga,Ford,,,Bencin,Avtomatski,186,Cena po dogovoru,Pravna oseba
Ford Kuga,Ford,,,Bencin,Avtomatski,186,Cena po dogovoru,Pravna oseba
Ford Kuga,Ford,,,Bencin,Avtomatski,186,Cena po dogovoru,Pravna oseba
Ford Capri,Ford,,,,Avtomatski,340,Cena po dogovoru,Pravna oseba
Ford Kuga,Ford,,,Hibrid,Avtomatski,179,Cena po dogovoru,Pravna oseba
Ford Puma,Ford,,,,Avtomatski,169,Cena po dogovoru,Pravna oseba
Ford Explorer,Ford,,,,Avtomatski,170,Cena po dogovoru,Pravna oseba
Ford Tourneo,Ford,,,Dizel,Avtomatski,170,Cena po dogovoru,Pravna oseba
Ford Tourneo,Ford,,,Dizel,Ročni,150,Cena po dogovoru,Pravna oseba
Ford Tourneo,Ford,,,Bencin,Ročni,125,Cena po dogovoru,Pravna oseba
Ford Tourneo,Ford,,,Dizel,Ročni,150,Cena po dogovoru,Pravna oseba
Ford Tourneo,Ford,,,Dizel,Avtomatski,170,Cena po dogovoru,Pravna oseba
Ford Capri,Ford,,,,Avtomatski,286,Cena po dogovoru,Pravna oseba
Ford Kuga,Ford,,,Hibrid,Avtomatski,242,Cena po dogovoru,Pravna oseba
Ford Capri,Ford,,,,Avtomatski,286,Cena po dogovoru,Pravna oseba
Ford Explorer,Ford,,,,Avtomatski,340,Cena po dogovoru,Pravna oseba
Ford Explorer,Ford,,,,Avtomatski,286,Cena po dogovoru,Pravna oseba
Ford Tourneo,Ford,,,Dizel,Avtomatski,170,Cena po dogovoru,Pravna oseba
Mazda Mazda3,Mazda,,,Bencin,Ročni,140,,Pravna oseba
Ford Explorer,Ford,,,,Avtomatski,286,Cena po dogovoru,Pravna oseba
Ford Tourneo,Ford,,,Dizel,Avtomatski,170,Cena po dogovoru,Pravna oseba
Ford Tourneo,Ford,,,Dizel,Avtomatski,170,Cena po dogovoru,Pravna oseba
Ford Kuga,Ford,,,Hibrid,Avtomatski,179,Cena po dogovoru,Pravna oseba
Ford Kuga,Ford,,,Hibrid,Avtomatski,182,Cena po dogovoru,Pravna oseba
Ford Explorer,Ford,,,,Avtomatski,340,Cena po dogovoru,Pravna oseba
Ford Tourneo,Ford,,,Bencin,Ročni,125,Cena po dogovoru,Pravna oseba
Ford Tourneo,Ford,,,Bencin,Ročni,125,Cena po dogovoru,Pravna oseba
Ford Kuga,Ford,,,Hibrid,Avtomatski,242,Cena po dogovoru,Pravna oseba
Ford Kuga,Ford,,,Bencin,Avtomatski,186,Cena po dogovoru,Pravna oseba
Ford Puma,Ford,,,,Avtomatski,169,Cena po dogovoru,Pravna oseba
Ford Puma,Ford,,,Bencin,Avtomatski,125,Cena po dogovoru,Pravna oseba
Ford Puma,Ford,,,Bencin,Avtomatski,125,Cena po dogovoru,Pravna oseba
Ford Kuga,Ford,,,Bencin,Avtomatski,186,Cena po dogovoru,Pravna oseba
Ford Kuga,Ford,,,Bencin,Avtomatski,186,Cena po dogovoru,Pravna oseba
Ford Kuga,Ford,,,Bencin,Avtomatski,186,Cena po dogovoru,Pravna oseba
Ford Puma,Ford,,,Bencin,Ročni,125,Cena po dogovoru,Pravna oseba
Ford Puma,Ford,,,Bencin,Ročni,125,Cena po dogovoru,Pravna oseba
Ford Kuga,Ford,,,Bencin,Avtomatski,186,Cena po dogovoru,Pravna oseba
Ford Kuga,Ford,,,Bencin,Avtomatski,186,Cena po dogovoru,Pravna oseba
Mazda Mazda3,Mazda,,,Bencin,Ročni,140,,Pravna oseba
Ford Puma,Ford,,,Bencin,Avtomatski,125,Cena po dogovoru,Pravna oseba
Ford Explorer,Ford,,,,Avtomatski,286,Cena po dogovoru,Pravna oseba
Ford Kuga,Ford,,,Hibrid,Avtomatski,179,Cena po dogovoru,Pravna oseba
Ford Kuga,Ford,,,Bencin,Ročni,150,Cena po dogovoru,Pravna oseba
Ford Kuga,Ford,,,Bencin,Avtomatski,186,Cena po dogovoru,Pravna oseba
Ford Puma,Ford,,,Bencin,Avtomatski,125,Cena po dogovoru,Pravna oseba
Ford Explorer,Ford,,,,Avtomatski,170,Cena po dogovoru,Pravna oseba
Ford Explorer,Ford,,,,Avtomatski,286,Cena po dogovoru,Pravna oseba
Ford Puma,Ford,,,Bencin,Avtomatski,125,Cena po dogovoru,Pravna oseba
Ford Mustang,Ford,,,Bencin,Avtomatski,454,Cena po dogovoru,Pravna oseba
Toyota Land Cruiser,Toyota,1988,391599,Dizel,Ročni,86,27999,Pravna oseba
Volvo S90,Volvo,2018,209320,Dizel,Avtomatski,190,16995,Pravna oseba
Škoda Superb,Škoda,2023,175166,Dizel,Avtomatski,200,22490,Pravna oseba
Ford Explorer,Ford,,,,Avtomatski,286,Cena po dogovoru,Pravna oseba
Ford E-Transit Custom,Ford,,,,Avtomatski,218,Cena po dogovoru,Pravna oseba
Ford Kuga,Ford,,,Hibrid,Avtomatski,179,35916,Pravna oseba
Ford Tourneo,Ford,,,,Avtomatski,218,Cena po dogovoru,Pravna oseba
Ford Kuga,Ford,,,Bencin,Avtomatski,186,Cena po dogovoru,Pravna oseba
Ford Kuga,Ford,,,Bencin,Avtomatski,186,Cena po dogovoru,Pravna oseba
Ford Puma,Ford,,,Bencin,Ročni,125,Cena po dogovoru,Pravna oseba
Ford Capri,Ford,,,,Avtomatski,286,Cena po dogovoru,Pravna oseba
Ford Puma,Ford,,,Bencin,Ročni,125,Cena po dogovoru,Pravna oseba
Ford Tourneo,Ford,,,Dizel,Avtomatski,170,Cena po dogovoru,Pravna oseba
Ford Transit Custom,Ford,,,Dizel,Avtomatski,170,Cena po dogovoru,Pravna oseba
Ford Transit Custom,Ford,,,Dizel,Ročni,150,Cena po dogovoru,Pravna oseba
Ford Transit Custom,Ford,,,Dizel,Avtomatski,170,Cena po dogovoru,Pravna oseba
Ford Tourneo Connect,Ford,,,Dizel,Avtomatski,122,Cena po dogovoru,Pravna oseba
Ford Ranger,Ford,,,Hibrid,Avtomatski,281,Cena po dogovoru,Pravna oseba
Ford Ranger,Ford,,,Hibrid,Avtomatski,281,Cena po dogovoru,Pravna oseba
Ford Tourneo,Ford,,,,Avtomatski,136,Cena po dogovoru,Pravna oseba
Ford E-Transit Custom,Ford,,,,Avtomatski,218,Cena po dogovoru,Pravna oseba
Ford Transit Custom,Ford,,,Hibrid,Avtomatski,232,Cena po dogovoru,Pravna oseba
Ford Tourneo Connect,Ford,,,Dizel,Ročni,102,Cena po dogovoru,Pravna oseba
Volkswagen Passat Variant,Volkswagen,2022,159673,Dizel,Avtomatski,150,17990,Pravna oseba
Ford Transit Custom,Ford,,,Dizel,Avtomatski,170,Cena po dogovoru,Pravna oseba
Ford Tourneo,Ford,,,Dizel,Avtomatski,170,Cena po dogovoru,Pravna oseba
Ford Ranger,Ford,,,Hibrid,Avtomatski,281,Cena po dogovoru,Pravna oseba
Ford Transit Custom,Ford,,,Dizel,Avtomatski,170,Cena po dogovoru,Pravna oseba
Ford Tourneo,Ford,,,Dizel,Avtomatski,170,Cena po dogovoru,Pravna oseba
Ford Transit Custom,Ford,,,Dizel,Avtomatski,170,Cena po dogovoru,Pravna oseba
Ford Transit Custom,Ford,,,Hibrid,Avtomatski,232,Cena po dogovoru,Pravna oseba
Ford Tourneo,Ford,,,Hibrid,Avtomatski,232,Cena po dogovoru,Pravna oseba
Ford Tourneo,Ford,,,Hibrid,Avtomatski,232,Cena po dogovoru,Pravna oseba
Ford Tourneo,Ford,,,Bencin,Avtomatski,125,Cena po dogovoru,Pravna oseba
Ford Transit Custom,Ford,,,Dizel,Ročni,150,Cena po dogovoru,Pravna oseba
Ford Tourneo,Ford,,,Dizel,Avtomatski,170,Cena po dogovoru,Pravna oseba
Ford Tourneo Connect,Ford,,,Hibrid,Avtomatski,150,Cena po dogovoru,Pravna oseba
Ford Transit,Ford,,,Dizel,Avtomatski,150,Cena po dogovoru,Pravna oseba
Ford Tourneo Connect,Ford,,,Dizel,Avtomatski,122,35368,Pravna oseba
Ford Ranger,Ford,,,Dizel,Avtomatski,205,Cena po dogovoru,Pravna oseba
Ford Ranger,Ford,,,Dizel,Avtomatski,241,Cena po dogovoru,Pravna oseba
Ford Tourneo Connect,Ford,,,Dizel,Avtomatski,122,Cena po dogovoru,Pravna oseba
Ford Tourneo Connect,Ford,,,Bencin,Avtomatski,116,Cena po dogovoru,Pravna oseba
Ford Tourneo,Ford,,,Bencin,Avtomatski,125,Cena po dogovoru,Pravna oseba
Škoda Kodiaq,Škoda,2022,110749,Dizel,Avtomatski,150,31990,Pravna oseba
Ford Tourneo,Ford,,,Bencin,Ročni,125,Cena po dogovoru,Pravna oseba
Ford Tourneo,Ford,,,Hibrid,Avtomatski,232,,Pravna oseba
Ford Transit Custom,Ford,,,Dizel,Ročni,150,Cena po dogovoru,Pravna oseba
Ford Transit Custom,Ford,,,Dizel,Ročni,150,Cena po dogovoru,Pravna oseba
Ford Transit Custom,Ford,,,Dizel,Avtomatski,170,Cena po dogovoru,Pravna oseba
Ford Tourneo,Ford,,,Bencin,Avtomatski,125,Cena po dogovoru,Pravna oseba
Ford Tourneo,Ford,,,Dizel,Avtomatski,170,Cena po dogovoru,Pravna oseba
Ford Ranger,Ford,,,Dizel,Avtomatski,241,Cena po dogovoru,Pravna oseba
Ford Tourneo,Ford,,,Dizel,Avtomatski,170,Cena po dogovoru,Pravna oseba
Ford Ranger,Ford,,,Dizel,Avtomatski,241,Cena po dogovoru,Pravna oseba
Ford Tourneo Connect,Ford,,,Dizel,Avtomatski,122,Cena po dogovoru,Pravna oseba
Ford Tourneo,Ford,,,Dizel,Avtomatski,170,Cena po dogovoru,Pravna oseba
Ford Tourneo,Ford,,,Dizel,Ročni,136,Cena po dogovoru,Pravna oseba
Ford Ranger,Ford,,,Dizel,Avtomatski,205,Cena po dogovoru,Pravna oseba
Ford Tourneo,Ford,,,Dizel,Avtomatski,170,Cena po dogovoru,Pravna oseba
Ford Transit Custom,Ford,,,Dizel,Ročni,150,Cena po dogovoru,Pravna oseba
Ford Ranger,Ford,,,Dizel,Avtomatski,241,Cena po dogovoru,Pravna oseba
Ford Transit Custom,Ford,,,Dizel,Avtomatski,170,Cena po dogovoru,Pravna oseba
Ford Puma,Ford,,,Bencin,Avtomatski,125,Cena po dogovoru,Pravna oseba
Ford Transit Custom,Ford,,,Dizel,Ročni,150,Cena po dogovoru,Pravna oseba
Audi A4,Audi,2021,97412,Dizel,Avtomatski,204,24990,Pravna oseba
Ford Ranger,Ford,,,Dizel,Avtomatski,205,Cena po dogovoru,Pravna oseba
Mazda CX-30,Mazda,,,Bencin,Ročni,140,,Pravna oseba
Volkswagen Passat Variant,Volkswagen,2020,159582,Dizel,Avtomatski,150,15990,Pravna oseba
Ford Transit Custom,Ford,,,Dizel,Ročni,150,Cena po dogovoru,Pravna oseba
Ford Tourneo,Ford,,,Dizel,Avtomatski,170,Cena po dogovoru,Pravna oseba
Ford Puma,Ford,,,Bencin,Avtomatski,125,Cena po dogovoru,Pravna oseba
Ford Puma,Ford,,,Bencin,Ročni,125,21846,Pravna oseba
Ford Puma,Ford,,,Bencin,Ročni,125,Cena po dogovoru,Pravna oseba
Ford Ranger,Ford,,,Bencin,Avtomatski,292,Cena po dogovoru,Pravna oseba
Ford Puma,Ford,,,Bencin,Ročni,125,Cena po dogovoru,Pravna oseba
Ford Puma,Ford,,,Bencin,Avtomatski,125,Cena po dogovoru,Pravna oseba
Ford Ranger,Ford,,,Bencin,Avtomatski,292,Cena po dogovoru,Pravna oseba
Ford Ranger,Ford,,,Bencin,Avtomatski,292,Cena po dogovoru,Pravna oseba
Ford Ranger,Ford,,,Bencin,Avtomatski,292,Cena po dogovoru,Pravna oseba
Ford Ranger,Ford,,,Dizel,Avtomatski,205,Cena po dogovoru,Pravna oseba
Ford Ranger,Ford,,,Dizel,Avtomatski,241,Cena po dogovoru,Pravna oseba
Ford Ranger,Ford,,,Bencin,Avtomatski,292,Cena po dogovoru,Pravna oseba
Ford Transit Custom,Ford,,,Dizel,Ročni,150,Cena po dogovoru,Pravna oseba
Ford Ranger,Ford,,,Dizel,Avtomatski,205,Cena po dogovoru,Pravna oseba
Ford Ranger,Ford,,,Bencin,Avtomatski,296,Cena po dogovoru,Pravna oseba
Ford Transit Custom,Ford,,,Dizel,Avtomatski,170,Cena po dogovoru,Pravna oseba
Ford Tourneo,Ford,,,Dizel,Avtomatski,170,Cena po dogovoru,Pravna oseba
Ford Transit Custom,Ford,,,Dizel,Ročni,150,Cena po dogovoru,Pravna oseba
Ford Tourneo,Ford,,,Bencin,Avtomatski,125,Cena po dogovoru,Pravna oseba
Ford Tourneo,Ford,,,Dizel,Avtomatski,170,Cena po dogovoru,Pravna oseba
Ford Tourneo,Ford,,,Bencin,Ročni,125,Cena po dogovoru,Pravna oseba
Ford Tourneo Connect,Ford,,,Dizel,Avtomatski,122,Cena po dogovoru,Pravna oseba
Ford Tourneo,Ford,,,Bencin,Ročni,125,Cena po dogovoru,Pravna oseba
Ford Ranger,Ford,,,Dizel,Avtomatski,241,,Pravna oseba
Ford Tourneo,Ford,,,Bencin,Ročni,125,Cena po dogovoru,Pravna oseba
Ford Tourneo,Ford,,,Bencin,Ročni,125,Cena po dogovoru,Pravna oseba
Ford Explorer,Ford,,,,Avtomatski,340,Cena po dogovoru,Pravna oseba
Volkswagen Tiguan Allspace,Volkswagen,2022,101557,Dizel,Avtomatski,150,29990,Pravna oseba
Seat Tarraco,Seat,2023,167548,Dizel,Avtomatski,150,23990,Pravna oseba
Volkswagen Passat,Volkswagen,2020,127754,Dizel,Avtomatski,150,19990,Pravna oseba
Volkswagen Passat,Volkswagen,2020,159812,Dizel,Avtomatski,150,18490,Pravna oseba
Volkswagen Tiguan,Volkswagen,2022,162630,Dizel,Avtomatski,200,26990,Pravna oseba
Volkswagen Tiguan,Volkswagen,2022,108721,Dizel,Avtomatski,150,27990,Pravna oseba
Volkswagen Tiguan,Volkswagen,2016,180000,Dizel,Avtomatski,150,15990,Pravna oseba
Volkswagen Passat,Volkswagen,2024,57804,Dizel,Avtomatski,150,31990,Pravna oseba
Mazda CX-5,Mazda,2015,206000,Dizel,Ročni,150,8490,Pravna oseba
Peugeot 3008,Peugeot,2022,84167,Dizel,Avtomatski,131,20490,Pravna oseba
Volkswagen ID.4,Volkswagen,2022,9616,,Avtomatski,170,22990,Pravna oseba
Audi Q7,Audi,2018,205320,Dizel,Avtomatski,218,31995,Pravna oseba
Audi A6 Avant,Audi,2016,267400,Dizel,Avtomatski,190,11999,Pravna oseba
Citroën C5,Citroën,2024,41133,Bencin,Ročni,131,16990,Pravna oseba
Audi A3,Audi,2016,210630,Dizel,Ročni,116,8999,Pravna oseba
Volkswagen Golf Variant,Volkswagen,2017,284123,Dizel,Ročni,110,7290,Pravna oseba
Škoda Octavia,Škoda,2010,378000,Dizel,Ročni,105,1850,Fizična oseba
Mazda CX-30,Mazda,2026,7200,Bencin,Ročni,140,,Pravna oseba
KIA Stonic,KIA,2022,25741,Bencin,Ročni,84,13999,Pravna oseba
BMW serija X2:,BMW,2020,138000,Bencin,Avtomatski,136,17675,Pravna oseba
BMW serija 1:,BMW,2022,115000,Dizel,Ročni,116,15989,Pravna oseba
BMW X1,BMW,2019,189000,Dizel,Ročni,116,11500,Pravna oseba
BMW serija X2:,BMW,2018,161000,Dizel,Ročni,150,16788,Pravna oseba
Peugeot 2008,Peugeot,2019,116830,Bencin,Ročni,131,Cena po dogovoru,Pravna oseba
Opel Corsa,Opel,2023,39000,Bencin,Ročni,101,10999,Pravna oseba
Volkswagen Polo,Volkswagen,2018,102300,Bencin,Ročni,116,9490,Pravna oseba
BMW serija 3 Coupe:,BMW,2008,327000,Dizel,Avtomatski,231,8990,Pravna oseba
Audi A4,Audi,2016,235000,Dizel,Avtomatski,150,14250,Fizična oseba
Volkswagen Taigo,Volkswagen,2022,103835,Bencin,Avtomatski,110,19490,Pravna oseba
Volkswagen Beetle,Volkswagen,2013,150021,Bencin,Ročni,105,9980,Pravna oseba
Nissan Juke,Nissan,2021,39709,Bencin,Ročni,114,14980,Pravna oseba
Volkswagen T-Roc,Volkswagen,2020,45825,Bencin,Ročni,116,15450,Pravna oseba
Opel Corsa,Opel,2024,38236,Bencin,Avtomatski,101,15490,Pravna oseba
Toyota Yaris,Toyota,2023,35281,Bencin,Ročni,125,15690,Pravna oseba
Volkswagen T-Roc,Volkswagen,2021,163082,Dizel,Ročni,116,15990,Pravna oseba
Škoda Karoq,Škoda,2021,109000,Dizel,Ročni,116,16877,Pravna oseba
Toyota Proace,Toyota,2022,66013,Bencin,Ročni,110,15990,Pravna oseba
Toyota Yaris,Toyota,2022,77666,Hibrid,Avtomatski,116,16550,Pravna oseba
Toyota Proace,Toyota,2020,133235,Dizel,Ročni,131,16650,Pravna oseba
Nissan X-Trail,Nissan,2018,173274,Dizel,Avtomatski,177,16880,Pravna oseba
Seat Alhambra,Seat,2018,196212,Dizel,Avtomatski,150,13480,Pravna oseba
Škoda Octavia,Škoda,2022,148423,Dizel,Avtomatski,116,14480,Pravna oseba
BMW serija X6:,BMW,2020,163502,Bencin,Avtomatski,333,54995,Pravna oseba
Škoda Superb,Škoda,2018,251121,Dizel,Avtomatski,190,12480,Pravna oseba
KIA Sportage,KIA,2024,16961,Bencin,Ročni,160,24999,Pravna oseba
Peugeot 2008,Peugeot,2019,80981,Bencin,Ročni,131,8222,Pravna oseba
Škoda Fabia,Škoda,2019,194031,Bencin,Ročni,95,6880,Pravna oseba
Škoda Fabia,Škoda,2019,194031,Bencin,Ročni,95,6880,Pravna oseba
MINI One,MINI,2015,107021,Bencin,Ročni,102,8980,Pravna oseba
Mercedes-Benz ML-Razred,Mercedes-Benz,2015,282013,Dizel,Avtomatski,204,16980,Pravna oseba
Hyundai i40,Hyundai,2017,213021,Dizel,Ročni,116,6980,Pravna oseba
Ford Ecosport,Ford,2015,117021,Bencin,Ročni,125,6980,Pravna oseba
BMW serija 3:,BMW,2020,102320,Bencin,Avtomatski,374,40995,Pravna oseba
Alfa Romeo Stelvio,Alfa,2022,149450,Dizel,Avtomatski,190,18990,Pravna oseba
Peugeot 2008,Peugeot,2022,121400,Dizel,Ročni,110,13700,Pravna oseba
Opel Insignia,Opel,2021,161531,Bencin,Avtomatski,170,12990,Pravna oseba
Ford Mondeo,Ford,2021,184540,Dizel,Avtomatski,150,11990,Pravna oseba
Opel Combo,Opel,2020,136440,Dizel,Ročni,102,11490,Pravna oseba
BMW serija 6 Gran Turismo:,BMW,2023,140211,Dizel,Avtomatski,286,36990,Pravna oseba
Jaguar XE,Jaguar,2021,76900,Dizel,Avtomatski,179,18900,Pravna oseba
Alfa Romeo Stelvio,Alfa,2021,151200,Dizel,Avtomatski,190,18300,Pravna oseba
Audi Q3,Audi,2022,116100,Bencin,Avtomatski,150,26990,Pravna oseba
Audi Q3,Audi,2022,116100,Bencin,Avtomatski,150,26990,Pravna oseba
Audi A4,Audi,2020,171563,Plin,Avtomatski,170,16990,Pravna oseba
Audi A4,Audi,2020,171563,Bencin,Avtomatski,170,16990,Pravna oseba
Audi Q3,Audi,2022,128869,Bencin,Ročni,150,21990,Pravna oseba
Opel Combo,Opel,2020,134700,Dizel,Ročni,102,,Pravna oseba
BMW Serija 5,BMW,2022,179534,Dizel,Avtomatski,286,,Pravna oseba
Audi A6,Audi,2017,147715,Dizel,Avtomatski,218,17490,Pravna oseba
Audi A6,Audi,2019,203483,Dizel,Avtomatski,286,19990,Pravna oseba
Audi A6,Audi,2019,200110,Bencin,Avtomatski,190,18490,Pravna oseba
Škoda Fabia,Škoda,2018,61505,Bencin,Ročni,75,6990,Pravna oseba
Citroën C5 Aircross,Citroën,2019,127300,Bencin,Ročni,131,10490,Pravna oseba
BMW Serija 1,BMW,2020,162042,Dizel,Ročni,150,16490,Pravna oseba
Citroën C4,Citroën,2017,215246,Dizel,Ročni,120,5990,Pravna oseba
Chevrolet Camaro,Chevrolet,2019,102000,Bencin,Avtomatski,334,30500,Pravna oseba
MINI Countryman,MINI,2019,139950,Dizel,Avtomatski,150,14990,Pravna oseba
MINI Countryman,MINI,2019,139950,Dizel,Avtomatski,150,14990,Pravna oseba
Dodge Ram,Dodge,2021,165200,Bencin,Avtomatski,309,Cena po dogovoru,Pravna oseba
Opel Astra,Opel,2023,163650,Dizel,Avtomatski,131,,Pravna oseba
Audi Q8,Audi,2021,79100,Hibrid,Avtomatski,381,50990,Pravna oseba
Hyundai Kona,Hyundai,2021,134156,Dizel,Avtomatski,136,13200,Pravna oseba
Alfa Romeo Stelvio,Alfa,2019,163600,Dizel,Avtomatski,190,,Pravna oseba
Volkswagen Passat,Volkswagen,2022,157098,Dizel,Avtomatski,150,,Pravna oseba
Volkswagen Passat,Volkswagen,2021,171025,Dizel,Avtomatski,122,12990,Pravna oseba
Fiat Tipo,Fiat,2020,156283,Dizel,Ročni,95,7490,Pravna oseba
Škoda Octavia,Škoda,2021,177320,Dizel,Avtomatski,150,16995,Pravna oseba
KIA XCeed,KIA,,,Bencin,Ročni,116,23599,Pravna oseba
KIA Sportage,KIA,,,Bencin,Avtomatski,160,27799,Pravna oseba
BMW serija X4:,BMW,2021,164012,Dizel,Avtomatski,190,31980,Pravna oseba
Geely StarRay,Geely,,,Bencin,Avtomatski,174,26990,Pravna oseba
KIA Ceed,KIA,,,Bencin,Ročni,101,17849,Pravna oseba
Geely StarRay EM-i,Geely,,,Hibrid,Avtomatski,218,32990,Pravna oseba
BMW serija 3:,BMW,2021,118960,Dizel,Avtomatski,190,25995,Pravna oseba
Geely StarRay EM-i,Geely,,,Hibrid,Avtomatski,99,32990,Pravna oseba
Citroën C3,Citroën,2014,98121,Bencin,Ročni,68,4480,Pravna oseba
KIA PV5,KIA,,,,Avtomatski,163,49599,Pravna oseba
KIA EV2,KIA,,,,Avtomatski,147,27399,Pravna oseba
KIA EV2,KIA,,,,Avtomatski,136,36499,Pravna oseba
KIA EV2,KIA,,,,Avtomatski,136,36499,Pravna oseba
KIA EV2,KIA,,,,Avtomatski,147,29099,Pravna oseba
KIA EV2,KIA,,,,Avtomatski,147,24799,Pravna oseba
KIA EV9,KIA,,,,Avtomatski,385,89999,Pravna oseba
KIA EV2,KIA,,,,Avtomatski,147,26899,Pravna oseba
KIA EV2,KIA,,,,Avtomatski,147,27399,Pravna oseba
KIA EV9,KIA,,,,Avtomatski,385,89999,Pravna oseba
KIA EV4,KIA,,,,Avtomatski,204,49299,Pravna oseba
KIA XCeed,KIA,,,Bencin,Avtomatski,150,,Pravna oseba
Geely StarRay EM-i,Geely,,,Hibrid,Avtomatski,99,32990,Pravna oseba
KIA Sportage,KIA,2026,5000,Bencin,Avtomatski,150,Cena po dogovoru,Pravna oseba
KIA EV2,KIA,,,,Avtomatski,147,Cena po dogovoru,Pravna oseba
KIA EV2,KIA,,,,Avtomatski,136,36499,Pravna oseba
KIA Seltos,KIA,,,Bencin,Avtomatski,179,34699,Pravna oseba
KIA XCeed,KIA,,,Bencin,Avtomatski,150,29699,Pravna oseba
KIA Seltos,KIA,,,Bencin,Avtomatski,179,32699,Pravna oseba
KIA XCeed,KIA,,,Bencin,Avtomatski,150,29699,Pravna oseba
KIA EV2,KIA,,,,Avtomatski,147,26899,Pravna oseba
Geely StarRay EM-i,Geely,,,Hibrid,Avtomatski,99,32990,Pravna oseba
Geely StarRay EM-i,Geely,,,Hibrid,Avtomatski,10,32990,Pravna oseba
KIA EV2,KIA,,,,Avtomatski,136,36499,Pravna oseba
Geely CityRay,Geely,,,Bencin,Avtomatski,174,25990,Pravna oseba
KIA Sportage,KIA,,,Bencin,Avtomatski,160,30099,Pravna oseba
Citroën C1,Citroën,2014,43012,Bencin,Ročni,68,5980,Pravna oseba
Renault Mégane,Renault,2010,219212,Bencin,Ročni,131,3970,Pravna oseba
Peugeot 308,Peugeot,2014,297121,Dizel,Ročni,120,2980,Pravna oseba
Audi Q7,Audi,,,Dizel,Avtomatski,245,79990,Pravna oseba
Volkswagen T-Cross,Volkswagen,,,Bencin,Ročni,116,22606,Pravna oseba
Audi Q5,Audi,2009,250576,Dizel,Avtomatski,239,9980,Pravna oseba
Volkswagen T-Roc,Volkswagen,2023,79146,Dizel,Avtomatski,150,25990,Pravna oseba
Volkswagen T-Roc,Volkswagen,,,Bencin,Avtomatski,116,29115,Pravna oseba
Volkswagen Touareg,Volkswagen,2019,155569,Dizel,Avtomatski,286,35990,Pravna oseba
Volkswagen Touareg,Volkswagen,2024,34000,Dizel,Avtomatski,286,67490,Pravna oseba
Volkswagen Tiguan,Volkswagen,2018,201353,Dizel,Avtomatski,150,13990,Pravna oseba
Volkswagen Touareg,Volkswagen,2025,15000,Dizel,Avtomatski,286,75900,Pravna oseba
Volkswagen Tiguan,Volkswagen,2025,23000,Dizel,Avtomatski,150,39990,Pravna oseba
Volkswagen Tiguan,Volkswagen,2021,106026,Hibrid,Avtomatski,245,23990,Pravna oseba
Volkswagen Tayron,Volkswagen,2025,17078,Bencin,Avtomatski,150,34990,Pravna oseba
Volkswagen T-Cross,Volkswagen,2026,1000,Bencin,Ročni,116,22606,Pravna oseba
Volkswagen Passat Variant,Volkswagen,2023,131787,Dizel,Avtomatski,150,18990,Pravna oseba
Volkswagen Tiguan,Volkswagen,,,Hibrid,Avtomatski,272,51826,Pravna oseba
Volkswagen Passat Variant,Volkswagen,2022,96882,Dizel,Avtomatski,150,20990,Pravna oseba
Volkswagen T-Cross,Volkswagen,,,Bencin,Ročni,116,22606,Pravna oseba
Volkswagen Taigo,Volkswagen,2025,17400,Bencin,Avtomatski,116,19990,Pravna oseba
Volkswagen Passat Variant,Volkswagen,2024,46243,Dizel,Avtomatski,150,38490,Pravna oseba
Volkswagen Passat Variant,Volkswagen,2023,116299,Bencin,Avtomatski,150,19490,Pravna oseba
Volkswagen Multivan,Volkswagen,2026,6600,Dizel,Avtomatski,150,55990,Pravna oseba
Volkswagen ID.Polo,Volkswagen,,,,Avtomatski,211,33700,Pravna oseba
Volkswagen ID.4,Volkswagen,2021,183345,,Avtomatski,204,19990,Pravna oseba
Volkswagen Multivan,Volkswagen,2026,8900,Dizel,Avtomatski,150,51990,Pravna oseba
Volkswagen Golf Variant,Volkswagen,2023,140795,Dizel,Avtomatski,116,15990,Pravna oseba
Volkswagen Passat,Volkswagen,2026,10000,Hibrid,Avtomatski,204,37900,Pravna oseba
Volkswagen Golf Variant,Volkswagen,2022,110001,Bencin,Avtomatski,150,23490,Pravna oseba
Renault Austral,Renault,2025,30158,Bencin,Avtomatski,158,29670,Pravna oseba
Volkswagen Arteon Shooting Brake,Volkswagen,2024,43574,Dizel,Avtomatski,200,35990,Pravna oseba
Škoda Kodiaq,Škoda,2023,183011,Dizel,Avtomatski,150,26490,Pravna oseba
Škoda Karoq,Škoda,2023,131449,Dizel,Avtomatski,150,26990,Pravna oseba
Volkswagen Golf,Volkswagen,2010,224203,Bencin,Ročni,211,7990,Pravna oseba
Volkswagen Arteon,Volkswagen,2019,167652,Dizel,Avtomatski,190,22990,Pravna oseba
Volkswagen Arteon Shooting Brake,Volkswagen,2022,131299,Dizel,Avtomatski,200,25900,Pravna oseba
Volkswagen Arteon,Volkswagen,2022,112519,Dizel,Avtomatski,200,28990,Pravna oseba
Volkswagen Arteon,Volkswagen,2023,99667,Dizel,Avtomatski,150,27990,Pravna oseba
Volkswagen Arteon,Volkswagen,2022,110000,Bencin,Avtomatski,190,30490,Pravna oseba
Škoda Octavia,Škoda,2021,67951,Dizel,Ročni,116,17990,Pravna oseba
Škoda Kodiaq,Škoda,2022,97329,Bencin,Avtomatski,245,33990,Pravna oseba
Škoda Kamiq,Škoda,2020,73266,Bencin,Ročni,150,15990,Pravna oseba
Škoda Kamiq,Škoda,2022,43383,Bencin,Ročni,95,19490,Pravna oseba
Škoda Kamiq,Škoda,2023,119176,Bencin,Avtomatski,110,18990,Pravna oseba
Škoda Kamiq,Škoda,2023,119176,Bencin,Avtomatski,110,18990,Pravna oseba
Škoda Fabia,Škoda,2023,34441,Bencin,Ročni,95,12490,Pravna oseba
Seat Tarraco,Seat,2019,179892,Dizel,Avtomatski,150,19490,Pravna oseba
Peugeot 2008,Peugeot,2022,32430,Bencin,Ročni,101,13990,Pravna oseba
Opel Crossland X,Opel,2019,81386,Bencin,Ročni,131,11990,Pravna oseba
MG MG4,MG,2023,78605,,Avtomatski,245,23490,Pravna oseba
Mercedes-Benz GLE-Razred,Mercedes-Benz,2020,219043,Dizel,Avtomatski,272,39990,Pravna oseba
Seat Leon,Seat,,,Dizel,Avtomatski,150,27300,Pravna oseba
Seat Leon,Seat,2026,500,Bencin,Ročni,116,21800,Pravna oseba
Mercedes-Benz GLC coupe,Mercedes-Benz,2023,61852,Bencin,Avtomatski,390,53990,Pravna oseba
Mercedes-Benz C-Razred,Mercedes-Benz,2018,73974,Bencin,Ročni,156,22990,Pravna oseba
Mercedes-Benz C-Razred,Mercedes-Benz,2016,130981,Dizel,Avtomatski,170,19990,Pravna oseba
Hyundai Tucson,Hyundai,2020,132605,Dizel,Avtomatski,136,14990,Pravna oseba
Audi Q5,Audi,,,Dizel,Avtomatski,204,61400,Pravna oseba
Audi Q5,Audi,,,Dizel,Avtomatski,204,63950,Pravna oseba
Audi Q5,Audi,,,Dizel,Avtomatski,204,63950,Pravna oseba
Ford Kuga,Ford,2022,107789,Hibrid,Avtomatski,224,19950,Pravna oseba
Hyundai Kona,Hyundai,2024,15029,Bencin,Avtomatski,120,22990,Pravna oseba
Citroën Berlingo,Citroën,2018,85510,Bencin,Ročni,110,9990,Pravna oseba
Cupra Raval,Cupra,2026,1000,,Avtomatski,211,31190,Pravna oseba
Cupra Formentor,Cupra,,,Bencin,Avtomatski,150,34700,Pravna oseba
Audi S5,Audi,2023,41890,Dizel,Avtomatski,341,57990,Pravna oseba
Audi Q8,Audi,2021,162176,Dizel,Avtomatski,286,47990,Pravna oseba
Audi Q8,Audi,,,Dizel,Avtomatski,286,112187,Pravna oseba
Audi Q7,Audi,2019,84229,Dizel,Avtomatski,231,44990,Pravna oseba
Audi Q6 e-tron,Audi,,,,Avtomatski,387,65900,Pravna oseba
Audi Q5 Sportback,Audi,,,Dizel,Avtomatski,204,69500,Pravna oseba
Audi Q4 e-tron,Audi,2021,84474,,Avtomatski,204,29990,Pravna oseba
Audi Q4 e-tron,Audi,,,,Avtomatski,121,61400,Pravna oseba
Audi Q3 Sportback,Audi,2026,9000,Bencin,Avtomatski,204,52990,Pravna oseba
Audi A6 Sportback e-tron,Audi,,,,Avtomatski,462,68626,Pravna oseba
Audi Q5 Sportback,Audi,,,Dizel,Avtomatski,204,69883,Pravna oseba
Audi A6 Avant,Audi,2019,183547,Dizel,Avtomatski,231,31900,Pravna oseba
Audi A6 Avant,Audi,2024,45299,Dizel,Avtomatski,204,39950,Pravna oseba
Audi Q3 Sportback,Audi,,,Bencin,Avtomatski,204,51775,Pravna oseba
Audi Q3 Sportback,Audi,,,Bencin,Avtomatski,204,50200,Pravna oseba
Audi Q3,Audi,2013,267111,Dizel,Ročni,140,11490,Pravna oseba
Audi Q3 Sportback,Audi,2020,201000,Dizel,Avtomatski,150,21500,Pravna oseba
Audi Q3,Audi,2021,86213,Bencin,Avtomatski,150,23990,Pravna oseba
Audi Q2,Audi,,,Bencin,Ročni,116,29990,Pravna oseba
Peugeot 5008,Peugeot,2016,196043,Dizel,Ročni,120,5880,Pravna oseba
Audi A4 Avant,Audi,2022,181149,Dizel,Avtomatski,163,23990,Pravna oseba
Audi A4,Audi,2017,112863,Dizel,Avtomatski,150,17990,Pravna oseba
Audi A3,Audi,,,Bencin,Avtomatski,116,24278,Pravna oseba
Audi A3,Audi,,,Bencin,Avtomatski,116,25931,Pravna oseba
Audi A3,Audi,2023,83947,Dizel,Avtomatski,116,22990,Pravna oseba
Audi,Audi,,,Dizel,Avtomatski,299,148600,Pravna oseba
Audi A3,Audi,,,Bencin,Avtomatski,150,35883,Pravna oseba
Audi A5,Audi,,,Bencin,Avtomatski,204,59863,Pravna oseba
Audi A5 Avant,Audi,,,Dizel,Avtomatski,204,62300,Pravna oseba
Audi Q5 Sportback,Audi,,,Bencin,Avtomatski,204,63990,Pravna oseba
Audi A5,Audi,,,Bencin,Avtomatski,204,64300,Pravna oseba
Seat Leon,Seat,,,Bencin,Avtomatski,150,34000,Pravna oseba
Cupra Leon,Cupra,,,Bencin,Avtomatski,150,34955,Pravna oseba
Škoda Epiq,Škoda,,,,Avtomatski,211,31850,Pravna oseba
Škoda Kamiq,Škoda,,,Bencin,Avtomatski,116,22963,Pravna oseba
Volkswagen ID.3,Volkswagen,,,,Avtomatski,190,31936,Pravna oseba
Škoda Enyaq IV,Škoda,,,,Avtomatski,286,43952,Pravna oseba
Škoda Enyaq IV,Škoda,,,,Avtomatski,190,43025,Pravna oseba
Škoda Enyaq IV,Škoda,,,,Avtomatski,190,39370,Pravna oseba
Volkswagen Golf,Volkswagen,,,Bencin,Avtomatski,150,33252,Pravna oseba
Volkswagen Passat Variant,Volkswagen,,,Dizel,Avtomatski,150,43900,Pravna oseba
Škoda Fabia,Škoda,,,Bencin,Ročni,116,17107,Pravna oseba
Škoda Karoq,Škoda,,,Bencin,Avtomatski,150,32594,Pravna oseba
Volkswagen ID.Polo,Volkswagen,,,,Avtomatski,116,17190,Pravna oseba
Volkswagen ID.Polo,Volkswagen,,,,Avtomatski,211,31629,Pravna oseba
Volkswagen ID.Polo,Volkswagen,,,,Avtomatski,211,27790,Pravna oseba
Opel Mokka,Opel,2022,79057,Bencin,Ročni,101,12980,Pravna oseba
Cupra Raval,Cupra,,,,Avtomatski,226,33750,Pravna oseba
Volkswagen Taigo,Volkswagen,2026,15000,Bencin,Avtomatski,116,21790,Pravna oseba
Volkswagen Tayron,Volkswagen,2026,15000,Bencin,Avtomatski,150,39190,Pravna oseba
Škoda Peaq,Škoda,,,,Avtomatski,204,49645,Pravna oseba
Škoda Fabia,Škoda,,,Bencin,Ročni,116,16947,Pravna oseba
Škoda Octavia,Škoda,,,Bencin,Avtomatski,150,27715,Pravna oseba
Škoda Octavia,Škoda,,,Bencin,Avtomatski,150,27905,Pravna oseba
Škoda Octavia,Škoda,,,Bencin,Avtomatski,150,28595,Pravna oseba
Škoda Octavia,Škoda,,,Dizel,Avtomatski,150,30274,Pravna oseba
Škoda Octavia,Škoda,,,Bencin,Avtomatski,150,32935,Pravna oseba
Škoda Octavia,Škoda,,,Dizel,Avtomatski,150,33896,Pravna oseba
Škoda Kamiq,Škoda,,,Bencin,Avtomatski,150,23000,Pravna oseba
Škoda Kodiaq,Škoda,,,Bencin,Avtomatski,204,44329,Pravna oseba
Ford Mondeo,Ford,2016,226320,Dizel,Avtomatski,179,11995,Pravna oseba
Mercedes-Benz A-Razred,Mercedes-Benz,2013,124012,Bencin,Ročni,122,12780,Pravna oseba
Ford Kuga,Ford,2016,210092,Bencin,Avtomatski,150,7980,Pravna oseba
Renault Talisman,Renault,2018,139732,Dizel,Ročni,120,10570,Pravna oseba
Ford Mustang,Ford,,72748,,Avtomatski,,32990,Pravna oseba
Audi A6,Audi,2019,174224,Dizel,Avtomatski,204,22990,Pravna oseba
Škoda Kodiaq,Škoda,2022,128720,Dizel,Avtomatski,150,28990,Pravna oseba
Audi Q5,Audi,2020,200140,Dizel,Avtomatski,190,24990,Pravna oseba
Audi RS3,Audi,2022,131805,Bencin,Avtomatski,400,42990,Pravna oseba
Audi A5 Avant,Audi,2024,8412,Dizel,Avtomatski,204,53990,Pravna oseba
BMW serija X1:,BMW,2017,109243,Dizel,Avtomatski,150,14490,Pravna oseba
Cupra Born,Cupra,,,,Avtomatski,190,33790,Pravna oseba
Škoda Superb,Škoda,2019,242200,Dizel,Avtomatski,150,12990,Pravna oseba
Cupra Terramar,Cupra,2025,31500,Bencin,Avtomatski,150,32999,Pravna oseba
Volkswagen Golf,Volkswagen,2019,125832,Dizel,Avtomatski,184,20990,Pravna oseba
Audi Q2,Audi,2018,73122,Dizel,Ročni,116,17490,Pravna oseba
BMW serija 1:,BMW,2020,116929,Bencin,Avtomatski,140,19190,Pravna oseba
Volkswagen Passat Variant,Volkswagen,2025,19359,Bencin,Avtomatski,150,33490,Pravna oseba
Volkswagen Passat Variant,Volkswagen,2020,179712,Dizel,Avtomatski,150,14990,Pravna oseba
Citroën C3,Citroën,2021,46352,Bencin,Ročni,110,9999,Pravna oseba
Audi A6 Avant,Audi,2022,151668,Dizel,Avtomatski,286,29990,Pravna oseba
Citroën C4,Citroën,2020,77536,Bencin,Ročni,131,11999,Pravna oseba
Volkswagen Tiguan Allspace,Volkswagen,2022,172493,Dizel,Avtomatski,150,23490,Pravna oseba
BMW Serija 3,BMW,2025,16522,Bencin,Avtomatski,245,52490,Pravna oseba
BMW iX,BMW,2023,59697,,Avtomatski,306,36340,Pravna oseba
Volkswagen Multivan,Volkswagen,2015,157500,Dizel,Avtomatski,204,27990,Pravna oseba
Volkswagen Tiguan,Volkswagen,2016,205219,Dizel,Avtomatski,150,14990,Pravna oseba
Volkswagen Touran,Volkswagen,2020,165477,Dizel,Avtomatski,116,17490,Pravna oseba
Volkswagen Touran,Volkswagen,2017,189103,Dizel,Ročni,150,14990,Pravna oseba
Peugeot 3008,Peugeot,2018,92128,Dizel,Avtomatski,131,15490,Pravna oseba
Volkswagen Multivan,Volkswagen,2024,10276,Dizel,Avtomatski,150,50990,Pravna oseba
Volkswagen Golf Variant,Volkswagen,2020,201433,Dizel,Avtomatski,150,11490,Pravna oseba
Audi Q7,Audi,2023,131873,Bencin,Avtomatski,340,50490,Pravna oseba
Volkswagen Golf,Volkswagen,2018,168838,Dizel,Ročni,150,13990,Pravna oseba
Volkswagen Touareg,Volkswagen,2019,146213,Bencin,Avtomatski,340,39990,Pravna oseba
BMW serija 2 Gran Tourer:,BMW,2019,158000,Bencin,Ročni,109,10890,Pravna oseba
Škoda Kodiaq,Škoda,,,Dizel,Avtomatski,150,39503,Pravna oseba
Škoda Kodiaq,Škoda,,,Bencin,Avtomatski,265,54773,Pravna oseba
Škoda Kamiq,Škoda,,,Bencin,Avtomatski,116,22595,Pravna oseba
Škoda Octavia,Škoda,,,Bencin,Avtomatski,265,40672,Pravna oseba
Audi A6,Audi,2017,213428,Dizel,Avtomatski,190,16990,Pravna oseba
Audi S6,Audi,2019,130025,Dizel,Avtomatski,344,41900,Pravna oseba
Volkswagen Golf,Volkswagen,2021,50063,Bencin,Avtomatski,245,25490,Pravna oseba
Volkswagen Golf Variant,Volkswagen,2021,148221,Dizel,Avtomatski,116,15990,Pravna oseba
Audi Q7,Audi,2016,189400,Dizel,Avtomatski,272,28900,Pravna oseba
Volkswagen Passat Variant,Volkswagen,2022,45852,Dizel,Avtomatski,200,31990,Pravna oseba
Volkswagen T-Cross,Volkswagen,2025,25000,Bencin,Ročni,116,17990,Pravna oseba
Volkswagen Tiguan,Volkswagen,2021,100941,Dizel,Avtomatski,150,28300,Pravna oseba
Volkswagen Taigo,Volkswagen,2023,57000,Bencin,Avtomatski,110,17500,Pravna oseba
Porsche Cayenne,Porsche,2022,47460,Bencin,Avtomatski,340,82990,Pravna oseba
Volkswagen Taigo,Volkswagen,2023,46000,Bencin,Avtomatski,110,18490,Pravna oseba
Volkswagen Taigo,Volkswagen,2023,51000,Bencin,Avtomatski,110,17900,Pravna oseba
MINI Paceman,MINI,2013,200400,Dizel,Avtomatski,143,9999,Pravna oseba
Mercedes-Benz GLK-Razred,Mercedes-Benz,2008,350100,Dizel,Avtomatski,224,7999,Pravna oseba
KIA Seltos,KIA,,,Bencin,Avtomatski,179,,Pravna oseba
Alfa Romeo Giulia,Alfa,2019,230040,Dizel,Avtomatski,209,18999,Pravna oseba
Cupra Leon,Cupra,,,Hibrid,Avtomatski,204,36270,Pravna oseba
Cupra Leon,Cupra,,,Bencin,Ročni,150,28100,Pravna oseba
BMW Serija 3,BMW,2025,16522,Bencin,Avtomatski,258,Cena po dogovoru,Pravna oseba
Volkswagen Golf,Volkswagen,2019,160000,Bencin,Avtomatski,245,21990,Pravna oseba
Audi A4,Audi,2020,141620,Bencin,Avtomatski,204,19990,Pravna oseba
Mercedes-Benz GLC-Razred,Mercedes-Benz,2019,229800,Dizel,Avtomatski,204,19490,Pravna oseba
Cupra Leon,Cupra,,,Bencin,Avtomatski,300,38900,Pravna oseba
Cupra Leon,Cupra,,,Dizel,Avtomatski,150,31850,Pravna oseba
Audi A6,Audi,2018,105100,Dizel,Avtomatski,204,35990,Pravna oseba
Cupra Leon,Cupra,,,Hibrid,Avtomatski,204,35500,Pravna oseba
Cupra Leon,Cupra,,,Bencin,Ročni,150,26850,Pravna oseba
Cupra Formentor,Cupra,,,Bencin,Avtomatski,390,67261,Pravna oseba
BMW Serija 8,BMW,2023,24075,Bencin,Avtomatski,625,88870,Pravna oseba
Volvo XC60,Volvo,2023,40451,Bencin,Avtomatski,252,39480,Pravna oseba
Cupra Formentor,Cupra,,,Dizel,Avtomatski,150,36449,Pravna oseba
Cupra Formentor,Cupra,,,Bencin,Ročni,150,31497,Pravna oseba
BMW X4,BMW,2019,107279,Bencin,Avtomatski,354,38880,Pravna oseba
Cupra Born,Cupra,,,,Avtomatski,190,33790,Pravna oseba
BMW Serija 3,BMW,2024,45600,Dizel,Avtomatski,286,51980,Pravna oseba
Volkswagen T-Cross,Volkswagen,2020,87000,Bencin,Ročni,95,14875,Pravna oseba
Renault Koleos,Renault,2019,151780,Dizel,Avtomatski,177,16880,Pravna oseba
BMW Serija 4,BMW,2025,24100,Dizel,Avtomatski,190,49980,Pravna oseba
Volkswagen Caravelle,Volkswagen,2022,116200,Dizel,Avtomatski,204,,Pravna oseba
Mazda CX-3,Mazda,2016,154300,Bencin,Ročni,120,8990,Pravna oseba
Ford Fiesta,Ford,2011,131003,Bencin,Ročni,82,3499,Pravna oseba
Citroën C5 Aircross,Citroën,2023,49477,Bencin,Avtomatski,131,17980,Pravna oseba
BMW Serija 5,BMW,2025,55780,Dizel,Avtomatski,303,64780,Pravna oseba
Mercedes-Benz E-Razred,Mercedes-Benz,2017,184000,Dizel,Avtomatski,194,26290,Pravna oseba
Renault Espace,Renault,2021,173511,Dizel,Avtomatski,160,18990,Pravna oseba
Volkswagen Golf Sportsvan,Volkswagen,2020,132000,Bencin,Ročni,116,14489,Pravna oseba
Hyundai Tucson,Hyundai,2022,77647,Hibrid,Avtomatski,230,23444,Pravna oseba
Volvo V60,Volvo,2017,320000,Dizel,Ročni,150,5990,Pravna oseba
Citroën C4,Citroën,2024,37908,Bencin,Ročni,101,11490,Pravna oseba
Opel Zafira,Opel,2023,151901,Dizel,Ročni,144,24990,Pravna oseba
KIA Sorento,KIA,2021,136541,Dizel,Avtomatski,201,29990,Pravna oseba
Mercedes-Benz GLK-Razred,Mercedes-Benz,2013,217000,Dizel,Avtomatski,143,12990,Pravna oseba
Geely CoolRay,Geely,2025,14587,Bencin,Avtomatski,174,23222,Pravna oseba
Škoda Fabia,Škoda,2007,207000,Bencin,Ročni,80,1290,Pravna oseba
Opel Astra,Opel,2025,20790,Bencin,Avtomatski,131,19990,Pravna oseba
BMW Serija 4,BMW,2025,59880,Dizel,Avtomatski,190,47880,Pravna oseba
BMW X5,BMW,2025,39880,Dizel,Avtomatski,298,78880,Pravna oseba
Volkswagen Tiguan,Volkswagen,,,Dizel,Avtomatski,150,47903,Pravna oseba
BMW serija X1:,BMW,2020,154000,Dizel,Ročni,116,15887,Pravna oseba
Volkswagen Tiguan,Volkswagen,,,Dizel,Avtomatski,193,53115,Pravna oseba
Volkswagen Tiguan,Volkswagen,,,Bencin,Avtomatski,150,41422,Pravna oseba
Volkswagen Tiguan,Volkswagen,,,Bencin,Avtomatski,150,45843,Pravna oseba
Volkswagen Tiguan,Volkswagen,,,Bencin,Avtomatski,150,45843,Pravna oseba
BMW serija X1:,BMW,2022,104000,Dizel,Ročni,150,18775,Pravna oseba
Geely CoolRay,Geely,2024,31983,Bencin,Avtomatski,174,22447,Pravna oseba
Forthing Forthing U Tour,Forthing,,,Hibrid,Avtomatski,204,32900,Pravna oseba
Škoda Octavia,Škoda,2021,73275,Dizel,Avtomatski,150,20684,Pravna oseba
BMW Serija 3,BMW,2025,26726,Dizel,Avtomatski,190,44990,Pravna oseba
Volkswagen Tiguan,Volkswagen,,,Bencin,Avtomatski,150,39590,Pravna oseba
Audi A5 Avant,Audi,2026,6457,Hibrid,Avtomatski,299,59900,Pravna oseba
Mercedes-Benz GLS-Razred,Mercedes-Benz,2022,147000,Dizel,Avtomatski,330,69500,Pravna oseba
Volkswagen Golf,Volkswagen,2025,21000,Hibrid,Avtomatski,204,27690,Pravna oseba
Volkswagen Passat Variant,Volkswagen,2023,19434,Dizel,Avtomatski,150,28490,Pravna oseba
Volkswagen Golf,Volkswagen,2021,89358,Bencin,Avtomatski,300,27990,Pravna oseba
Volkswagen Taigo,Volkswagen,2025,19000,Bencin,Avtomatski,116,19990,Pravna oseba
Volkswagen T-Cross,Volkswagen,2025,15000,Bencin,Ročni,116,21990,Pravna oseba
Volkswagen Tiguan,Volkswagen,2021,198239,Dizel,Ročni,150,21990,Pravna oseba
Škoda Superb,Škoda,2018,230552,Dizel,Avtomatski,190,13990,Pravna oseba
Škoda Octavia,Škoda,2022,125988,Dizel,Avtomatski,150,22990,Pravna oseba
Volkswagen T-Roc,Volkswagen,2023,78585,Bencin,Ročni,110,21490,Pravna oseba
Ford Edge,Ford,2019,148529,Dizel,Avtomatski,238,17990,Pravna oseba
Volkswagen Golf,Volkswagen,2023,60243,Bencin,Avtomatski,320,34990,Pravna oseba
Volkswagen Tiguan,Volkswagen,2020,176191,Dizel,Avtomatski,190,23790,Pravna oseba
Volkswagen Tiguan,Volkswagen,2019,183811,Dizel,Avtomatski,190,18990,Pravna oseba
Škoda Superb,Škoda,2022,169214,Dizel,Avtomatski,200,21990,Pravna oseba
Volkswagen Golf Variant,Volkswagen,2016,226046,Dizel,Avtomatski,184,10490,Pravna oseba
Škoda Kodiaq,Škoda,2022,96384,Dizel,Avtomatski,150,31990,Pravna oseba
Škoda Octavia,Škoda,2022,198377,Dizel,Avtomatski,200,17990,Pravna oseba
Škoda Kamiq,Škoda,2022,80263,Bencin,Avtomatski,150,21490,Pravna oseba
Audi Q5,Audi,2024,48209,Dizel,Avtomatski,204,45990,Pravna oseba
Volkswagen Touareg,Volkswagen,2021,152499,Dizel,Avtomatski,231,38990,Pravna oseba
Volkswagen Golf,Volkswagen,2025,11455,Bencin,Avtomatski,265,33990,Pravna oseba
Škoda Superb,Škoda,2022,183259,Dizel,Avtomatski,150,22990,Pravna oseba
Škoda Octavia,Škoda,2022,92352,Hibrid,Avtomatski,245,25990,Pravna oseba
Škoda Enyaq IV,Škoda,2023,33042,,Avtomatski,148,19990,Pravna oseba
Audi Q5,Audi,2019,188052,Dizel,Avtomatski,190,23990,Pravna oseba
Škoda Kodiaq,Škoda,2023,105508,Bencin,Avtomatski,245,37990,Pravna oseba
Renault Kadjar,Renault,2022,99246,Dizel,Avtomatski,116,16690,Pravna oseba
Audi A4,Audi,2023,83567,Bencin,Avtomatski,150,27490,Pravna oseba
Volkswagen Passat Alltrack,Volkswagen,2023,89187,Dizel,Avtomatski,200,29990,Pravna oseba
Volkswagen T-Roc,Volkswagen,2023,49506,Bencin,Ročni,110,19990,Pravna oseba
Škoda Kodiaq,Škoda,2020,158000,Dizel,Avtomatski,150,25990,Pravna oseba
Volkswagen Touran,Volkswagen,2022,135558,Dizel,Avtomatski,150,25990,Pravna oseba
Audi Q5 Sportback,Audi,2023,73000,Dizel,Avtomatski,204,42900,Pravna oseba
Volkswagen Tiguan,Volkswagen,2025,46340,Bencin,Avtomatski,150,38900,Pravna oseba
Ford B-Max,Ford,2016,144258,Dizel,Ročni,75,5990,Pravna oseba
Volkswagen Tiguan,Volkswagen,,,Dizel,Avtomatski,150,44216,Pravna oseba
Volkswagen Golf Variant,Volkswagen,2023,158930,Dizel,Avtomatski,116,15990,Pravna oseba
Škoda Octavia,Škoda,2023,163049,Dizel,Avtomatski,200,23990,Pravna oseba
Cupra Formentor,Cupra,,,Bencin,Avtomatski,150,36299,Pravna oseba
Cupra Leon,Cupra,,,Bencin,Avtomatski,150,37505,Pravna oseba
Cupra Leon,Cupra,,,Bencin,Avtomatski,150,36155,Pravna oseba
Cupra Terramar,Cupra,,,Bencin,Avtomatski,150,37900,Pravna oseba
Seat Arona,Seat,,,Bencin,Ročni,116,20650,Pravna oseba
Seat Arona,Seat,,,Bencin,Ročni,116,20900,Pravna oseba
Seat Ateca,Seat,,,Bencin,Ročni,150,27760,Pravna oseba
Mercedes-Benz B-Razred,Mercedes-Benz,2025,38132,Bencin,Avtomatski,136,24990,Pravna oseba
Seat Ibiza,Seat,,,Bencin,Avtomatski,116,21590,Pravna oseba
Seat Leon,Seat,,,Bencin,Ročni,116,22999,Pravna oseba
Cupra Born,Cupra,,,,Avtomatski,190,33790,Pravna oseba
Cupra Born,Cupra,,,,Avtomatski,231,36800,Pravna oseba
Audi SQ7,Audi,2021,134457,Bencin,Avtomatski,507,58990,Pravna oseba
Škoda Kamiq,Škoda,,,Bencin,Avtomatski,116,28633,Pravna oseba
Škoda Elroq,Škoda,,,,Avtomatski,190,34407,Pravna oseba
Škoda Kamiq,Škoda,,,Bencin,Ročni,116,19131,Pravna oseba
Škoda Kamiq,Škoda,,,Bencin,Avtomatski,116,20369,Pravna oseba
Škoda Kamiq,Škoda,,,Bencin,Avtomatski,116,21167,Pravna oseba
Škoda Kamiq,Škoda,,,Bencin,Ročni,116,21226,Pravna oseba
Škoda Octavia,Škoda,,,Bencin,Avtomatski,150,28359,Pravna oseba
Škoda Octavia,Škoda,,,Dizel,Avtomatski,150,32452,Pravna oseba
Škoda Superb,Škoda,,,Bencin,Avtomatski,150,40838,Pravna oseba
Škoda Octavia,Škoda,,,Dizel,Avtomatski,150,28696,Pravna oseba
Škoda Superb,Škoda,,,Dizel,Avtomatski,150,39653,Pravna oseba
Škoda Superb,Škoda,,,Dizel,Avtomatski,150,44369,Pravna oseba
Škoda Octavia,Škoda,,,Dizel,Avtomatski,150,29903,Pravna oseba
Škoda Scala,Škoda,,,Bencin,Avtomatski,116,21972,Pravna oseba
Mercedes-Benz B-Razred,Mercedes-Benz,2025,36632,Bencin,Avtomatski,136,24990,Pravna oseba
Škoda Kodiaq,Škoda,,,Bencin,Avtomatski,150,39513,Pravna oseba
Škoda Karoq,Škoda,,,Dizel,Avtomatski,150,31647,Pravna oseba
Volkswagen Golf,Volkswagen,,,Bencin,Avtomatski,150,32990,Pravna oseba
Volkswagen Golf,Volkswagen,,,Bencin,Avtomatski,150,32990,Pravna oseba
Volkswagen Golf,Volkswagen,,,Hibrid,Avtomatski,150,38660,Pravna oseba
Volkswagen Golf Variant,Volkswagen,,,Bencin,Avtomatski,150,35021,Pravna oseba
Volkswagen Golf Variant,Volkswagen,,,Bencin,Avtomatski,116,28994,Pravna oseba
Volkswagen Passat Variant,Volkswagen,,,Hibrid,Avtomatski,204,41547,Pravna oseba
Volkswagen Passat Variant,Volkswagen,,,Hibrid,Avtomatski,204,40396,Pravna oseba
Volkswagen Taigo,Volkswagen,,,Bencin,Avtomatski,116,24898,Pravna oseba
Volkswagen Taigo,Volkswagen,,,Bencin,Ročni,116,24898,Pravna oseba
Škoda Elroq,Škoda,,,,Avtomatski,286,42639,Pravna oseba
Volkswagen Amarok,Volkswagen,2026,6000,Dizel,Avtomatski,241,68900,Pravna oseba
Volkswagen Taigo,Volkswagen,,,Bencin,Avtomatski,150,27714,Pravna oseba
Volkswagen Tayron,Volkswagen,,,Hibrid,Avtomatski,177,51950,Pravna oseba
Volkswagen T-Roc,Volkswagen,2026,5000,Bencin,Avtomatski,150,33990,Pravna oseba
Volkswagen Tayron,Volkswagen,,,Hibrid,Avtomatski,177,52779,Pravna oseba
Volkswagen Tayron,Volkswagen,,,Dizel,Avtomatski,193,55562,Pravna oseba
Volkswagen Golf Variant,Volkswagen,,,Bencin,Ročni,116,26375,Pravna oseba
Volkswagen Touareg,Volkswagen,2025,10000,Dizel,Avtomatski,286,74850,Pravna oseba
Cupra Raval,Cupra,,,,Avtomatski,211,30200,Pravna oseba
Cupra Raval,Cupra,,,,Avtomatski,135,25500,Pravna oseba
Volkswagen Touareg,Volkswagen,2021,166024,Dizel,Avtomatski,286,41990,Pravna oseba
Volkswagen Passat Variant,Volkswagen,2025,82191,Dizel,Avtomatski,193,39990,Pravna oseba
Volkswagen Golf Variant,Volkswagen,2023,172734,Bencin,Ročni,131,16990,Pravna oseba
Volkswagen Golf,Volkswagen,2021,77877,Hibrid,Avtomatski,245,22490,Pravna oseba
Volkswagen ID.3,Volkswagen,2022,84082,,Avtomatski,204,19990,Pravna oseba
Volkswagen Taigo,Volkswagen,,,Bencin,Avtomatski,116,24898,Pravna oseba
Volkswagen T-Roc,Volkswagen,2026,8000,Bencin,Avtomatski,116,28790,Pravna oseba
Volkswagen Taigo,Volkswagen,2026,5000,Bencin,Avtomatski,116,23790,Pravna oseba
Volkswagen Touran,Volkswagen,2021,195716,Dizel,Avtomatski,150,18990,Pravna oseba
Citroën C5 Aircross,Citroën,2021,103000,Dizel,Avtomatski,131,13290,Pravna oseba
Volkswagen Passat Variant,Volkswagen,,,Dizel,Avtomatski,150,46612,Pravna oseba
Audi Q3,Audi,2019,121424,Dizel,Avtomatski,150,22990,Pravna oseba
Volkswagen Tiguan,Volkswagen,2021,99500,Dizel,Avtomatski,150,20500,Pravna oseba
Škoda Kodiaq,Škoda,2017,174366,Dizel,Avtomatski,190,18990,Pravna oseba
Audi Q3,Audi,2022,92612,Bencin,Avtomatski,150,27990,Pravna oseba
Audi Q3,Audi,2019,139125,Dizel,Avtomatski,150,23990,Pravna oseba
Audi Q2,Audi,2022,129470,Bencin,Avtomatski,150,20990,Pravna oseba
Volkswagen Tiguan,Volkswagen,2023,112000,Dizel,Avtomatski,150,21500,Pravna oseba
Volkswagen Taigo,Volkswagen,2022,121000,Bencin,Ročni,110,14400,Pravna oseba
Volkswagen Golf,Volkswagen,2023,167000,Dizel,Avtomatski,116,14990,Pravna oseba
Volkswagen Passat Variant,Volkswagen,2018,80659,Dizel,Avtomatski,150,17990,Pravna oseba
Volkswagen Taigo,Volkswagen,2022,55940,Bencin,Avtomatski,110,17490,Pravna oseba
Volkswagen Tiguan,Volkswagen,2022,112555,Bencin,Avtomatski,190,27990,Pravna oseba
Audi Q2,Audi,2018,134421,Dizel,Avtomatski,116,15990,Pravna oseba
Audi e-tron,Audi,2022,69000,,Avtomatski,408,39990,Pravna oseba
Audi A6 Avant,Audi,2026,3706,Hibrid,Avtomatski,252,67900,Pravna oseba
Audi A6 Avant,Audi,2022,86231,Dizel,Avtomatski,286,49990,Pravna oseba
Audi A6 Avant,Audi,2022,142744,Dizel,Avtomatski,245,32490,Pravna oseba
Audi A6 Avant,Audi,2023,82764,Dizel,Avtomatski,204,29990,Pravna oseba
Volkswagen Passat Alltrack,Volkswagen,2023,123503,Dizel,Avtomatski,200,27990,Pravna oseba
Audi A6 Avant,Audi,2021,216015,Dizel,Avtomatski,204,38000,Pravna oseba
Volkswagen Golf Variant,Volkswagen,2024,88520,Dizel,Ročni,116,18990,Pravna oseba
Audi A5 Sportback,Audi,2017,87463,Dizel,Avtomatski,190,24490,Pravna oseba
Volkswagen Passat Variant,Volkswagen,,,Dizel,Avtomatski,150,46612,Pravna oseba
Volkswagen Passat Variant,Volkswagen,,,Dizel,Avtomatski,193,46612,Pravna oseba
Audi A4 Avant,Audi,2020,171135,Dizel,Avtomatski,163,22990,Pravna oseba
Audi A5 Avant,Audi,2025,18000,Bencin,Avtomatski,204,46690,Pravna oseba
Volkswagen Touran,Volkswagen,2022,214440,Dizel,Avtomatski,150,16490,Pravna oseba
Volkswagen Tiguan Allspace,Volkswagen,2020,178460,Dizel,Avtomatski,200,21490,Pravna oseba
Volkswagen T-Roc,Volkswagen,2023,44938,Bencin,Ročni,150,23990,Pravna oseba
Hyundai Tucson,Hyundai,2020,142682,Dizel,Avtomatski,136,17990,Pravna oseba
Volkswagen T-Roc,Volkswagen,2019,159479,Bencin,Ročni,150,15990,Pravna oseba
Volkswagen Golf,Volkswagen,,,Bencin,Avtomatski,150,32990,Pravna oseba
Audi Q5,Audi,2019,109989,Dizel,Avtomatski,190,28990,Pravna oseba
Volkswagen Golf,Volkswagen,2021,146000,Dizel,Ročni,116,15990,Pravna oseba
Cupra Raval,Cupra,,,,Avtomatski,211,30750,Pravna oseba
Volkswagen Caddy,Volkswagen,2022,112000,Dizel,Ročni,102,19500,Pravna oseba
Cupra Raval,Cupra,,,,Avtomatski,211,31700,Pravna oseba
Cupra Formentor,Cupra,2022,73000,Hibrid,Avtomatski,204,22490,Pravna oseba
Cupra Born,Cupra,,,,Avtomatski,190,38700,Pravna oseba
Cupra Born,Cupra,,,,Avtomatski,326,47300,Pravna oseba
Cupra Born,Cupra,,,,Avtomatski,190,33790,Pravna oseba
Cupra Born,Cupra,,,,Avtomatski,190,33790,Pravna oseba
Volvo XC60,Volvo,2022,141000,Dizel,Avtomatski,197,26500,Pravna oseba
Volvo XC60,Volvo,2021,131000,Dizel,Avtomatski,197,24999,Pravna oseba
Toyota Corolla,Toyota,2021,118000,Hibrid,Avtomatski,122,16500,Pravna oseba
Toyota Yaris Cross,Toyota,2023,144000,Hibrid,Avtomatski,116,16999,Pravna oseba
Seat Leon,Seat,2022,153000,Dizel,Avtomatski,150,13999,Pravna oseba
Renault Scénic,Renault,2017,227000,Dizel,Ročni,95,5990,Pravna oseba
Renault Mégane,Renault,2022,126000,Dizel,Ročni,116,11550,Pravna oseba
Renault Captur,Renault,2015,187000,Dizel,Ročni,110,6500,Pravna oseba
Audi A7,Audi,2020,186200,Dizel,Avtomatski,204,28999,Pravna oseba
Peugeot Rifter,Peugeot,2019,160000,Dizel,Ročni,102,11000,Pravna oseba
Peugeot 508,Peugeot,2021,141000,Dizel,Avtomatski,131,12999,Pravna oseba
Peugeot 5008,Peugeot,2018,148000,Dizel,Avtomatski,131,12999,Pravna oseba
Peugeot 5008,Peugeot,2018,107000,Bencin,Ročni,131,10500,Pravna oseba
Peugeot 308,Peugeot,2022,140000,Dizel,Avtomatski,131,12999,Pravna oseba
Peugeot 308,Peugeot,2019,120000,Dizel,Ročni,99,8500,Pravna oseba
Peugeot 308,Peugeot,2019,114000,Dizel,Avtomatski,131,8990,Pravna oseba
Peugeot 308,Peugeot,2019,91000,Bencin,Ročni,110,7500,Pravna oseba
Peugeot 3008,Peugeot,2021,145000,Dizel,Avtomatski,131,16999,Pravna oseba
Peugeot 2008,Peugeot,2022,99000,Bencin,Avtomatski,131,11990,Pravna oseba
Mercedes-Benz B-Razred,Mercedes-Benz,2020,169000,Bencin,Ročni,136,15877,Pravna oseba
BMW serija 1:,BMW,2023,81000,Dizel,Ročni,116,17377,Pravna oseba
Peugeot 3008,Peugeot,2026,14936,Bencin,Avtomatski,145,26380,Pravna oseba
Mercedes-Benz A-Razred,Mercedes-Benz,2022,119800,Bencin,Ročni,136,17588,Pravna oseba
Opel Insignia,Opel,2019,119000,Dizel,Ročni,110,9999,Pravna oseba
Opel Grandland X,Opel,2019,100000,Bencin,Avtomatski,131,10990,Pravna oseba
Opel Crossland,Opel,2022,37000,Bencin,Ročni,83,9999,Pravna oseba
Opel Astra,Opel,2018,153000,Bencin,Ročni,105,6500,Pravna oseba
MINI One,MINI,2017,95000,Bencin,Ročni,102,9990,Pravna oseba
Land Rover Discovery Sport,Land,2018,90000,Dizel,Avtomatski,179,17999,Pravna oseba
Citroën C5 Aircross,Citroën,2021,135000,Bencin,Ročni,131,12688,Pravna oseba
Toyota Yaris Cross,Toyota,2022,90017,Bencin,Ročni,125,17450,Pravna oseba
KIA Ceed,KIA,2023,164000,Dizel,Avtomatski,136,13999,Pravna oseba
KIA Ceed,KIA,2022,112000,Dizel,Avtomatski,136,13999,Pravna oseba
Hyundai Tucson,Hyundai,2017,169000,Dizel,Avtomatski,141,11990,Pravna oseba
Hyundai Tucson,Hyundai,2021,131000,Dizel,Avtomatski,136,17990,Pravna oseba
Hyundai Kona,Hyundai,2021,131000,Dizel,Avtomatski,136,14990,Pravna oseba
Ford Kuga,Ford,2021,112000,Hibrid,Avtomatski,224,14999,Pravna oseba
Ford Kuga,Ford,2021,148000,Dizel,Avtomatski,120,13999,Pravna oseba
Ford Kuga,Ford,2020,126000,Dizel,Avtomatski,120,14999,Pravna oseba
Ford Kuga,Ford,2020,68500,Hibrid,Avtomatski,224,16999,Pravna oseba
Ford Focus,Ford,2022,159000,Dizel,Ročni,120,9999,Pravna oseba
Hyundai Kona,Hyundai,2024,40890,Bencin,Avtomatski,139,Cena po dogovoru,Pravna oseba
Citroën C4 Cactus,Citroën,2019,150000,Bencin,Avtomatski,110,7500,Pravna oseba
Citroën C3 Aircross,Citroën,2020,122700,Dizel,Ročni,102,8500,Pravna oseba
Citroën C3 Aircross,Citroën,2020,100000,Dizel,Avtomatski,120,10990,Pravna oseba
Citroën C3,Citroën,2020,148000,Dizel,Ročni,102,5500,Pravna oseba
Toyota Yaris,Toyota,2025,24071,Hibrid,Avtomatski,116,17850,Pravna oseba
BMW X1,BMW,2019,189000,Dizel,Ročni,116,11990,Pravna oseba
KIA Sportage,KIA,2022,44261,Bencin,Ročni,132,17890,Pravna oseba
BMW Serija 1,BMW,2022,124000,Dizel,Avtomatski,116,15999,Pravna oseba
Audi Q5 Sportback,Audi,2021,100000,Hibrid,Avtomatski,299,33990,Pravna oseba
Lexus IS,Lexus,2017,197275,Hibrid,Avtomatski,223,17990,Pravna oseba
Audi Q5,Audi,2020,79000,Dizel,Avtomatski,136,27500,Pravna oseba
Audi Q3,Audi,2020,134000,Dizel,Avtomatski,190,22550,Pravna oseba
Toyota Yaris Cross,Toyota,2021,19684,Bencin,Ročni,125,18320,Pravna oseba
Suzuki Vitara,Suzuki,2023,67029,Bencin,Ročni,129,18950,Pravna oseba
Toyota Yaris Cross,Toyota,2021,52889,Bencin,Ročni,125,19190,Pravna oseba
Land Rover Range Rover Evoque,Land,2018,119000,Dizel,Avtomatski,150,15500,Pravna oseba
Toyota Corolla,Toyota,2021,73587,Hibrid,Avtomatski,122,19750,Pravna oseba
Renault Megane,Renault,2022,142454,Dizel,Avtomatski,116,12190,Pravna oseba
Toyota Yaris Cross,Toyota,2024,43307,Bencin,Ročni,125,20320,Pravna oseba
Toyota C-HR,Toyota,2022,84671,Hibrid,Avtomatski,122,20590,Pravna oseba
Peugeot Rifter,Peugeot,2024,43113,Dizel,Ročni,131,20990,Pravna oseba
Mercedes-Benz Citan,Mercedes-Benz,2022,40062,Dizel,Ročni,116,21150,Pravna oseba
Toyota C-HR,Toyota,2024,56371,Hibrid,Avtomatski,122,22650,Pravna oseba
Nissan Qashqai,Nissan,2022,48549,Bencin,Avtomatski,158,22920,Pravna oseba
Volkswagen Passat,Volkswagen,2021,118945,Dizel,Avtomatski,200,22950,Pravna oseba
Suzuki S-Cross,Suzuki,2024,46168,Bencin,Ročni,129,22990,Pravna oseba
Toyota Corolla,Toyota,2021,77444,Hibrid,Avtomatski,122,23550,Pravna oseba
Toyota C-HR,Toyota,2021,83980,Hibrid,Avtomatski,184,24590,Pravna oseba
Land Rover Range Rover Velar,Land,2020,106871,Dizel,Avtomatski,179,24950,Pravna oseba
Toyota RAV4,Toyota,2020,107544,Hibrid,Avtomatski,222,25590,Pravna oseba
Mercedes-Benz GLC-Razred,Mercedes-Benz,2018,157692,Dizel,Avtomatski,258,27450,Pravna oseba
Subaru Forester,Subaru,2022,96021,Bencin,Avtomatski,150,29490,Pravna oseba
Toyota RAV4,Toyota,2020,112477,Hibrid,Avtomatski,178,30450,Pravna oseba
Toyota RAV4,Toyota,2020,83751,Hibrid,Avtomatski,178,31650,Pravna oseba
Mazda CX-5,Mazda,2023,77608,Dizel,Avtomatski,184,31990,Pravna oseba
Toyota Proace,Toyota,2023,98225,Dizel,Ročni,144,32250,Pravna oseba
Volvo XC60,Volvo,2023,105144,Dizel,Avtomatski,197,32450,Pravna oseba
Honda HR-V,Honda,,,Hibrid,Avtomatski,131,,Pravna oseba
Toyota RAV4,Toyota,2021,90648,Hibrid,Avtomatski,222,33150,Pravna oseba
Škoda Kodiaq,Škoda,2023,117698,Dizel,Avtomatski,200,33690,Pravna oseba
Volkswagen Passat,Volkswagen,2024,100188,Dizel,Avtomatski,150,33950,Pravna oseba
Mercedes-Benz GLE-Razred,Mercedes-Benz,2018,151131,Dizel,Avtomatski,258,34490,Pravna oseba
Toyota RAV4,Toyota,2022,51655,Hibrid,Avtomatski,222,37450,Pravna oseba
BMW Serija 5,BMW,2023,112098,Dizel,Avtomatski,286,37450,Pravna oseba
Mazda CX-60,Mazda,2023,38706,Dizel,Avtomatski,254,38990,Pravna oseba
BMW X3,BMW,2023,110146,Dizel,Avtomatski,190,39890,Pravna oseba
KIA Ceed,KIA,2020,50384,Bencin,Ročni,120,11784,Pravna oseba
Audi A6,Audi,2022,106007,Dizel,Avtomatski,286,42450,Pravna oseba
Toyota GR Yaris,Toyota,2025,12703,Bencin,Avtomatski,280,42490,Pravna oseba
Lexus NX,Lexus,2023,77387,Hibrid,Avtomatski,242,45990,Pravna oseba
Volkswagen Touareg,Volkswagen,2023,108330,Dizel,Avtomatski,286,52990,Pravna oseba
Porsche Panamera,Porsche,2023,75802,Hibrid,Avtomatski,462,85990,Pravna oseba
Škoda Octavia,Škoda,2021,159630,Dizel,Avtomatski,150,16995,Pravna oseba
Škoda Octavia,Škoda,,366000,Dizel,Ročni,105,2300,Fizična oseba
Citroën C4,Citroën,2024,129000,Dizel,Avtomatski,131,14990,Pravna oseba
Peugeot 2008,Peugeot,2017,105000,Bencin,Ročni,110,6890,Pravna oseba
Škoda Kodiaq,Škoda,2023,166533,Dizel,Avtomatski,200,26990,Pravna oseba
Audi A7,Audi,2016,263295,Dizel,Avtomatski,272,19995,Pravna oseba
Hyundai Bayon,Hyundai,2024,22786,Bencin,Ročni,101,,Pravna oseba
Dacia Spring,Dacia,2023,65675,,Avtomatski,65,,Pravna oseba
Porsche Panamera,Porsche,2018,230400,Bencin,Avtomatski,330,42999,Pravna oseba
Hyundai Kona,Hyundai,2023,27500,Bencin,Ročni,120,16500,Fizična oseba
Audi A4 Avant,Audi,2016,238650,Dizel,Avtomatski,190,15995,Pravna oseba
Renault Twingo,Renault,2010,167117,Bencin,Ročni,58,2590,Pravna oseba
Volkswagen Tiguan,Volkswagen,2022,138500,Dizel,Avtomatski,150,21490,Pravna oseba
Volkswagen Arteon Shooting Brake,Volkswagen,2023,136000,Dizel,Avtomatski,150,24990,Pravna oseba
Opel Mokka,Opel,2015,174332,Dizel,Ročni,131,,Pravna oseba
Renault Clio,Renault,2006,110305,Bencin,Ročni,75,2500,Pravna oseba
KIA Sportage,KIA,2019,112788,Dizel,Ročni,116,15600,Pravna oseba
Seat Leon,Seat,2017,153612,Bencin,Ročni,110,9990,Pravna oseba
Volkswagen Golf,Volkswagen,2020,121873,Bencin,Ročni,131,16590,Pravna oseba
BMW Serija 5,BMW,2026,9700,Dizel,Avtomatski,286,75256,Pravna oseba
Volkswagen Golf,Volkswagen,2025,37601,Bencin,Avtomatski,116,23999,Pravna oseba
BMW Serija 5,BMW,2014,220000,Dizel,Avtomatski,258,14990,Pravna oseba
BMW serija 3:,BMW,2013,275325,Dizel,Ročni,184,9990,Pravna oseba
Mazda Mazda6,Mazda,2018,146305,Dizel,Avtomatski,175,15490,Pravna oseba
KIA Ceed SW,KIA,2019,110305,Bencin,Ročni,120,11190,Pravna oseba
Peugeot 5008,Peugeot,2019,152452,Dizel,Avtomatski,131,17990,Pravna oseba
Škoda Octavia,Škoda,2021,169719,Dizel,Avtomatski,150,15990,Pravna oseba
Renault Grand Scenic,Renault,2018,141309,Dizel,Ročni,131,12590,Pravna oseba
Hyundai Kona,Hyundai,2021,99516,Dizel,Ročni,136,14790,Pravna oseba
Opel Corsa,Opel,2023,26412,Bencin,Ročni,101,11990,Pravna oseba
Hyundai Tucson,Hyundai,2018,214275,Dizel,Ročni,116,13590,Pravna oseba
Peugeot 508,Peugeot,2020,129332,Dizel,Avtomatski,131,15190,Pravna oseba
Volkswagen Passat Variant,Volkswagen,2015,307123,Dizel,Ročni,150,8190,Pravna oseba
Ford Mustang,Ford,2019,76022,Bencin,Avtomatski,290,33990,Pravna oseba
Hyundai Kona,Hyundai,2022,115660,Hibrid,Avtomatski,141,16190,Pravna oseba
Audi A6 Avant,Audi,2015,251620,Dizel,Avtomatski,190,13590,Pravna oseba
Peugeot 308,Peugeot,2022,125914,Dizel,Ročni,131,13290,Pravna oseba
Audi A3,Audi,2013,296548,Dizel,Ročni,150,8290,Pravna oseba
Peugeot 2008,Peugeot,2021,115088,Dizel,Avtomatski,131,15490,Pravna oseba
Fiat 500L,Fiat,2015,173973,Dizel,Ročni,84,5990,Pravna oseba
BMW serija 6 Gran Coupe:,BMW,2013,329123,Dizel,Avtomatski,313,16490,Pravna oseba
Peugeot 3008,Peugeot,2018,308588,Dizel,Avtomatski,120,9690,Pravna oseba
Citroën C4 Cactus,Citroën,2018,102278,Bencin,Ročni,131,7690,Pravna oseba
Ford Kuga,Ford,2022,127134,Dizel,Avtomatski,120,17490,Pravna oseba
Peugeot 3008,Peugeot,2022,121312,Dizel,Avtomatski,131,18290,Pravna oseba
Land Rover Range Rover Evoque,Land,2012,242155,Dizel,Avtomatski,150,10990,Pravna oseba
Peugeot 508,Peugeot,2022,124171,Dizel,Avtomatski,131,17690,Pravna oseba
Citroën C4,Citroën,2021,148123,Dizel,Ročni,110,12590,Pravna oseba
Peugeot Rifter,Peugeot,2020,160376,Dizel,Avtomatski,131,,Pravna oseba
Citroën C4,Citroën,2022,101012,Bencin,Avtomatski,131,13290,Pravna oseba
Citroën C4 Cactus,Citroën,2018,118280,Bencin,Ročni,110,7290,Pravna oseba
Mercedes-Benz B-Razred,Mercedes-Benz,2021,181244,Dizel,Avtomatski,150,17790,Pravna oseba
Citroën C4 SpaceTourer,Citroën,2020,119580,Dizel,Ročni,131,9990,Pravna oseba
Citroën C3 Picasso,Citroën,2011,156455,Bencin,Ročni,95,2990,Pravna oseba
Fiat Sedici,Fiat,2007,207122,Dizel,Ročni,120,3990,Pravna oseba
Citroën C4 Grand SpaceTourer,Citroën,2020,119207,Bencin,Avtomatski,131,10990,Pravna oseba
Jeep Cherokee,Jeep,2018,212018,Dizel,Avtomatski,200,10290,Pravna oseba
KIA Soul,KIA,2013,217304,Dizel,Avtomatski,128,6590,Pravna oseba
Audi A6 Avant,Audi,2016,281113,Dizel,Avtomatski,190,11990,Pravna oseba
Volkswagen Touareg,Volkswagen,2021,138380,Dizel,Avtomatski,286,38990,Pravna oseba
BMW X1,BMW,2025,16112,Bencin,Avtomatski,204,49000,Pravna oseba
KIA PV5 Passenger,KIA,2026,5852,,Avtomatski,163,45990,Pravna oseba
Mercedes-Benz B-Razred,Mercedes-Benz,2021,170530,Dizel,Avtomatski,116,17999,Pravna oseba
Škoda Superb,Škoda,2023,103448,Bencin,Avtomatski,280,31999,Pravna oseba
Volkswagen T-Roc,Volkswagen,2021,113000,Bencin,Ročni,110,16590,Pravna oseba
Audi A1,Audi,2011,215000,Dizel,Ročni,105,4999,Pravna oseba
Ford Transit Courier Furgon,Ford,,,Bencin,Ročni,101,,Pravna oseba
Audi A5 Sportback,Audi,2019,219200,Dizel,Avtomatski,150,23999,Pravna oseba
Seat Leon,Seat,2019,132000,Dizel,Ročni,116,11876,Pravna oseba
MINI Cooper,MINI,2018,66000,Bencin,Ročni,136,14999,Pravna oseba
Seat Leon,Seat,2022,115451,Dizel,Avtomatski,150,15980,Pravna oseba
Renault Twingo,Renault,,,,Avtomatski,82,23360,Pravna oseba
Toyota Avensis,Toyota,2016,403000,Dizel,Ročni,143,4999,Pravna oseba
Porsche Cayenne,Porsche,2017,240080,Dizel,Avtomatski,262,28999,Pravna oseba
Peugeot Traveller,Peugeot,2017,379730,Dizel,Ročni,150,11999,Pravna oseba
Peugeot 308,Peugeot,2015,259011,Dizel,Avtomatski,181,,Pravna oseba
Škoda Roomster,Škoda,2008,300737,Bencin,Ročni,86,1990,Pravna oseba
Audi A7,Audi,2022,112500,Dizel,Avtomatski,204,38900,Pravna oseba
BMW serija 1:,BMW,2023,85000,Dizel,Ročni,116,17366,Pravna oseba
Citroën C4 Aircross,Citroën,2015,192000,Dizel,Ročni,114,6990,Pravna oseba
Dacia Sandero,Dacia,,,Bencin,Ročni,101,13870,Pravna oseba
Ford Tourneo,Ford,2026,2990,Dizel,Avtomatski,170,,Pravna oseba
Ford B-MAX,Ford,2017,73500,Bencin,Ročni,101,6790,Pravna oseba
Geely StarRay,Geely,2024,36655,Bencin,Avtomatski,174,23990,Pravna oseba
SsangYong Musso,SsangYong,2025,39188,Dizel,Ročni,203,24990,Pravna oseba
Mercedes-Benz CLA-Razred,Mercedes-Benz,2020,137000,Dizel,Ročni,116,19897,Pravna oseba
Mercedes-Benz GLC-Razred,Mercedes-Benz,2025,11337,Dizel,Avtomatski,269,58990,Pravna oseba
Mercedes-Benz CLA Shooting Brake,Mercedes-Benz,2022,81000,Bencin,Ročni,136,18977,Pravna oseba
BMW Serija 5,BMW,2018,131000,Dizel,Avtomatski,265,27990,Pravna oseba
Škoda Karoq,Škoda,2024,90900,Bencin,Avtomatski,150,23499,Pravna oseba
Nissan X-Trail,Nissan,2014,154000,Dizel,Avtomatski,131,9990,Pravna oseba
Mazda CX-30,Mazda,2022,51971,Bencin,Avtomatski,122,21299,Pravna oseba
Volkswagen Passat,Volkswagen,2021,159999,Dizel,Avtomatski,150,17399,Pravna oseba
Mazda CX-3,Mazda,2017,100000,Bencin,Ročni,120,Cena po dogovoru,Pravna oseba
KIA XCeed,KIA,2025,6400,Bencin,Avtomatski,140,23999,Pravna oseba
Škoda Scala,Škoda,2023,120515,Bencin,Ročni,110,12990,Pravna oseba
Mercedes-Benz C-Razred,Mercedes-Benz,2023,37429,Dizel,Avtomatski,163,27990,Pravna oseba
KIA Soul,KIA,2016,81254,,Avtomatski,110,8500,Pravna oseba
Hyundai Tucson,Hyundai,2022,82000,Bencin,Ročni,150,21590,Pravna oseba
Hyundai Tucson,Hyundai,2021,89300,Bencin,Ročni,150,,Pravna oseba
Hyundai Tucson,Hyundai,2021,106000,Bencin,Avtomatski,150,22990,Pravna oseba
Ford Transit Custom,Ford,,19132,Dizel,Ročni,150,36990,Pravna oseba
Hyundai Kona,Hyundai,2019,179000,Bencin,Ročni,120,10590,Pravna oseba
BMW Serija 2,BMW,2015,191840,Dizel,Avtomatski,116,8490,Pravna oseba
Fiat Tipo,Fiat,2019,152800,Bencin,Ročni,95,7590,Pravna oseba
Dacia Sandero,Dacia,2022,100596,Bencin,Ročni,91,8990,Pravna oseba
Renault Mégane,Renault,2018,45013,Bencin,Ročni,101,8990,Pravna oseba
Citroën C5 Aircross,Citroën,2021,148000,Hibrid,Avtomatski,181,15990,Pravna oseba
Changan CS75 Plus,Changan,,,Bencin,Avtomatski,181,,Pravna oseba
Changan CS75 Plus,Changan,,,Bencin,Avtomatski,181,,Pravna oseba
Hyundai i30,Hyundai,2024,44055,Bencin,Ročni,101,15990,Pravna oseba
Renault TRAFIC,Renault,2006,107000,Dizel,Ročni,101,10990,Pravna oseba
Changan CS75 Plus,Changan,,,Bencin,Avtomatski,181,,Pravna oseba
Changan CS55 Plus,Changan,,,Bencin,Avtomatski,181,,Pravna oseba
Changan CS55 Plus,Changan,,,Bencin,Avtomatski,181,,Pravna oseba
Changan CS55 Plus,Changan,,,Bencin,Avtomatski,181,,Pravna oseba
BMW serija 6 Cabrio:,BMW,2011,74000,Bencin,Avtomatski,320,,Pravna oseba
BMW Serija 3,BMW,2016,274000,Dizel,Ročni,163,5990,Pravna oseba
Mercedes-Benz S-Razred,Mercedes-Benz,2014,486879,Dizel,Avtomatski,258,,Pravna oseba
Mercedes-Benz GLB-Razred,Mercedes-Benz,2021,167611,Dizel,Avtomatski,116,21980,Pravna oseba
Mercedes-Benz C-Razred,Mercedes-Benz,2017,205311,Hibrid,Avtomatski,211,17480,Pravna oseba
Mercedes-Benz GLC-Razred,Mercedes-Benz,2017,131000,Dizel,Avtomatski,204,24980,Pravna oseba
Volkswagen Golf Variant,Volkswagen,2019,202525,Dizel,Ročni,116,9980,Pravna oseba
KIA XCeed,KIA,2023,77000,Bencin,Avtomatski,159,19350,Pravna oseba
Peugeot 308,Peugeot,2017,170132,Bencin,Ročni,131,4980,Pravna oseba
Ford Fiesta,Ford,2016,165213,Bencin,Ročni,82,5980,Pravna oseba
Citroën C4 Grand Picasso,Citroën,2015,196969,Dizel,Ročni,150,6980,Pravna oseba
Citroën C4 Cactus,Citroën,2016,149765,Bencin,Ročni,82,4980,Pravna oseba
Mercedes-Benz GLC-Razred,Mercedes-Benz,2020,186030,Dizel,Avtomatski,170,19999,Pravna oseba
Mercedes-Benz CLA Shooting Brake,Mercedes-Benz,2020,190610,Dizel,Ročni,116,14999,Pravna oseba
Hyundai Elantra,Hyundai,2013,220000,Bencin,Ročni,132,6499,Pravna oseba
BMW serija 5 Touring:,BMW,2018,231000,Dizel,Ročni,190,14999,Pravna oseba
BMW serija 1:,BMW,2022,31000,Bencin,Avtomatski,265,31999,Pravna oseba
Volvo S90,Volvo,2022,66648,Dizel,Avtomatski,235,37983,Pravna oseba
Ford C-MAX,Ford,2019,120000,Bencin,Ročni,125,8990,Fizična oseba
Škoda Superb,Škoda,2021,119800,Dizel,Avtomatski,122,16990,Pravna oseba
KIA Sportage,KIA,2025,16000,Bencin,Avtomatski,150,28650,Fizična oseba
Audi A4,Audi,2016,222000,Bencin,Ročni,150,12850,Pravna oseba
Volkswagen Passat Variant,Volkswagen,2016,261000,Dizel,Ročni,150,7950,Pravna oseba
Audi Q3,Audi,2017,243000,Dizel,Ročni,120,11850,Pravna oseba
Audi A5 Sportback,Audi,2012,369000,Dizel,Avtomatski,136,6850,Pravna oseba
Citroën C5,Citroën,2007,245000,Dizel,Ročni,170,600,Pravna oseba
Volkswagen Caddy,Volkswagen,2025,756,Dizel,Ročni,102,Cena po dogovoru,Pravna oseba
Citroën C3,Citroën,2020,132000,Bencin,Ročni,83,7495,Fizična oseba
Citroën DS3,Citroën,2011,275800,Dizel,Ročni,92,3500,Fizična oseba
Volkswagen Golf,Volkswagen,2018,60516,Bencin,Ročni,131,17990,Fizična oseba
BMW Serija 3,BMW,2020,134000,Bencin,Avtomatski,156,22990,Fizična oseba
Ford Focus,Ford,2011,320000,Dizel,Ročni,116,3290,Fizična oseba
Audi A4,Audi,2011,190749,Dizel,Avtomatski,239,9750,Pravna oseba
Citroën C3,Citroën,2019,146400,Bencin,Ročni,83,7490,Pravna oseba
BMW Serija 3,BMW,2020,211515,Dizel,Avtomatski,190,19990,Pravna oseba
Mercedes-Benz C-Razred,Mercedes-Benz,2017,237156,Dizel,Avtomatski,116,11000,Fizična oseba
Volkswagen Passat,Volkswagen,2016,149900,Dizel,Avtomatski,150,13900,Fizična oseba
Audi e-tron,Audi,2019,241336,,,408,18900,Fizična oseba
Mercedes-Benz GLC-Razred,Mercedes-Benz,2016,261794,Dizel,Avtomatski,204,16490,Pravna oseba
Peugeot 2008,Peugeot,2014,250000,Dizel,Avtomatski,92,3500,Pravna oseba
Mazda CX-5,Mazda,2024,35000,Dizel,Avtomatski,184,36260,Fizična oseba
Hyundai Bayon,Hyundai,2025,13000,Bencin,Ročni,79,Cena po dogovoru,Pravna oseba
BMW Serija 1,BMW,2023,86000,Bencin,Avtomatski,136,19800,Pravna oseba
Hyundai Tucson,Hyundai,2015,105000,Bencin,Ročni,132,9990,Pravna oseba
Škoda Kamiq,Škoda,2022,144413,Bencin,Ročni,110,11990,Pravna oseba
Renault Koleos,Renault,2021,194043,Dizel,Avtomatski,184,16490,Pravna oseba
Opel Corsa,Opel,2022,20870,Bencin,Ročni,75,10990,Pravna oseba
Mercedes-Benz GLE-Razred,Mercedes-Benz,2020,197636,Dizel,Avtomatski,272,40990,Pravna oseba
Hyundai Tucson,Hyundai,2019,199000,Bencin,Avtomatski,177,13490,Pravna oseba
Audi Q8,Audi,2019,184845,Dizel,Avtomatski,286,40990,Pravna oseba
Ford Mustang,Ford,,90147,,Avtomatski,,31990,Pravna oseba
Audi A4,Audi,2023,143000,Dizel,Avtomatski,163,16999,Pravna oseba
Mercedes-Benz E-Razred,Mercedes-Benz,2014,338120,Dizel,Avtomatski,136,Cena po dogovoru,Pravna oseba
Citroën C3,Citroën,2018,138769,Bencin,Ročni,82,4990,Pravna oseba
Mazda CX-80,Mazda,2024,21572,Hibrid,Ročni,328,46990,Pravna oseba
BMW X3,BMW,2025,11027,Bencin,Avtomatski,381,69990,Pravna oseba
DS DS 9,DS,2023,8586,Bencin,Avtomatski,224,31990,Pravna oseba
Audi A6,Audi,2013,376000,Dizel,Avtomatski,181,6090,Fizična oseba
Volkswagen Golf,Volkswagen,2012,208137,Dizel,Ročni,105,4850,Pravna oseba
Volkswagen Passat,Volkswagen,2016,201654,Dizel,Avtomatski,150,8950,Pravna oseba
Ford Focus,Ford,2018,105000,Bencin,Ročni,349,31990,Pravna oseba
Mercedes-Benz CLS-Razred,Mercedes-Benz,2006,195000,Dizel,Avtomatski,211,7000,Fizična oseba
BMW X1,BMW,2019,173000,Dizel,Avtomatski,190,19990,Pravna oseba
Citroën C5,Citroën,2019,91874,Bencin,Ročni,131,10890,Pravna oseba
BMW M3,BMW,2023,53000,Bencin,Avtomatski,510,81990,Pravna oseba
BMW Serija 3,BMW,2013,319486,Dizel,Avtomatski,143,4980,Pravna oseba
Citroën C4,Citroën,2009,126585,Bencin,Ročni,120,Cena po dogovoru,Pravna oseba
Volkswagen Transporter,Volkswagen,2019,178140,Dizel,Ročni,102,15950,Pravna oseba
Peugeot Expert,Peugeot,2024,34,,Avtomatski,136,34148,Pravna oseba
DS DS 3 Crossback,DS,2022,74500,Bencin,Avtomatski,131,12999,Pravna oseba
Volkswagen Caddy,Volkswagen,2019,251250,Dizel,Ročni,102,14999,Pravna oseba
Volvo XC40,Volvo,2019,231000,Dizel,Avtomatski,150,14500,Pravna oseba
Volkswagen Golf,Volkswagen,2022,117000,Dizel,Ročni,116,16990,Pravna oseba
Suzuki Ignis,Suzuki,2023,54000,Bencin,Ročni,83,14490,Pravna oseba
Volkswagen T-Roc,Volkswagen,2022,145000,Dizel,Avtomatski,150,18990,Pravna oseba
Opel Mokka,Opel,2014,162420,Bencin,Ročni,140,6950,Pravna oseba
Volkswagen Sharan,Volkswagen,2020,195100,Dizel,Avtomatski,150,,Pravna oseba
Opel Zafira,Opel,2013,236299,Dizel,Ročni,110,4990,Pravna oseba
Citroën C4,Citroën,2021,66869,Bencin,Ročni,131,11990,Pravna oseba
Opel Mokka,Opel,2013,186149,Dizel,Ročni,131,7450,Pravna oseba
Volkswagen Passat,Volkswagen,2020,174216,Dizel,Avtomatski,120,,Pravna oseba
Volkswagen Golf,Volkswagen,2014,198374,Bencin,Ročni,220,13990,Pravna oseba
Volkswagen Golf,Volkswagen,2018,181402,Bencin,Avtomatski,230,,Pravna oseba
Škoda Octavia,Škoda,2015,292731,Dizel,Avtomatski,110,5990,Pravna oseba
Citroën DS3,Citroën,2011,214213,Bencin,Ročni,156,,Pravna oseba
Peugeot 5008,Peugeot,2025,21992,Dizel,Avtomatski,131,,Pravna oseba
Škoda Octavia,Škoda,2020,158160,Bencin,Ročni,110,13750,Pravna oseba
Ford Ranger,Ford,2021,124252,Dizel,Avtomatski,212,,Pravna oseba
Seat Altea XL,Seat,2015,216930,Bencin,Ročni,105,4900,Pravna oseba
Volkswagen Golf,Volkswagen,1982,86744,Bencin,Ročni,65,4990,Pravna oseba
Volkswagen Golf,Volkswagen,2022,134000,Dizel,Ročni,116,15990,Pravna oseba
Renault Clio,Renault,2011,106555,Bencin,Ročni,75,,Pravna oseba
Volkswagen Sharan,Volkswagen,2014,262116,Dizel,Ročni,177,8850,Pravna oseba
Peugeot 308,Peugeot,2023,150844,Dizel,Avtomatski,131,12990,Pravna oseba
Citroën C4,Citroën,2021,190823,Dizel,Avtomatski,131,11950,Pravna oseba
Mercedes-Benz A-Razred,Mercedes-Benz,2014,105269,Bencin,Avtomatski,360,,Pravna oseba
Volkswagen T-Roc,Volkswagen,2019,168496,Dizel,Ročni,116,,Pravna oseba
Audi Q2,Audi,2024,23036,Bencin,Ročni,110,21550,Pravna oseba
Peugeot 208,Peugeot,2016,140200,Bencin,Ročni,110,6450,Pravna oseba
Audi A4,Audi,2019,294528,Dizel,Avtomatski,150,13750,Pravna oseba
Renault Scénic,Renault,2014,197893,Dizel,Ročni,110,,Pravna oseba
Citroën C4 Cactus,Citroën,2019,149875,Bencin,Ročni,110,6450,Pravna oseba
Volkswagen Golf,Volkswagen,2013,260654,Dizel,Ročni,150,9350,Pravna oseba
Fiat Panda,Fiat,2022,119312,Bencin,Ročni,69,10850,Pravna oseba
Alfa Romeo Stelvio,Alfa,2017,178441,Dizel,Avtomatski,179,14990,Pravna oseba
Fiat Freemont,Fiat,2014,251132,Dizel,Avtomatski,170,6950,Pravna oseba
Volkswagen Passat,Volkswagen,2018,161622,Dizel,Avtomatski,150,15990,Pravna oseba
MINI Countryman,MINI,2013,192351,Bencin,Avtomatski,218,9990,Pravna oseba
Volkswagen Golf,Volkswagen,2014,242014,Dizel,Ročni,150,9450,Pravna oseba
Renault Kadjar,Renault,2017,73101,Dizel,Ročni,110,11850,Pravna oseba
Volkswagen Tiguan,Volkswagen,2014,214984,Dizel,Ročni,140,10990,Pravna oseba
Peugeot 3008,Peugeot,2012,251199,Dizel,Ročni,111,,Pravna oseba
Nissan Juke,Nissan,2011,210629,Dizel,Ročni,110,4490,Pravna oseba
Mercedes-Benz A-Razred,Mercedes-Benz,2021,188092,Dizel,Avtomatski,116,17450,Pravna oseba
Škoda Scala,Škoda,2022,168230,Bencin,Ročni,110,12850,Pravna oseba
Škoda Karoq,Škoda,2021,168490,Bencin,Ročni,110,13990,Pravna oseba
Renault Mégane,Renault,2014,158265,Bencin,Ročni,116,4990,Pravna oseba
Hyundai i30 Fastback,Hyundai,2019,62543,Bencin,Ročni,275,21950,Pravna oseba
Renault Clio,Renault,2026,133,Bencin,Avtomatski,109,23990,Pravna oseba
Ford Fiesta,Ford,2019,126804,Dizel,Ročni,86,7999,Pravna oseba
Opel Mokka,Opel,2016,106989,Dizel,Ročni,136,8450,Pravna oseba
Volkswagen Passat,Volkswagen,2020,265069,Dizel,Avtomatski,190,10950,Pravna oseba
Dacia Sandero,Dacia,2019,73441,Bencin,Ročni,90,7990,Pravna oseba
KIA Ceed,KIA,2015,202897,Dizel,Ročni,128,5690,Pravna oseba
Peugeot 308,Peugeot,2022,159423,Bencin,Ročni,110,9990,Pravna oseba
Audi A6,Audi,2013,295797,Dizel,Ročni,204,8850,Pravna oseba
Fiat Punto,Fiat,2008,279441,Bencin,Ročni,75,1299,Pravna oseba
Renault Scénic,Renault,2014,290894,Dizel,Ročni,131,3990,Pravna oseba
Audi Q2,Audi,2017,180121,Dizel,Avtomatski,150,,Pravna oseba
Renault Captur,Renault,2021,146124,Dizel,Ročni,95,,Pravna oseba
BMW Serija 3,BMW,2017,255773,Dizel,Avtomatski,136,,Pravna oseba
Škoda Octavia,Škoda,2017,286835,Dizel,Ročni,90,,Pravna oseba
Volkswagen Golf,Volkswagen,2016,209848,Dizel,Ročni,110,10950,Pravna oseba
Renault Twingo,Renault,2017,83897,Bencin,Ročni,69,5950,Pravna oseba
Volkswagen Touran,Volkswagen,2016,266538,Dizel,Ročni,110,8450,Pravna oseba
Audi A4,Audi,2023,89990,Dizel,Avtomatski,204,,Pravna oseba
Renault Captur,Renault,2018,99242,Bencin,Ročni,90,9990,Pravna oseba
Volkswagen Arteon Shooting Brake,Volkswagen,2023,82184,Dizel,Avtomatski,150,25780,Pravna oseba
BMW Serija 5,BMW,2014,299855,Dizel,Ročni,190,8450,Pravna oseba
BMW Serija 1,BMW,2019,231553,Bencin,Ročni,109,,Pravna oseba
Audi A3,Audi,2013,320885,Dizel,Ročni,105,6450,Pravna oseba
Mercedes-Benz E-Razred,Mercedes-Benz,2022,21628,Bencin,Avtomatski,258,,Pravna oseba
Škoda Octavia,Škoda,2018,141978,Dizel,Avtomatski,150,13250,Pravna oseba
Toyota Avensis,Toyota,2016,215089,Dizel,Ročni,111,7790,Pravna oseba
Ford C-MAX,Ford,2015,276524,Dizel,Avtomatski,116,3990,Pravna oseba
Renault Laguna,Renault,2006,258680,Dizel,Ročni,120,,Pravna oseba
Suzuki Jimny,Suzuki,2017,141222,Bencin,Ročni,86,,Pravna oseba
Mercedes-Benz A-Razred,Mercedes-Benz,2021,113053,Dizel,Avtomatski,116,19990,Pravna oseba
Mercedes-Benz A-Razred,Mercedes-Benz,2022,47565,Bencin,Avtomatski,163,24850,Pravna oseba
Dacia Duster,Dacia,2013,299522,Dizel,Ročni,110,4990,Pravna oseba
Opel Zafira,Opel,2012,299588,Dizel,Ročni,125,2350,Pravna oseba
Mercedes-Benz GLB-Razred,Mercedes-Benz,2021,138598,Dizel,Avtomatski,116,,Pravna oseba
BMW Serija 3,BMW,2013,319486,Dizel,Avtomatski,143,4980,Pravna oseba
KIA Sportage,KIA,2020,198000,Dizel,Ročni,116,11850,Pravna oseba
Volkswagen Transporter,Volkswagen,2007,311378,Dizel,Avtomatski,131,3990,Pravna oseba
Opel Movano,Opel,2024,45554,Dizel,Ročni,140,24990,Pravna oseba
Volkswagen Tiguan,Volkswagen,2018,169000,Bencin,Ročni,125,15898,Pravna oseba
Volkswagen Caddy,Volkswagen,2017,184700,Dizel,Avtomatski,150,13990,Pravna oseba
Mercedes-Benz E-Razred,Mercedes-Benz,2025,12216,Hibrid,Avtomatski,585,83990,Pravna oseba
Volkswagen Passat,Volkswagen,2015,308000,Dizel,Avtomatski,150,9990,Pravna oseba
BMW serija 2 Gran Tourer:,BMW,2017,290000,Dizel,Ročni,116,5999,Pravna oseba
BMW serija 1:,BMW,2020,99930,Bencin,Avtomatski,306,31999,Pravna oseba
BMW serija 1:,BMW,2016,240045,Dizel,Ročni,116,9999,Pravna oseba
Renault Scénic,Renault,2010,266590,Dizel,Ročni,106,,Pravna oseba
Mercedes-Benz B-Razred,Mercedes-Benz,2021,108400,Dizel,Avtomatski,116,19599,Pravna oseba
Audi A4 Avant,Audi,2016,250920,Dizel,Avtomatski,190,15999,Pravna oseba
BMW Serija 3,BMW,2025,11885,Bencin,Avtomatski,245,49990,Pravna oseba
Škoda Octavia,Škoda,2023,112610,Dizel,Avtomatski,150,18980,Pravna oseba
Audi Q7,Audi,2020,179899,Hibrid,Avtomatski,340,,Pravna oseba
Fiat 500,Fiat,2023,19030,Bencin,Ročni,69,,Pravna oseba
BMW serija X1:,BMW,2022,149900,Dizel,Ročni,116,16588,Pravna oseba
Volkswagen Tiguan,Volkswagen,2020,150000,Dizel,Avtomatski,150,17500,Pravna oseba
SsangYong Tivoli,SsangYong,2020,1,Bencin,Ročni,163,Cena po dogovoru,Pravna oseba
Volkswagen Sharan,Volkswagen,2006,336626,Dizel,Ročni,140,1349,Pravna oseba
KIA XCeed,KIA,2025,10692,Bencin,Ročni,140,22490,Pravna oseba
BMW Serija 3,BMW,2021,92121,Hibrid,Avtomatski,163,21900,Pravna oseba
Škoda Octavia,Škoda,2017,238000,Dizel,Ročni,116,9850,Pravna oseba
Volkswagen Tiguan,Volkswagen,2014,192000,Dizel,Ročni,110,9850,Pravna oseba
Audi A5,Audi,2021,159456,Bencin,Avtomatski,150,21900,Pravna oseba
Volkswagen Arteon,Volkswagen,2019,218000,Dizel,Avtomatski,150,17850,Pravna oseba
Volkswagen Arteon,Volkswagen,2018,198000,Dizel,Avtomatski,150,20850,Pravna oseba
Opel Mokka,Opel,2016,160000,Dizel,Ročni,110,7950,Pravna oseba
Mercedes-Benz C-Razred,Mercedes-Benz,2019,209000,Dizel,Avtomatski,194,16950,Pravna oseba
Mercedes-Benz C-Razred,Mercedes-Benz,2018,256000,Dizel,Avtomatski,204,16950,Pravna oseba
Mercedes-Benz GLB-Razred,Mercedes-Benz,2021,144418,Dizel,Avtomatski,150,23990,Pravna oseba
Volkswagen Passat Variant,Volkswagen,2011,230949,Dizel,Ročni,105,4999,Pravna oseba
BMW Serija 2,BMW,2023,152241,Dizel,Avtomatski,150,18750,Pravna oseba
Volkswagen T-Roc,Volkswagen,2022,31298,Bencin,Avtomatski,150,23500,Pravna oseba
Citroën C3 Aircross,Citroën,2024,27325,Bencin,Ročni,110,,Pravna oseba
Volvo XC60,Volvo,2016,249000,Dizel,Avtomatski,190,11500,Pravna oseba
Ford Mondeo,Ford,2015,229000,Dizel,Avtomatski,150,4500,Pravna oseba
Citroën C5 Aircross,Citroën,2022,124000,Dizel,Avtomatski,131,13999,Pravna oseba
Seat Arona,Seat,2022,138795,Bencin,Ročni,110,11495,Pravna oseba
Renault Clio,Renault,2021,147000,Bencin,Ročni,91,8980,Pravna oseba
BMW X1,BMW,2021,155000,Dizel,Avtomatski,150,17300,Pravna oseba
BMW Serija 3,BMW,2022,150000,Dizel,Avtomatski,190,17999,Pravna oseba
BMW Serija 3,BMW,2022,122000,Dizel,Avtomatski,150,18500,Pravna oseba
Mercedes-Benz CLA-Razred,Mercedes-Benz,2018,245000,Dizel,Avtomatski,177,11500,Pravna oseba
Volkswagen Passat,Volkswagen,2020,178000,Dizel,Avtomatski,150,14590,Pravna oseba
Mercedes-Benz GLB-Razred,Mercedes-Benz,2022,139500,Dizel,Avtomatski,150,26999,Pravna oseba
Hyundai i30,Hyundai,2021,44755,Bencin,Ročni,280,27490,Pravna oseba
Škoda Superb,Škoda,2016,282000,Dizel,Avtomatski,150,11990,Pravna oseba
Ford Fiesta,Ford,2009,177000,Bencin,Ročni,82,2750,Pravna oseba
Mazda Mazda3,Mazda,2021,66035,Bencin,Avtomatski,122,18499,Pravna oseba
Škoda Karoq,Škoda,2022,114400,Bencin,Avtomatski,150,18899,Pravna oseba
Škoda Superb,Škoda,2022,150000,Dizel,Avtomatski,150,21499,Pravna oseba
Changan CS75 Plus,Changan,,,Bencin,Avtomatski,181,,Pravna oseba
Mazda CX-30,Mazda,2021,85751,Bencin,Avtomatski,122,,Pravna oseba
Volvo XC40,Volvo,2022,66293,Bencin,Avtomatski,163,25699,Pravna oseba
Ford S-MAX,Ford,2020,149347,Dizel,Avtomatski,150,15999,Pravna oseba
Volvo XC40,Volvo,2020,113738,Dizel,Ročni,150,,Pravna oseba
Volkswagen Arteon,Volkswagen,2021,122336,Dizel,Avtomatski,150,,Pravna oseba
Hyundai Tucson,Hyundai,2023,108690,Dizel,Avtomatski,136,21199,Pravna oseba
Hyundai Tucson,Hyundai,2021,117010,Dizel,Avtomatski,136,,Pravna oseba
Volvo V60,Volvo,2021,118661,Dizel,Avtomatski,197,20699,Pravna oseba
Hyundai Tucson,Hyundai,2022,85390,Dizel,Avtomatski,136,26199,Pravna oseba
Peugeot 5008,Peugeot,2020,146396,Dizel,Avtomatski,177,,Pravna oseba
Volvo XC60,Volvo,2023,83900,Dizel,Avtomatski,197,37499,Pravna oseba
Volvo XC60,Volvo,2022,56087,Dizel,Avtomatski,197,38999,Pravna oseba
Volvo V60,Volvo,2021,118254,Dizel,Ročni,150,18699,Pravna oseba
Mercedes-Benz C-Razred,Mercedes-Benz,2019,111700,Dizel,Avtomatski,122,21999,Pravna oseba
Škoda Superb,Škoda,2022,110480,Dizel,Avtomatski,200,25199,Pravna oseba
Škoda Octavia,Škoda,2021,126259,Dizel,Avtomatski,150,19999,Pravna oseba
BMW Serija 2,BMW,2015,175163,Dizel,Avtomatski,150,,Pravna oseba
Suzuki Vitara,Suzuki,2023,72584,Bencin,Ročni,129,,Pravna oseba
KIA Sportage,KIA,2022,114815,Dizel,Avtomatski,136,,Pravna oseba
Volkswagen Passat,Volkswagen,2020,143654,Dizel,Ročni,150,16599,Pravna oseba
Volkswagen Arteon,Volkswagen,2021,125000,Dizel,Avtomatski,150,,Pravna oseba
Škoda Superb,Škoda,2021,157874,Dizel,Avtomatski,200,,Pravna oseba
Opel Insignia,Opel,2020,87072,Dizel,Ročni,122,,Pravna oseba
Renault Espace,Renault,2023,143162,Dizel,Avtomatski,160,21999,Pravna oseba
Mercedes-Benz C-Razred,Mercedes-Benz,2023,116143,Dizel,Avtomatski,163,25900,Pravna oseba
KIA Sportage,KIA,2022,94020,Dizel,Ročni,136,,Pravna oseba
Škoda Kodiaq,Škoda,2023,119915,Bencin,Avtomatski,150,26599,Pravna oseba
Hyundai Tucson,Hyundai,2022,130643,Dizel,Avtomatski,136,19999,Pravna oseba
Seat Leon,Seat,2022,51530,Dizel,Ročni,116,19799,Pravna oseba
Mercedes-Benz SL-Razred,Mercedes-Benz,2023,29964,Bencin,Avtomatski,585,,Pravna oseba
Peugeot 508,Peugeot,2021,97718,Dizel,Avtomatski,131,,Pravna oseba
Volkswagen Tiguan,Volkswagen,2022,99800,Dizel,Ročni,150,23799,Pravna oseba
Hyundai i30 Wagon,Hyundai,2021,139126,Dizel,Ročni,116,,Pravna oseba
Suzuki Vitara,Suzuki,2023,70226,Bencin,Ročni,129,,Pravna oseba
Changan CS75 Plus,Changan,,,Bencin,Avtomatski,181,,Pravna oseba
Mercedes-Benz A-Razred,Mercedes-Benz,2008,154000,Bencin,Ročni,95,2850,Pravna oseba
Peugeot 3008,Peugeot,2021,90679,Dizel,Ročni,131,16699,Pravna oseba
Škoda Superb,Škoda,2022,147140,Dizel,Avtomatski,150,,Pravna oseba
Suzuki Vitara,Suzuki,2023,51190,Bencin,Ročni,129,17399,Pravna oseba
Škoda Octavia,Škoda,2020,146913,Dizel,Avtomatski,150,14599,Pravna oseba
Volkswagen Arteon,Volkswagen,2022,127100,Dizel,Avtomatski,150,28499,Pravna oseba
Renault Espace,Renault,2019,133145,Dizel,Avtomatski,160,17999,Pravna oseba
Škoda Karoq,Škoda,2024,90900,Bencin,Avtomatski,150,23499,Pravna oseba
Volvo XC90,Volvo,2022,93905,Dizel,Avtomatski,235,38990,Pravna oseba
Peugeot 3008,Peugeot,2021,88004,Dizel,Avtomatski,131,18899,Pravna oseba
Peugeot 5008,Peugeot,2022,159000,Dizel,Avtomatski,177,22490,Pravna oseba
Changan CS55 Plus,Changan,,,Bencin,Avtomatski,181,,Pravna oseba
Škoda Kodiaq,Škoda,2022,113700,Dizel,Avtomatski,200,28899,Pravna oseba
Volvo V60,Volvo,2019,137375,Dizel,Ročni,150,16399,Pravna oseba
Volkswagen Passat,Volkswagen,2021,159999,Dizel,Avtomatski,150,17399,Pravna oseba
Mercedes-Benz S-Razred,Mercedes-Benz,,,Dizel,Avtomatski,313,201499,Pravna oseba
Changan CS55 Plus,Changan,,,Bencin,Avtomatski,181,,Pravna oseba
Suzuki Vitara,Suzuki,2022,85058,Bencin,Avtomatski,116,,Pravna oseba
Volkswagen Passat,Volkswagen,2008,231560,Dizel,Ročni,140,,Pravna oseba
Changan Deepal S05,Changan,2026,12000,,Avtomatski,272,43990,Pravna oseba
Mazda CX-30,Mazda,2022,70285,Bencin,Avtomatski,122,20399,Pravna oseba
BMW Serija 4,BMW,2022,59876,Bencin,Avtomatski,184,35999,Pravna oseba
Hyundai Tucson,Hyundai,2022,112886,Dizel,Avtomatski,136,20799,Pravna oseba
Mercedes-Benz S-Razred,Mercedes-Benz,,,Dizel,Avtomatski,313,199000,Pravna oseba
Seat Leon,Seat,2020,45807,Bencin,Ročni,110,15000,Pravna oseba
BMW X6,BMW,2022,95890,Dizel,Avtomatski,340,,Pravna oseba
BMW Serija 7,BMW,2024,46011,Dizel,Avtomatski,299,,Pravna oseba
BMW M3,BMW,2024,4127,Bencin,Avtomatski,551,173600,Pravna oseba
Mercedes-Benz SL-Razred,Mercedes-Benz,1984,118779,Bencin,Avtomatski,185,19999,Pravna oseba
Mercedes-Benz G-Razred,Mercedes-Benz,,,Bencin,Avtomatski,585,304990,Pravna oseba
Porsche 911,Porsche,2021,29478,Bencin,Avtomatski,385,,Pravna oseba
Opel Zafira,Opel,,,Dizel,Avtomatski,179,34159,Pravna oseba
Opel Mokka,Opel,,,Bencin,Avtomatski,131,23999,Pravna oseba
Nissan X-Trail,Nissan,2020,149000,Dizel,Avtomatski,150,16999,Pravna oseba
Citroën C4,Citroën,2016,121000,Bencin,Ročni,131,4999,Pravna oseba
Opel Astra,Opel,2012,172915,Dizel,Ročni,110,2999,Pravna oseba
Tesla Model Y,Tesla,2024,28335,,Avtomatski,351,39999,Pravna oseba
Opel Corsa,Opel,2009,206000,Bencin,Ročni,80,499,Pravna oseba
Opel Crossland,Opel,2023,44902,Bencin,Ročni,110,11499,Pravna oseba
Opel Frontera,Opel,,,,Avtomatski,113,29499,Pravna oseba
Dacia Sandero,Dacia,2020,101268,Bencin,Ročni,73,6599,Pravna oseba
BMW serija 2 Gran Coupe:,BMW,2022,98059,Bencin,Ročni,136,18999,Pravna oseba
Citroën C3,Citroën,2022,45936,Bencin,Ročni,83,9499,Pravna oseba
Peugeot 2008,Peugeot,2022,48293,Bencin,Ročni,101,12999,Pravna oseba
Peugeot 3008,Peugeot,2022,87803,Dizel,Avtomatski,131,16999,Pravna oseba
Volkswagen Golf,Volkswagen,2022,127000,Dizel,Avtomatski,116,14999,Pravna oseba
Nissan Juke,Nissan,2022,79511,Bencin,Ročni,114,13999,Pravna oseba
Opel Grandland X,Opel,2020,119854,Bencin,Ročni,131,10999,Pravna oseba
Opel Meriva,Opel,2010,159591,Bencin,Ročni,120,3499,Pravna oseba
Opel Astra,Opel,2015,287504,Dizel,Ročni,136,2999,Pravna oseba
Opel Corsa,Opel,2018,58998,Bencin,Ročni,150,9499,Pravna oseba
KIA Sportage,KIA,2021,39375,Dizel,Ročni,136,17499,Pravna oseba
Opel Insignia,Opel,2011,362000,Dizel,Ročni,160,1499,Pravna oseba
Opel Zafira,Opel,2015,81368,Dizel,Ročni,131,9999,Pravna oseba
Opel Meriva,Opel,2005,177579,Bencin,Ročni,90,359,Pravna oseba
Opel Astra,Opel,2017,105000,Bencin,Ročni,150,9999,Pravna oseba
Opel Zafira,Opel,,,Dizel,Avtomatski,179,35999,Pravna oseba
Citroën Berlingo,Citroën,2017,168000,Dizel,Ročni,99,8999,Pravna oseba
Volkswagen Passat,Volkswagen,2022,175958,Dizel,Avtomatski,122,15999,Pravna oseba
Opel Astra,Opel,2017,215000,Dizel,Ročni,110,5899,Pravna oseba
Ford Mondeo,Ford,2010,316000,Dizel,Ročni,163,1759,Pravna oseba
Renault Clio,Renault,2019,73179,Bencin,Ročni,76,7990,Pravna oseba
Nissan Qashqai,Nissan,2019,65000,Bencin,Ročni,140,14999,Pravna oseba
Opel Corsa,Opel,2013,96000,Bencin,Ročni,101,3999,Pravna oseba
Opel Crossland,Opel,2024,16000,Bencin,Ročni,110,14799,Pravna oseba
Mercedes-Benz C-Razred,Mercedes-Benz,2016,257000,Dizel,Ročni,136,9999,Pravna oseba
Opel Crossland,Opel,2023,15000,Bencin,Ročni,110,12599,Pravna oseba
BMW Serija 2,BMW,2018,232000,Dizel,Ročni,150,7499,Pravna oseba
Opel Corsa,Opel,,,Bencin,Ročni,101,Cena po dogovoru,Pravna oseba
Opel Astra,Opel,2016,35285,Bencin,Ročni,150,12999,Pravna oseba
BMW X2,BMW,2018,192000,Dizel,Avtomatski,190,15999,Pravna oseba
Opel Corsa,Opel,,,Bencin,Ročni,101,15979,Pravna oseba
Opel Corsa,Opel,2016,191025,Dizel,Ročni,75,4799,Pravna oseba
Opel Crossland,Opel,2023,26500,Bencin,Ročni,110,13499,Pravna oseba
Citroën Berlingo,Citroën,2017,189553,Dizel,Avtomatski,99,9999,Pravna oseba
Opel Corsa,Opel,2008,183000,Bencin,Ročni,90,799,Pravna oseba
KIA Ceed,KIA,2010,388000,Dizel,Ročni,116,699,Pravna oseba
Opel Insignia,Opel,2015,48000,Dizel,Avtomatski,163,14999,Pravna oseba
Opel Insignia,Opel,2015,58000,Dizel,Avtomatski,163,13999,Pravna oseba
Opel Insignia,Opel,2015,24000,Dizel,Ročni,140,11999,Pravna oseba
Mercedes-Benz ML-Razred,Mercedes-Benz,2013,320000,Dizel,Avtomatski,258,14999,Pravna oseba
Opel Crossland,Opel,2023,15777,Bencin,Ročni,110,12999,Pravna oseba
Opel Cascada,Opel,2014,99000,Bencin,Ročni,140,10999,Pravna oseba
Volkswagen Passat,Volkswagen,2009,303707,Dizel,Ročni,140,3990,Pravna oseba
Opel Antara,Opel,2009,181000,Dizel,Ročni,150,3599,Pravna oseba
Peugeot 2008,Peugeot,2016,41000,Bencin,Ročni,82,4599,Pravna oseba
Volkswagen Passat,Volkswagen,2023,164000,Dizel,Avtomatski,150,16999,Pravna oseba
Opel Crossland,Opel,2019,59000,Bencin,Avtomatski,110,10999,Pravna oseba
Opel Crossland,Opel,2023,17800,Bencin,Ročni,110,15999,Pravna oseba
Mercedes-Benz CLK-Razred,Mercedes-Benz,2009,398000,Dizel,Avtomatski,150,4999,Pravna oseba
Opel Zafira,Opel,,,Dizel,Avtomatski,179,35999,Pravna oseba
Opel Astra,Opel,2023,86813,Bencin,Ročni,110,14999,Pravna oseba
Opel Grandland,Opel,,,Bencin,Avtomatski,136,30999,Pravna oseba
Opel Mokka,Opel,,,Bencin,Avtomatski,131,24599,Pravna oseba
Citroën C4,Citroën,2022,62000,,Avtomatski,136,15999,Pravna oseba
BMW X4,BMW,2018,139000,Dizel,Avtomatski,190,22999,Pravna oseba
Opel Astra,Opel,,,Bencin,Avtomatski,136,29999,Pravna oseba
Opel Mokka,Opel,,,Bencin,Avtomatski,131,23999,Pravna oseba
Opel Astra,Opel,2018,77543,Bencin,Ročni,125,8999,Pravna oseba
Opel Grandland,Opel,2022,58030,Bencin,Ročni,131,16799,Pravna oseba
Volkswagen Eos,Volkswagen,2007,181000,Bencin,Ročni,116,1199,Pravna oseba
Jaguar F-PACE,Jaguar,2018,177000,Dizel,Ročni,163,14999,Pravna oseba
Opel Mokka,Opel,,,Bencin,Ročni,136,19999,Pravna oseba
Opel Mokka,Opel,2017,268000,Bencin,Ročni,140,6999,Pravna oseba
Škoda Superb,Škoda,2023,108000,Dizel,Avtomatski,150,20999,Pravna oseba
Mercedes-Benz E-Razred,Mercedes-Benz,2003,495000,Dizel,Avtomatski,122,1499,Pravna oseba
BMW Serija 1,BMW,2022,108105,Dizel,Ročni,116,15999,Pravna oseba
Audi Q5,Audi,2020,116000,Dizel,Avtomatski,190,29999,Pravna oseba
Citroën C3,Citroën,2021,99900,Bencin,Ročni,83,7999,Pravna oseba
Opel Combo,Opel,,,Dizel,Ročni,102,24399,Pravna oseba
Opel Astra,Opel,2019,116000,Dizel,Ročni,110,11499,Pravna oseba
Ford Mondeo,Ford,2016,299000,Dizel,Avtomatski,150,5999,Pravna oseba
Tesla Model 3,Tesla,2023,80500,,Avtomatski,283,37999,Pravna oseba
BMW X1,BMW,2013,262000,Dizel,Ročni,143,8399,Pravna oseba
Opel Insignia,Opel,2016,118000,Dizel,Ročni,136,8999,Pravna oseba
Opel Mokka,Opel,2017,115848,Bencin,Ročni,140,11999,Pravna oseba
Opel Mokka,Opel,2019,124101,Dizel,Avtomatski,136,12799,Pravna oseba
Opel Crossland,Opel,2023,11235,Bencin,Ročni,110,13999,Pravna oseba
Opel Corsa,Opel,2023,52194,Bencin,Ročni,101,12499,Pravna oseba
Opel Corsa,Opel,2022,25710,Bencin,Ročni,75,12499,Pravna oseba
Opel Astra,Opel,2019,185000,Dizel,Ročni,136,9999,Pravna oseba
Opel Astra,Opel,2019,151000,Dizel,Ročni,110,9999,Pravna oseba
Opel Crossland,Opel,2023,19711,Bencin,Ročni,110,13999,Pravna oseba
Opel Mokka,Opel,2013,303000,Dizel,Ročni,131,4399,Pravna oseba
Volkswagen Tiguan,Volkswagen,2010,195460,Dizel,Ročni,140,8950,Pravna oseba
Opel Mokka,Opel,2023,42000,Bencin,Avtomatski,131,17999,Pravna oseba
Opel Zafira,Opel,2015,65000,Dizel,Avtomatski,131,12999,Pravna oseba
Lexus UX,Lexus,2019,68299,Hibrid,Avtomatski,184,22999,Pravna oseba
Opel Crossland,Opel,2023,35062,Bencin,Ročni,110,14999,Pravna oseba
Opel Grandland,Opel,,,Bencin,Avtomatski,145,32999,Pravna oseba
Land Rover Range Rover Evoque,Land,2018,93000,Dizel,Avtomatski,150,19999,Pravna oseba
Opel Zafira,Opel,2015,33000,Dizel,Ročni,131,14999,Pravna oseba
Opel Zafira,Opel,2015,21000,Dizel,Avtomatski,131,15999,Pravna oseba
Tesla Model 3,Tesla,2023,59000,,Avtomatski,464,39999,Pravna oseba
Tesla Model Y,Tesla,,,,Avtomatski,514,57999,Pravna oseba
Ford Transit Custom,Ford,,28967,Dizel,Ročni,150,36990,Pravna oseba
Land Rover Discovery,Land,2019,70140,Dizel,Avtomatski,306,35550,Pravna oseba
Renault Talisman,Renault,2018,199600,Dizel,Avtomatski,131,9990,Pravna oseba
Volkswagen T-Roc,Volkswagen,2019,109975,Bencin,Ročni,116,13990,Pravna oseba
Mercedes-Benz E-Razred,Mercedes-Benz,2019,91000,Dizel,Avtomatski,245,,Pravna oseba
Mazda Mazda6,Mazda,2023,91000,Bencin,Avtomatski,165,,Pravna oseba
Mercedes-Benz E-Razred,Mercedes-Benz,2025,15800,Dizel,Avtomatski,197,,Pravna oseba
Land Rover Range Rover Sport,Land,2024,82275,Dizel,Avtomatski,300,74880,Pravna oseba
KIA Stonic,KIA,2023,105000,Bencin,Ročni,101,,Pravna oseba
Suzuki Vitara,Suzuki,2017,182000,Bencin,Ročni,120,,Pravna oseba
Citroën C5 Aircross,Citroën,2021,85000,Bencin,Ročni,131,12980,Pravna oseba
Hyundai S-Coupé,Hyundai,1993,109800,Bencin,Ročni,116,3750,Fizična oseba
Volkswagen Tiguan,Volkswagen,2025,19351,Bencin,Avtomatski,131,29780,Pravna oseba
Mercedes-Benz GLC-Razred,Mercedes-Benz,2026,6,Dizel,Avtomatski,163,59988,Pravna oseba
Peugeot 5008,Peugeot,2021,117897,Bencin,Ročni,131,,Pravna oseba
Peugeot 3008,Peugeot,2025,10683,Bencin,Avtomatski,136,27488,Pravna oseba
Peugeot 3008,Peugeot,2024,28032,Bencin,Avtomatski,145,26488,Pravna oseba
Peugeot 308,Peugeot,2022,157727,Dizel,Avtomatski,131,13988,Pravna oseba
Peugeot 308,Peugeot,2026,706,Dizel,Avtomatski,131,24988,Pravna oseba
Peugeot 2008,Peugeot,2026,2457,Bencin,Ročni,101,18488,Pravna oseba
Peugeot 2008,Peugeot,2026,1216,Bencin,Ročni,101,18488,Pravna oseba
Nissan Qashqai,Nissan,2022,62135,Bencin,Ročni,140,16988,Pravna oseba
Fiat Ulysse,Fiat,2025,19111,Dizel,Avtomatski,179,45488,Pravna oseba
Jeep Renegade,Jeep,2026,12115,Bencin,Avtomatski,131,25488,Pravna oseba
Jeep Gladiator,Jeep,2025,17912,Dizel,Avtomatski,264,56488,Pravna oseba
Jeep Wrangler,Jeep,2025,14545,Bencin,Avtomatski,272,58488,Pravna oseba
Jeep Renegade,Jeep,2026,15481,Bencin,Avtomatski,131,23488,Pravna oseba
Jeep Compass,Jeep,2026,12138,Bencin,Avtomatski,144,32488,Pravna oseba
Jeep Compass,Jeep,2026,3431,Bencin,Avtomatski,131,26488,Pravna oseba
Jeep Avenger,Jeep,2025,12354,Bencin,Avtomatski,110,19988,Pravna oseba
Fiat Grande Panda,Fiat,2026,1025,Bencin,Avtomatski,110,18488,Pravna oseba
Fiat Grande Panda,Fiat,2026,2166,Bencin,Avtomatski,110,18488,Pravna oseba
Ford C-MAX,Ford,2018,125964,Bencin,Ročni,125,,Pravna oseba
Mercedes-Benz GLE coupe,Mercedes-Benz,2022,58000,Dizel,Avtomatski,330,74990,Pravna oseba
KIA Sportage,KIA,2022,132000,Dizel,Avtomatski,136,22890,Pravna oseba
BMW serija 4 Gran Coupe:,BMW,2022,83000,Dizel,Avtomatski,190,39890,Pravna oseba
Audi A6 Avant,Audi,2019,177950,Dizel,Avtomatski,286,21995,Pravna oseba
Volkswagen Passat Variant,Volkswagen,2016,230000,Dizel,Avtomatski,190,11490,Pravna oseba
KIA Sportage,KIA,2020,117980,Bencin,Ročni,132,13490,Pravna oseba
KIA Sportage,KIA,2023,106231,Hibrid,Avtomatski,230,24487,Pravna oseba
KIA XCeed,KIA,2024,20351,Bencin,Avtomatski,140,22447,Pravna oseba
Dacia Logan,Dacia,2019,44696,Bencin,Ročni,90,7500,Pravna oseba
Audi Q5,Audi,2014,242000,Dizel,Ročni,150,11850,Pravna oseba
Audi Q5,Audi,2016,168000,Dizel,Avtomatski,190,16950,Pravna oseba
Audi Q5,Audi,2015,219000,Dizel,Avtomatski,190,15850,Pravna oseba
Audi Q3,Audi,2015,203000,Dizel,Avtomatski,150,11950,Pravna oseba
KIA Niro,KIA,,,,Avtomatski,204,32499,Pravna oseba
BMW serija 5:,BMW,2018,192857,Dizel,Avtomatski,190,25490,Pravna oseba
KIA Ceed,KIA,2017,187595,Bencin,Ročni,101,5890,Pravna oseba
BMW serija 3:,BMW,2019,149850,Dizel,Avtomatski,190,21990,Pravna oseba
BMW serija 3 Touring:,BMW,2017,243260,Dizel,Avtomatski,150,10490,Pravna oseba
Citroën C-Crosser,Citroën,2009,225723,Bencin,Avtomatski,170,3490,Pravna oseba
Renault Clio,Renault,2024,79420,Bencin,Ročni,91,12900,Pravna oseba
Renault Clio,Renault,2023,163150,Hibrid,Avtomatski,143,13490,Pravna oseba
BMW serija 3 Gran Turismo:,BMW,2014,348592,Dizel,Avtomatski,184,10490,Pravna oseba
Volkswagen Golf,Volkswagen,2020,236283,Dizel,Avtomatski,150,15490,Pravna oseba
Volvo XC60,Volvo,2021,77323,Dizel,Avtomatski,197,32621,Pravna oseba
BMW i4,BMW,2025,3421,,Avtomatski,340,45990,Pravna oseba
Volkswagen Transporter,Volkswagen,2014,320000,Dizel,Ročni,102,10990,Pravna oseba
Opel Mokka,Opel,2022,51330,Bencin,Ročni,131,,Pravna oseba
BMW serija 5:,BMW,2014,293000,Dizel,Avtomatski,218,12490,Pravna oseba
Volvo V90,Volvo,2016,275800,Dizel,Avtomatski,190,10990,Pravna oseba
Volvo XC90,Volvo,2017,319491,Dizel,Avtomatski,235,14990,Pravna oseba
Porsche Panamera,Porsche,2018,86500,Bencin,Avtomatski,549,78800,Pravna oseba
BMW serija 3 Touring:,BMW,2019,149900,Dizel,Avtomatski,150,14490,Pravna oseba
Citroën C3,Citroën,2023,47755,Bencin,Ročni,110,11200,Pravna oseba
KIA Sportage,KIA,2022,1,Bencin,Ročni,150,Cena po dogovoru,Pravna oseba
Mercedes-Benz B-Razred,Mercedes-Benz,2017,179800,Dizel,Ročni,109,10899,Pravna oseba
Citroën C3,Citroën,2022,79374,Bencin,Ročni,83,8600,Pravna oseba
BMW X4,BMW,2016,197000,Dizel,Avtomatski,190,18990,Pravna oseba
Volkswagen Golf,Volkswagen,2013,164764,Bencin,Ročni,122,,Pravna oseba
Volkswagen Passat,Volkswagen,2021,82620,Dizel,Avtomatski,150,19990,Pravna oseba
BMW serija 4 Gran Coupe:,BMW,2019,171000,Dizel,Ročni,136,14987,Pravna oseba
BMW Serija 3,BMW,2025,22790,Dizel,Avtomatski,286,51990,Pravna oseba
Opel Zafira,Opel,2011,228541,Dizel,Ročni,131,4490,Pravna oseba
Škoda Kodiaq,Škoda,2021,152271,Dizel,Avtomatski,150,21400,Pravna oseba
BMW Serija 1,BMW,2025,60890,Bencin,Avtomatski,156,33890,Pravna oseba
Volvo XC90,Volvo,2026,5000,Hibrid,Avtomatski,455,79999,Pravna oseba
Mercedes-Benz E-Razred,Mercedes-Benz,2022,155000,Dizel,Avtomatski,200,23999,Pravna oseba
Audi A3,Audi,2022,115800,Dizel,Avtomatski,150,24990,Pravna oseba
Audi RS4 Avant,Audi,2018,165000,Bencin,Avtomatski,450,44990,Pravna oseba
BMW X6,BMW,2025,33000,Dizel,Avtomatski,352,89990,Pravna oseba
Audi Q8,Audi,2019,165000,Dizel,Avtomatski,286,51990,Pravna oseba
BMW Serija 3,BMW,2019,123370,Bencin,Avtomatski,258,32490,Pravna oseba
BMW Serija 3,BMW,2023,120000,Dizel,Avtomatski,340,49990,Pravna oseba
BMW Serija 3,BMW,2018,175000,Dizel,Avtomatski,190,14990,Pravna oseba
BMW M3,BMW,2023,64000,Bencin,Avtomatski,510,72950,Pravna oseba
Mercedes-Benz GLS-Razred,Mercedes-Benz,2025,11000,Dizel,Avtomatski,367,124990,Pravna oseba
Porsche 718,Porsche,2018,95000,Bencin,Avtomatski,299,55990,Pravna oseba
BMW Serija 3,BMW,2020,71000,Dizel,Avtomatski,150,24990,Pravna oseba
BMW X5,BMW,2021,59000,Dizel,Avtomatski,286,56990,Pravna oseba
BMW M4,BMW,2015,119000,Bencin,Avtomatski,431,36990,Pravna oseba
Škoda Kodiaq,Škoda,2023,165000,Dizel,Avtomatski,200,29990,Pravna oseba
BMW Serija 5,BMW,2024,22000,Dizel,Avtomatski,197,55990,Pravna oseba
Audi A4,Audi,2020,156000,Dizel,Avtomatski,163,15990,Pravna oseba
Volkswagen Golf,Volkswagen,2021,182000,Bencin,Avtomatski,245,22990,Pravna oseba
Mercedes-Benz E-Razred,Mercedes-Benz,2018,92000,Bencin,Avtomatski,612,55990,Pravna oseba
Porsche Panamera,Porsche,2017,122000,Bencin,Avtomatski,549,67990,Pravna oseba
BMW M4,BMW,2016,109000,Bencin,Avtomatski,431,44990,Pravna oseba
BMW Serija 1,BMW,2018,169700,Dizel,Avtomatski,150,12990,Pravna oseba
Škoda Octavia,Škoda,2017,199999,Dizel,Avtomatski,150,11990,Pravna oseba
Volkswagen Golf,Volkswagen,2017,199999,Dizel,Avtomatski,150,14990,Pravna oseba
BMW X5,BMW,2015,216000,Dizel,Avtomatski,258,22990,Pravna oseba
Mercedes-Benz CLE,Mercedes-Benz,2024,22000,Dizel,Avtomatski,197,54990,Pravna oseba
Mercedes-Benz A-Razred,Mercedes-Benz,2023,147000,Dizel,Avtomatski,116,22990,Pravna oseba
BMW Serija 6,BMW,2017,117000,Bencin,Avtomatski,320,29990,Pravna oseba
Lamborghini Urus,Lamborghini,2022,60000,Bencin,Avtomatski,650,259990,Pravna oseba
BMW serija 4 Cabrio:,BMW,2018,175000,Dizel,Avtomatski,258,25890,Pravna oseba
Mercedes-Benz V-Razred,Mercedes-Benz,2016,317000,Dizel,Avtomatski,190,23990,Pravna oseba
Volkswagen Touareg,Volkswagen,2024,175000,Dizel,Avtomatski,286,46990,Pravna oseba
Audi RS7,Audi,2020,45000,Bencin,Avtomatski,600,99880,Pravna oseba
Volkswagen Golf,Volkswagen,2015,179000,Bencin,Avtomatski,300,17990,Pravna oseba
BMW Serija 7,BMW,2025,14000,Dizel,Avtomatski,286,117990,Pravna oseba
BMW X5,BMW,2021,123000,Bencin,Avtomatski,625,67990,Pravna oseba
BMW M5,BMW,2021,84000,Bencin,Avtomatski,600,74990,Pravna oseba
Audi A6,Audi,2017,230000,Dizel,Avtomatski,218,14990,Pravna oseba
Audi Q8,Audi,2019,133000,Dizel,Avtomatski,286,47990,Pravna oseba
Volkswagen Golf,Volkswagen,2021,141500,Bencin,Avtomatski,245,23990,Pravna oseba
Porsche Cayenne,Porsche,2018,108500,Bencin,Avtomatski,441,51990,Pravna oseba
BMW Serija 5,BMW,2024,29000,Dizel,Avtomatski,197,52700,Pravna oseba
Mercedes-Benz G-Razred,Mercedes-Benz,2025,50000,Dizel,Avtomatski,367,154990,Pravna oseba
Porsche Cayenne,Porsche,2018,178586,Bencin,Avtomatski,340,44990,Pravna oseba
Mercedes-Benz GLE-Razred,Mercedes-Benz,2024,44000,Bencin,Avtomatski,612,134990,Pravna oseba
Škoda Fabia,Škoda,2010,110000,Bencin,Avtomatski,179,7990,Pravna oseba
Audi A4,Audi,2012,256000,Dizel,Ročni,143,7490,Pravna oseba
Škoda Superb,Škoda,2013,318610,Dizel,Avtomatski,140,4999,Pravna oseba
Mercedes-Benz C-Razred,Mercedes-Benz,2018,180111,Dizel,Avtomatski,170,19990,Pravna oseba
Toyota Avensis,Toyota,2008,435750,Dizel,Ročni,150,1250,Pravna oseba
Nissan Qashqai,Nissan,2012,98000,Bencin,Ročni,117,6999,Pravna oseba
MINI Countryman,MINI,2015,180000,Bencin,Ročni,190,13499,Pravna oseba
Škoda Karoq,Škoda,2018,161000,Dizel,Ročni,150,15490,Pravna oseba
Toyota GR Yaris,Toyota,,,Bencin,Ročni,280,48990,Pravna oseba
Land Rover Range Rover Velar,Land,2021,97130,Dizel,Avtomatski,300,39990,Pravna oseba
Mercedes-Benz GLC-Razred,Mercedes-Benz,,,Dizel,Avtomatski,197,,Pravna oseba
Volkswagen Passat,Volkswagen,2016,354231,Dizel,Avtomatski,150,9490,Pravna oseba
Mercedes-Benz A-Razred,Mercedes-Benz,2021,82000,Bencin,Ročni,109,17675,Pravna oseba
Audi A6 Avant,Audi,2016,263000,Dizel,Avtomatski,150,11850,Pravna oseba
Audi A5 Sportback,Audi,2019,230000,Dizel,Avtomatski,190,19850,Pravna oseba
Volkswagen Golf,Volkswagen,2018,131411,Bencin,Ročni,230,17350,Pravna oseba
Audi A4 Avant,Audi,2017,217000,Dizel,Ročni,150,10950,Pravna oseba
Audi A4 Avant,Audi,2016,240000,Dizel,Avtomatski,150,11850,Pravna oseba
Audi A4 Avant,Audi,2021,209000,Dizel,Avtomatski,163,16850,Pravna oseba
Audi A4,Audi,2016,222000,Dizel,Avtomatski,190,14850,Pravna oseba
Citroën C4,Citroën,2017,162000,Dizel,Ročni,150,9950,Pravna oseba
Citroën C4,Citroën,2017,162000,Dizel,Ročni,150,9950,Pravna oseba
Citroën C4,Citroën,2017,162000,Dizel,Ročni,150,9950,Pravna oseba
Audi A6,Audi,2014,245000,Dizel,Ročni,190,12490,Pravna oseba
Volkswagen Passat,Volkswagen,2011,289000,Dizel,Ročni,140,5990,Pravna oseba
Opel Astra,Opel,2017,116000,Bencin,Ročni,125,7990,Pravna oseba
Geely StarRay,Geely,,,Bencin,Avtomatski,174,26990,Pravna oseba
BMW serija 4 Gran Coupe:,BMW,2023,48200,Dizel,Avtomatski,190,44990,Pravna oseba
Audi S7,Audi,2019,142127,Dizel,Avtomatski,349,49990,Pravna oseba
Škoda Superb,Škoda,2022,99700,Dizel,Avtomatski,150,26990,Pravna oseba
Geely EX5,Geely,,,,Avtomatski,218,42990,Pravna oseba
Geely StarRay EM-i,Geely,,,Hibrid,Avtomatski,99,32990,Pravna oseba
KIA XCeed,KIA,2025,5001,Bencin,Avtomatski,150,23449,Pravna oseba
Volkswagen Passat Variant,Volkswagen,2016,240321,Dizel,Avtomatski,150,9990,Pravna oseba
Audi A4,Audi,2015,200800,Dizel,Avtomatski,150,13800,Pravna oseba
Renault Scénic,Renault,2017,175000,Dizel,Ročni,131,11000,Fizična oseba
BMW serija X3:,BMW,2013,107000,Dizel,Avtomatski,143,11850,Pravna oseba
BMW serija X3:,BMW,2013,107000,Dizel,Avtomatski,143,11850,Pravna oseba
Mercedes-Benz ML-Razred,Mercedes-Benz,2013,239650,Dizel,Avtomatski,204,14995,Pravna oseba
Mercedes-Benz A-Razred,Mercedes-Benz,2022,159900,Dizel,Avtomatski,190,23499,Pravna oseba
Škoda Octavia,Škoda,2019,195100,Dizel,Avtomatski,184,16099,Pravna oseba
Volkswagen Touareg,Volkswagen,2020,118599,Bencin,Avtomatski,462,53999,Pravna oseba
Škoda Octavia,Škoda,2022,59000,Bencin,Avtomatski,150,20999,Pravna oseba
Škoda Octavia,Škoda,2022,123550,Bencin,Avtomatski,245,27299,Pravna oseba
Škoda Octavia,Škoda,2022,159320,Dizel,Avtomatski,200,21899,Pravna oseba
Škoda Octavia,Škoda,2023,166600,Dizel,Avtomatski,200,23599,Pravna oseba
Audi A6,Audi,2021,82400,Dizel,Avtomatski,204,39900,Pravna oseba
Hyundai Tucson,Hyundai,2023,145666,Dizel,Avtomatski,136,18200,Pravna oseba
Citroën DS3,Citroën,2018,133824,Bencin,Avtomatski,110,7990,Pravna oseba
Peugeot Traveller,Peugeot,2017,276041,Dizel,Ročni,116,11999,Pravna oseba
Ford Kuga,Ford,2021,86976,Bencin,Ročni,150,,Pravna oseba
Mercedes-Benz GLC-Razred,Mercedes-Benz,2020,48290,Dizel,Avtomatski,163,,Pravna oseba
Mercedes-Benz GLC-Razred,Mercedes-Benz,2020,48290,Dizel,Avtomatski,163,,Pravna oseba
Mercedes-Benz GLA-Razred,Mercedes-Benz,2024,34362,Dizel,Avtomatski,116,,Pravna oseba
Mercedes-Benz C-Razred,Mercedes-Benz,2025,24777,Bencin,Avtomatski,170,,Pravna oseba
Mercedes-Benz GLE-Razred,Mercedes-Benz,2025,14754,Hibrid,Avtomatski,544,,Pravna oseba
Audi A1,Audi,2014,129350,Bencin,Ročni,86,,Pravna oseba
Hyundai Tucson,Hyundai,2023,93426,Bencin,Avtomatski,150,,Pravna oseba
Mercedes-Benz GLC-Razred,Mercedes-Benz,2025,24140,Bencin,Avtomatski,204,,Pravna oseba
Mercedes-Benz EQA,Mercedes-Benz,2025,22872,,Avtomatski,228,,Pravna oseba
Mercedes-Benz GLC-Razred,Mercedes-Benz,2021,98534,Bencin,Avtomatski,258,,Pravna oseba
Hyundai Tucson,Hyundai,,,Hibrid,Avtomatski,288,,Pravna oseba
Mercedes-Benz C-Razred,Mercedes-Benz,2025,17199,Bencin,Avtomatski,204,,Pravna oseba
Mercedes-Benz E-Razred,Mercedes-Benz,2025,12836,Bencin,Avtomatski,204,,Pravna oseba
Hyundai i20,Hyundai,2026,22,Bencin,Ročni,90,15990,Pravna oseba
Mercedes-Benz C-Razred,Mercedes-Benz,2025,8211,Bencin,Avtomatski,170,38450,Pravna oseba
Mercedes-Benz GLC-Razred,Mercedes-Benz,2025,10151,Bencin,Avtomatski,204,,Pravna oseba
Mercedes-Benz GLC-Razred,Mercedes-Benz,2025,10151,Bencin,Avtomatski,204,,Pravna oseba
Mercedes-Benz GLC-Razred,Mercedes-Benz,2017,210352,Dizel,Avtomatski,204,,Pravna oseba
Mercedes-Benz GLB-Razred,Mercedes-Benz,2022,70709,Dizel,Avtomatski,150,28990,Pravna oseba
Volkswagen Golf,Volkswagen,2017,109809,Dizel,Ročni,116,11450,Pravna oseba
Mercedes-Benz C-Razred,Mercedes-Benz,2018,155782,Dizel,Avtomatski,170,,Pravna oseba
BMW X6,BMW,2024,73569,Dizel,Avtomatski,340,,Pravna oseba
Hyundai Kona,Hyundai,,,,Avtomatski,218,,Pravna oseba
Hyundai i30,Hyundai,,,Bencin,Avtomatski,150,,Pravna oseba
Mercedes-Benz GLC-Razred,Mercedes-Benz,2020,145960,Dizel,Avtomatski,163,31690,Pravna oseba
Hyundai Kona,Hyundai,2026,9686,Bencin,Avtomatski,139,,Pravna oseba
Hyundai i20,Hyundai,2021,118953,Bencin,Ročni,101,,Pravna oseba
Jaguar E-PACE,Jaguar,2022,58450,Dizel,Avtomatski,163,,Pravna oseba
Mercedes-Benz C-Razred,Mercedes-Benz,2025,7936,Bencin,Avtomatski,170,,Pravna oseba
Mercedes-Benz GLC-Razred,Mercedes-Benz,2025,9220,Dizel,Avtomatski,269,,Pravna oseba
Mercedes-Benz E-Razred,Mercedes-Benz,2025,14690,Dizel,Avtomatski,197,,Pravna oseba
Mercedes-Benz E-Razred,Mercedes-Benz,2025,14690,Dizel,Avtomatski,197,,Pravna oseba
Mercedes-Benz S-Razred,Mercedes-Benz,2025,29148,Dizel,Avtomatski,313,,Pravna oseba
Hyundai Tucson,Hyundai,,,Bencin,Avtomatski,150,,Pravna oseba
Mercedes-Benz CLC-Razred,Mercedes-Benz,2025,8305,Bencin,Avtomatski,163,,Pravna oseba
Hyundai i30 Wagon,Hyundai,,,Bencin,Avtomatski,150,26490,Pravna oseba
Hyundai i20,Hyundai,,,Bencin,Ročni,90,,Pravna oseba
Hyundai i20,Hyundai,2026,853,Bencin,Avtomatski,90,19450,Pravna oseba
Mercedes-Benz S-Razred,Mercedes-Benz,2021,128075,Dizel,Avtomatski,286,,Pravna oseba
Mitsubishi ASX,Mitsubishi,2025,9751,Bencin,Ročni,140,20290,Pravna oseba
Mercedes-Benz GLA-Razred,Mercedes-Benz,2020,29896,Bencin,Avtomatski,163,27450,Pravna oseba
Mercedes-Benz EQE,Mercedes-Benz,2025,10316,,Avtomatski,245,,Pravna oseba
Mercedes-Benz EQE,Mercedes-Benz,2025,10795,,Avtomatski,245,,Pravna oseba
Mercedes-Benz EQE,Mercedes-Benz,2025,15202,,Avtomatski,245,,Pravna oseba
Mercedes-Benz EQB-Razred,Mercedes-Benz,2025,11736,,Avtomatski,190,,Pravna oseba
Mercedes-Benz GLS-Razred,Mercedes-Benz,2025,13669,Dizel,Avtomatski,367,,Pravna oseba
Mercedes-Benz GLS-Razred,Mercedes-Benz,2025,23684,Dizel,Avtomatski,367,,Pravna oseba
Mercedes-Benz GLA-Razred,Mercedes-Benz,2022,158793,Bencin,Avtomatski,136,23990,Pravna oseba
Mercedes-Benz GLS-Razred,Mercedes-Benz,2025,15423,Dizel,Avtomatski,313,,Pravna oseba
Mercedes-Benz EQA,Mercedes-Benz,2025,14784,,Avtomatski,228,,Pravna oseba
Škoda Kodiaq,Škoda,2020,137968,Dizel,Avtomatski,150,,Pravna oseba
Hyundai Ioniq 5,Hyundai,,,,Avtomatski,228,,Pravna oseba
Hyundai i30 Wagon,Hyundai,2026,786,Bencin,Ročni,97,18990,Pravna oseba
Mercedes-Benz C-Razred,Mercedes-Benz,2019,196541,Dizel,Ročni,122,,Pravna oseba
Hyundai Tucson,Hyundai,,,Bencin,Ročni,150,,Pravna oseba
Hyundai Bayon,Hyundai,2026,768,Bencin,Avtomatski,90,20490,Pravna oseba
Hyundai Ioniq 6,Hyundai,,,,Avtomatski,325,52260,Pravna oseba
Mercedes-Benz SL-Razred,Mercedes-Benz,1990,96841,Bencin,Avtomatski,231,,Pravna oseba
Hyundai Kona,Hyundai,2026,356,Bencin,Avtomatski,150,28590,Pravna oseba
Hyundai Tucson,Hyundai,2026,976,Bencin,Avtomatski,179,,Pravna oseba
Mercedes-Benz GLE-Razred,Mercedes-Benz,2016,258978,Dizel,Avtomatski,258,,Pravna oseba
Mercedes-Benz CLA-Razred,Mercedes-Benz,2025,8761,Bencin,,163,,Pravna oseba
Mercedes-Benz EQA,Mercedes-Benz,2025,8945,,Avtomatski,228,,Pravna oseba
Peugeot 2008,Peugeot,2018,114326,Bencin,Ročni,82,6590,Pravna oseba
KIA Sportage,KIA,2021,79986,Bencin,Ročni,132,14990,Pravna oseba
Mercedes-Benz GLA-Razred,Mercedes-Benz,2019,65701,Bencin,Avtomatski,122,21990,Pravna oseba
Mercedes-Benz GLB-Razred,Mercedes-Benz,2022,125513,Dizel,Avtomatski,116,23990,Pravna oseba
Mercedes-Benz GLC-Razred,Mercedes-Benz,2025,13106,Dizel,Avtomatski,197,,Pravna oseba
Hyundai i30,Hyundai,,,Bencin,Avtomatski,150,,Pravna oseba
Hyundai Inster,Hyundai,,,,Avtomatski,97,,Pravna oseba
Mercedes-Benz B-Razred,Mercedes-Benz,2019,57337,Bencin,Avtomatski,163,21450,Pravna oseba
Hyundai i20,Hyundai,,,Bencin,Ročni,90,,Pravna oseba
Hyundai i20,Hyundai,,,Bencin,Ročni,90,,Pravna oseba
Mercedes-Benz GLA-Razred,Mercedes-Benz,2022,99876,Dizel,Avtomatski,150,29990,Pravna oseba
Hyundai Kona,Hyundai,,,,Avtomatski,156,,Pravna oseba
Mercedes-Benz EQA,Mercedes-Benz,2025,12506,,Avtomatski,292,,Pravna oseba
Mercedes-Benz GLA-Razred,Mercedes-Benz,2025,8561,Bencin,Avtomatski,163,39890,Pravna oseba
Hyundai Kona,Hyundai,,,Hibrid,Avtomatski,102,,Pravna oseba
Hyundai Kona,Hyundai,,,Hibrid,Avtomatski,139,,Pravna oseba
Hyundai ix55,Hyundai,2010,369677,Dizel,Avtomatski,250,,Pravna oseba
Hyundai Tucson,Hyundai,,,Hibrid,Avtomatski,239,,Pravna oseba
Hyundai Tucson,Hyundai,,,Bencin,Ročni,150,,Pravna oseba
Mercedes-Benz GLC-Razred,Mercedes-Benz,2025,21396,Dizel,Avtomatski,197,,Pravna oseba
Mercedes-Benz GLC-Razred,Mercedes-Benz,2025,15887,Bencin,Avtomatski,204,,Pravna oseba
Mercedes-Benz GLE-Razred,Mercedes-Benz,2025,12553,Dizel,Avtomatski,269,,Pravna oseba
Mercedes-Benz GLC-Razred,Mercedes-Benz,2025,9605,Hibrid,Avtomatski,313,,Pravna oseba
Renault Kadjar,Renault,2017,129930,Bencin,Ročni,131,9690,Pravna oseba
Mercedes-Benz A-Razred,Mercedes-Benz,2025,11723,Bencin,Avtomatski,163,,Pravna oseba
Mercedes-Benz GLA-Razred,Mercedes-Benz,2018,56789,Bencin,Avtomatski,122,21990,Pravna oseba
Mercedes-Benz CLA-Razred,Mercedes-Benz,2025,15791,Bencin,Avtomatski,163,,Pravna oseba
Mercedes-Benz CLA-Razred,Mercedes-Benz,2025,5916,Bencin,Avtomatski,136,,Pravna oseba
Mercedes-Benz GLB-Razred,Mercedes-Benz,2025,17498,Bencin,Avtomatski,224,,Pravna oseba
Mercedes-Benz GLB-Razred,Mercedes-Benz,2025,17308,Bencin,Avtomatski,163,,Pravna oseba
Mercedes-Benz GLB-Razred,Mercedes-Benz,2025,10682,Bencin,Avtomatski,163,,Pravna oseba
Mercedes-Benz B-Razred,Mercedes-Benz,2025,11598,Bencin,Avtomatski,136,28450,Pravna oseba
Volkswagen Passat,Volkswagen,2022,162759,Dizel,Avtomatski,150,17450,Pravna oseba
Hyundai Kona,Hyundai,,,,Avtomatski,135,,Pravna oseba
Audi A4,Audi,2019,161000,Dizel,Avtomatski,150,18850,Pravna oseba
Mercedes-Benz A-Razred,Mercedes-Benz,2018,69979,Bencin,Avtomatski,156,17990,Pravna oseba
Hyundai Tucson,Hyundai,,,Hibrid,Avtomatski,215,,Pravna oseba
Mercedes-Benz GLC-Razred,Mercedes-Benz,2025,9603,Bencin,Avtomatski,204,62990,Pravna oseba
Mercedes-Benz B-Razred,Mercedes-Benz,2024,17945,Bencin,Avtomatski,136,,Pravna oseba
Mercedes-Benz A-Razred,Mercedes-Benz,2024,15982,Bencin,Avtomatski,136,,Pravna oseba
Mercedes-Benz GLC-Razred,Mercedes-Benz,2024,8782,Dizel,Avtomatski,197,,Pravna oseba
Mercedes-Benz C-Razred,Mercedes-Benz,2024,13988,Bencin,Avtomatski,170,,Pravna oseba
Hyundai Kona,Hyundai,,,Bencin,Avtomatski,179,,Pravna oseba
Hyundai Santa Fe,Hyundai,,,Hibrid,Avtomatski,215,,Pravna oseba
Hyundai Tucson,Hyundai,,,Bencin,Avtomatski,150,,Pravna oseba
Hyundai Tucson,Hyundai,,,Bencin,Avtomatski,150,,Pravna oseba
Mercedes-Benz GLB-Razred,Mercedes-Benz,2022,55215,Dizel,Avtomatski,116,,Pravna oseba
Hyundai Kona,Hyundai,,,Bencin,Avtomatski,150,,Pravna oseba
Mercedes-Benz GLC-Razred,Mercedes-Benz,2024,6689,Bencin,Avtomatski,258,72200,Pravna oseba
Mercedes-Benz E-Razred,Mercedes-Benz,2022,143211,Dizel,Avtomatski,200,30990,Pravna oseba
Hyundai Kona,Hyundai,,,Bencin,Ročni,150,,Pravna oseba
Hyundai Bayon,Hyundai,,,Bencin,Avtomatski,90,,Pravna oseba
Hyundai Tucson,Hyundai,,,Bencin,Avtomatski,150,,Pravna oseba
Hyundai Tucson,Hyundai,,,Hibrid,Avtomatski,215,,Pravna oseba
Hyundai Kona,Hyundai,,,Bencin,Avtomatski,150,,Pravna oseba
Hyundai Tucson,Hyundai,,,Bencin,Ročni,150,,Pravna oseba
Hyundai i20,Hyundai,,,Bencin,Avtomatski,90,,Pravna oseba
Hyundai Tucson,Hyundai,,,Bencin,Ročni,150,,Pravna oseba
Hyundai Bayon,Hyundai,,,Bencin,Avtomatski,90,,Pravna oseba
Hyundai Tucson,Hyundai,,,Hibrid,Avtomatski,252,,Pravna oseba
Hyundai i30 Wagon,Hyundai,,,Bencin,Ročni,150,21990,Pravna oseba
Hyundai i30 Wagon,Hyundai,2026,890,Bencin,Ročni,97,18990,Pravna oseba
Hyundai Kona,Hyundai,,,,Avtomatski,218,,Pravna oseba
Hyundai Kona,Hyundai,,,,Avtomatski,218,,Pravna oseba
Hyundai i30,Hyundai,,,Bencin,Ročni,101,,Pravna oseba
Hyundai Tucson,Hyundai,,,Bencin,Ročni,150,,Pravna oseba
Hyundai Tucson,Hyundai,,,Bencin,Ročni,150,,Pravna oseba
Hyundai Inster,Hyundai,,,,Avtomatski,97,,Pravna oseba
Hyundai Bayon,Hyundai,,,Bencin,Avtomatski,90,,Pravna oseba
Hyundai Tucson,Hyundai,,,Bencin,Avtomatski,150,,Pravna oseba
Mercedes-Benz A-Razred,Mercedes-Benz,2020,148040,Bencin,Avtomatski,136,20990,Pravna oseba
Hyundai Tucson,Hyundai,,,Bencin,Ročni,150,,Pravna oseba
Hyundai Tucson,Hyundai,,,Bencin,Avtomatski,150,,Pravna oseba
Hyundai Kona,Hyundai,,,Bencin,Ročni,137,,Pravna oseba
Hyundai Tucson,Hyundai,,,Bencin,Avtomatski,150,,Pravna oseba
Hyundai Inster,Hyundai,,,,Avtomatski,97,,Pravna oseba
Mercedes-Benz A-Razred,Mercedes-Benz,2018,92318,Bencin,Ročni,163,17990,Pravna oseba
Hyundai i30 Wagon,Hyundai,,,Bencin,Avtomatski,160,29490,Pravna oseba
Hyundai i20,Hyundai,,,Bencin,Ročni,90,,Pravna oseba
Hyundai Tucson,Hyundai,,,Bencin,Avtomatski,150,,Pravna oseba
Hyundai Kona,Hyundai,,,Hibrid,Avtomatski,141,,Pravna oseba
Hyundai Tucson,Hyundai,,,Bencin,Ročni,150,,Pravna oseba
Hyundai Tucson,Hyundai,,,Bencin,Avtomatski,150,,Pravna oseba
Hyundai Tucson,Hyundai,,,Bencin,Avtomatski,150,,Pravna oseba
Hyundai Tucson,Hyundai,,,Bencin,Ročni,150,,Pravna oseba
Renault Mégane,Renault,2017,118269,Bencin,Ročni,116,6990,Pravna oseba
Mercedes-Benz GLE-Razred,Mercedes-Benz,2020,79167,Dizel,Avtomatski,330,69990,Pravna oseba
Hyundai i30,Hyundai,,,Bencin,Avtomatski,150,,Pravna oseba
Hyundai Tucson,Hyundai,,,Bencin,Ročni,150,,Pravna oseba
Hyundai i30 Wagon,Hyundai,,,Bencin,Avtomatski,160,,Pravna oseba
Hyundai Tucson,Hyundai,,,Bencin,Avtomatski,150,,Pravna oseba
Hyundai Tucson,Hyundai,,,Bencin,Ročni,150,,Pravna oseba
Hyundai Kona,Hyundai,,,,Avtomatski,218,,Pravna oseba
Hyundai Santa Fe,Hyundai,,,Hibrid,Avtomatski,160,,Pravna oseba
Hyundai Ioniq 9,Hyundai,,,,Avtomatski,428,,Pravna oseba
Hyundai i30 Wagon,Hyundai,,,Bencin,Avtomatski,150,,Pravna oseba
Hyundai Bayon,Hyundai,,,Bencin,Avtomatski,90,,Pravna oseba
Hyundai i20,Hyundai,,,Bencin,Avtomatski,90,,Pravna oseba
Hyundai Kona,Hyundai,,,Bencin,Ročni,137,,Pravna oseba
Hyundai Ioniq 6,Hyundai,,,,Avtomatski,228,,Pravna oseba
Hyundai Ioniq 5,Hyundai,,,,Avtomatski,228,44990,Pravna oseba
Hyundai Bayon,Hyundai,,,Bencin,Ročni,90,,Pravna oseba
Hyundai Kona,Hyundai,,,,Avtomatski,218,,Pravna oseba
Hyundai i20,Hyundai,,,Bencin,Ročni,90,,Pravna oseba
Hyundai Bayon,Hyundai,,,Bencin,Ročni,90,,Pravna oseba
Hyundai Kona,Hyundai,,,Bencin,Avtomatski,150,,Pravna oseba
Hyundai Tucson,Hyundai,,,Bencin,Ročni,150,,Pravna oseba
Hyundai i20,Hyundai,,,Bencin,Ročni,90,,Pravna oseba
Hyundai Tucson,Hyundai,,,Bencin,Avtomatski,150,,Pravna oseba
Mercedes-Benz E-Razred,Mercedes-Benz,2018,120580,Dizel,Avtomatski,194,,Pravna oseba
Hyundai i30,Hyundai,,,Bencin,Avtomatski,150,,Pravna oseba
Hyundai Tucson,Hyundai,,,Bencin,Avtomatski,150,,Pravna oseba
Mercedes-Benz CLS-Razred,Mercedes-Benz,2016,179897,Dizel,Avtomatski,204,23990,Pravna oseba
Mercedes-Benz GLB-Razred,Mercedes-Benz,2022,98276,Dizel,Avtomatski,190,27690,Pravna oseba
Hyundai Kona,Hyundai,,,Bencin,Ročni,101,,Pravna oseba
Peugeot 2008,Peugeot,2020,92000,Bencin,Ročni,101,11990,Pravna oseba
Volkswagen T-Roc,Volkswagen,,,Bencin,Avtomatski,116,31270,Pravna oseba
Volkswagen Golf,Volkswagen,,,Bencin,Avtomatski,116,29990,Pravna oseba
Volkswagen -,Volkswagen,,,,Avtomatski,116,34990,Pravna oseba
Volkswagen T-Roc,Volkswagen,,,Bencin,Avtomatski,116,33332,Pravna oseba
Volkswagen T-Roc,Volkswagen,,,Bencin,Avtomatski,150,33450,Pravna oseba
Volkswagen Tiguan,Volkswagen,,,Hibrid,Avtomatski,204,41870,Pravna oseba
Volkswagen Golf,Volkswagen,,,Bencin,Avtomatski,116,29900,Pravna oseba
Volkswagen T-Cross,Volkswagen,,,Bencin,Ročni,116,23876,Pravna oseba
Volkswagen Golf,Volkswagen,,,Hibrid,Avtomatski,204,34448,Pravna oseba
Volkswagen Passat,Volkswagen,,,Bencin,Avtomatski,150,41230,Pravna oseba
Volkswagen Passat,Volkswagen,,,Hibrid,Avtomatski,204,43781,Pravna oseba
Volkswagen Tiguan,Volkswagen,,,Dizel,Avtomatski,150,48800,Pravna oseba
Peugeot 2008,Peugeot,2026,6,Bencin,Avtomatski,145,22490,Pravna oseba
Peugeot 5008,Peugeot,2022,147451,Dizel,Avtomatski,131,15790,Pravna oseba
Volkswagen Tiguan,Volkswagen,2021,101575,Dizel,Avtomatski,150,,Pravna oseba
Mercedes-Benz GLC-Razred,Mercedes-Benz,2019,99650,Dizel,Avtomatski,170,,Pravna oseba
Mercedes-Benz GLE-Razred,Mercedes-Benz,2016,128000,Dizel,Avtomatski,258,33690,Pravna oseba
Mercedes-Benz GLC-Razred,Mercedes-Benz,2023,86874,Dizel,Avtomatski,197,,Pravna oseba
Volkswagen Tiguan,Volkswagen,2025,25345,Dizel,Avtomatski,150,,Pravna oseba
Volkswagen Tiguan,Volkswagen,2025,26913,Dizel,Avtomatski,150,,Pravna oseba
Volkswagen Golf,Volkswagen,2022,180200,Dizel,Avtomatski,150,18000,Pravna oseba
Volkswagen Passat,Volkswagen,2025,45526,Dizel,Avtomatski,150,36000,Pravna oseba
Volkswagen Tiguan,Volkswagen,2018,194108,Dizel,Avtomatski,150,17900,Pravna oseba
Ford Ecosport,Ford,2020,131780,Bencin,Ročni,125,,Pravna oseba
Volkswagen Touareg,Volkswagen,2019,161000,Dizel,Avtomatski,286,32500,Pravna oseba
KIA Sportage,KIA,2021,153700,Dizel,Avtomatski,136,16790,Pravna oseba
Renault Kadjar,Renault,2016,190620,Dizel,Ročni,110,8690,Pravna oseba
Volkswagen Tiguan,Volkswagen,2025,48355,Dizel,Avtomatski,150,32900,Pravna oseba
Audi A3,Audi,2021,167900,Bencin,Ročni,150,,Pravna oseba
Opel Grandland X,Opel,2019,202583,Dizel,Avtomatski,131,9990,Pravna oseba
Ford Kuga,Ford,2022,151740,Dizel,Ročni,120,,Pravna oseba
Volvo XC60,Volvo,2021,122000,Bencin,Avtomatski,253,28790,Pravna oseba
Volkswagen Passat,Volkswagen,2020,139144,Dizel,Avtomatski,190,20990,Pravna oseba
Volkswagen Golf,Volkswagen,,,Bencin,Ročni,150,32990,Pravna oseba
Volkswagen T-Roc,Volkswagen,2023,93262,Bencin,Ročni,110,16990,Pravna oseba
Volkswagen Tiguan,Volkswagen,2023,74250,Hibrid,Avtomatski,150,Cena po dogovoru,Pravna oseba
Volkswagen Golf,Volkswagen,,,Bencin,Ročni,150,34360,Pravna oseba
BMW X2,BMW,2021,81244,Bencin,Avtomatski,136,19999,Pravna oseba
Renault Scénic,Renault,2018,154700,Bencin,Ročni,116,9490,Pravna oseba
Peugeot 208,Peugeot,2017,106800,Bencin,Ročni,82,6990,Pravna oseba
Volkswagen Tiguan,Volkswagen,2017,157584,Dizel,Ročni,116,15490,Pravna oseba
Peugeot 208,Peugeot,2021,77961,Bencin,Ročni,75,9990,Pravna oseba
Volkswagen Polo,Volkswagen,,,Bencin,Ročni,95,18455,Pravna oseba
Volkswagen Caddy,Volkswagen,2023,123700,Dizel,Ročni,102,21190,Pravna oseba
Mercedes-Benz GLE-Razred,Mercedes-Benz,2021,157787,Dizel,Avtomatski,272,,Pravna oseba
Mercedes-Benz GLB-Razred,Mercedes-Benz,2022,70808,Dizel,Avtomatski,150,,Pravna oseba
Škoda Kodiaq,Škoda,2023,154700,Dizel,Avtomatski,150,,Pravna oseba
Audi A4,Audi,2023,135832,Dizel,Avtomatski,204,,Pravna oseba
Audi A7,Audi,2018,1,Dizel,Avtomatski,286,39900,Pravna oseba
Volkswagen Tiguan,Volkswagen,2026,6000,Bencin,Avtomatski,150,39990,Pravna oseba
Volkswagen Tiguan,Volkswagen,,,Dizel,Avtomatski,150,46600,Pravna oseba
Volkswagen Golf,Volkswagen,,,Bencin,Avtomatski,116,28650,Pravna oseba
Volkswagen Taigo,Volkswagen,,,Bencin,Avtomatski,116,25121,Pravna oseba
Volkswagen Taigo,Volkswagen,,,Bencin,Ročni,116,23490,Pravna oseba
Volkswagen ID.3,Volkswagen,,,,Avtomatski,170,34965,Pravna oseba
Volkswagen Tiguan,Volkswagen,2026,6000,Bencin,Avtomatski,150,Cena po dogovoru,Pravna oseba
BMW X1,BMW,2016,145000,Dizel,Avtomatski,190,18990,Pravna oseba
Volkswagen Tiguan,Volkswagen,,,Bencin,Avtomatski,150,35938,Pravna oseba
Volkswagen Golf,Volkswagen,,,Bencin,Avtomatski,116,28450,Pravna oseba
Volkswagen Polo,Volkswagen,2017,169431,Dizel,Ročni,90,7990,Pravna oseba
Volkswagen Tiguan,Volkswagen,2019,198725,Dizel,Avtomatski,190,18990,Pravna oseba
Mercedes-Benz G-Razred,Mercedes-Benz,2017,172150,Dizel,Avtomatski,245,56700,Pravna oseba
Volkswagen Tiguan,Volkswagen,2025,25700,Dizel,Avtomatski,150,36500,Pravna oseba
Volkswagen Passat,Volkswagen,2021,127426,Dizel,Avtomatski,150,,Pravna oseba
BMW Serija 2,BMW,2019,185000,Dizel,Avtomatski,150,,Pravna oseba
Citroën C5 Aircross,Citroën,2022,32087,Bencin,Ročni,131,19900,Pravna oseba
Citroën C3 Aircross,Citroën,2019,106800,Bencin,Ročni,110,,Pravna oseba
Audi A4,Audi,2022,153800,Dizel,Avtomatski,204,22900,Pravna oseba
Volkswagen Golf,Volkswagen,2021,54700,Bencin,Avtomatski,150,,Pravna oseba
Mercedes-Benz GLB-Razred,Mercedes-Benz,2022,127514,Dizel,Avtomatski,116,24300,Pravna oseba
Volkswagen ID.4,Volkswagen,2021,129999,,Avtomatski,204,24300,Pravna oseba
Mercedes-Benz GLA-Razred,Mercedes-Benz,2019,49496,Bencin,Avtomatski,122,21990,Pravna oseba
Mercedes-Benz GLA-Razred,Mercedes-Benz,2019,65701,Bencin,Avtomatski,122,22490,Pravna oseba
Volkswagen Tiguan,Volkswagen,2018,178537,Bencin,Ročni,125,14600,Pravna oseba
Volkswagen Caddy,Volkswagen,2026,1000,Dizel,Ročni,75,28000,Pravna oseba
Volkswagen Caddy,Volkswagen,,,Dizel,Ročni,75,28690,Pravna oseba
Volkswagen Caddy,Volkswagen,2025,9000,Hibrid,Avtomatski,150,34990,Pravna oseba
Volkswagen Caddy,Volkswagen,,,Dizel,Ročni,105,31100,Pravna oseba
Citroën C4 SpaceTourer,Citroën,2021,141280,Dizel,Avtomatski,131,12690,Pravna oseba
Volkswagen Caddy,Volkswagen,,,Bencin,Avtomatski,116,38990,Pravna oseba
Volkswagen Tayron,Volkswagen,,,Dizel,Avtomatski,150,42970,Pravna oseba
Opel Crossland X,Opel,2017,101890,Bencin,Ročni,82,,Pravna oseba
Volkswagen Golf,Volkswagen,2022,183572,Dizel,Avtomatski,116,13990,Pravna oseba
Volkswagen Golf,Volkswagen,2023,201439,Dizel,Ročni,116,12800,Pravna oseba
Mercedes-Benz E-Razred,Mercedes-Benz,2018,164708,Dizel,Avtomatski,194,22800,Pravna oseba
Audi A4,Audi,2022,145173,Dizel,Avtomatski,204,23990,Pravna oseba
Mercedes-Benz E-Razred,Mercedes-Benz,2018,121000,Dizel,Avtomatski,194,23990,Pravna oseba
Volkswagen T-Cross,Volkswagen,,,Bencin,Ročni,116,22380,Pravna oseba
Volkswagen up!,Volkswagen,2017,74580,Bencin,Avtomatski,75,9650,Pravna oseba
Volkswagen Touareg,Volkswagen,2023,119500,Dizel,Avtomatski,286,48990,Pravna oseba
Audi A6,Audi,2021,145260,Dizel,Avtomatski,204,25200,Pravna oseba
Volkswagen Taigo,Volkswagen,,,Bencin,Ročni,116,24990,Pravna oseba
Škoda Karoq,Škoda,2019,158395,Dizel,Avtomatski,116,14990,Pravna oseba
Volkswagen Polo,Volkswagen,,,Bencin,Ročni,95,19780,Pravna oseba
Volkswagen Taigo,Volkswagen,,,Bencin,Avtomatski,116,24800,Pravna oseba
Volkswagen Tiguan,Volkswagen,,,Bencin,Avtomatski,150,37618,Pravna oseba
Mercedes-Benz GLB-Razred,Mercedes-Benz,2022,55215,Dizel,Avtomatski,116,28300,Pravna oseba
Volkswagen Golf,Volkswagen,2016,183263,Dizel,Ročni,116,8490,Pravna oseba
Ford S-MAX,Ford,2018,145780,Dizel,Avtomatski,190,13990,Pravna oseba
Mercedes-Benz E-Razred,Mercedes-Benz,2022,143215,Dizel,Avtomatski,200,31600,Pravna oseba
Volkswagen Golf,Volkswagen,,,Bencin,Avtomatski,116,26900,Pravna oseba
Seat Ateca,Seat,,,Bencin,Ročni,150,29590,Pravna oseba
Seat Ateca,Seat,,,Bencin,Avtomatski,150,30800,Pravna oseba
Seat Leon,Seat,,,Bencin,Ročni,116,22150,Pravna oseba
Seat Leon,Seat,,,Bencin,Ročni,116,24320,Pravna oseba
Volkswagen Golf,Volkswagen,2026,1,Bencin,Ročni,116,24000,Pravna oseba
Seat Arona,Seat,,,Bencin,Avtomatski,116,22000,Pravna oseba
Volkswagen T-Roc,Volkswagen,2026,6700,Bencin,Avtomatski,150,33900,Pravna oseba
Volkswagen Polo,Volkswagen,,,Bencin,Ročni,95,,Pravna oseba
Peugeot 308,Peugeot,2016,235573,Dizel,Avtomatski,120,4590,Pravna oseba
Renault Clio,Renault,2026,2500,Bencin,Ročni,114,20870,Pravna oseba
Seat Ateca,Seat,,,Bencin,Ročni,150,29150,Pravna oseba
Seat Ateca,Seat,,,Bencin,Ročni,116,22460,Pravna oseba
Volkswagen Passat,Volkswagen,2022,146850,Dizel,Avtomatski,200,19500,Pravna oseba
Aixam City,Aixam,,,Dizel,Avtomatski,8,16490,Pravna oseba
Seat Arona,Seat,,,Bencin,Ročni,116,20600,Pravna oseba
Volkswagen T-Cross,Volkswagen,2025,4200,Bencin,Ročni,116,19500,Pravna oseba
Volkswagen Taigo,Volkswagen,2025,7700,Bencin,Avtomatski,116,21500,Pravna oseba
Volkswagen Tiguan,Volkswagen,2016,231500,Dizel,Avtomatski,239,14300,Pravna oseba
Volkswagen Touran,Volkswagen,2017,171700,Dizel,Ročni,150,13900,Pravna oseba
Seat Ateca,Seat,,,Bencin,Ročni,116,22895,Pravna oseba
Mercedes-Benz Vito,Mercedes-Benz,2022,51700,Dizel,Avtomatski,136,33100,Pravna oseba
Volkswagen Tiguan,Volkswagen,,,Bencin,Avtomatski,150,44648,Pravna oseba
Seat Leon,Seat,,,Bencin,Ročni,116,23300,Pravna oseba
Seat Arona,Seat,2025,5500,Bencin,Ročni,116,19790,Pravna oseba
Volkswagen Tiguan,Volkswagen,2016,146742,Dizel,Avtomatski,150,15900,Pravna oseba
Volkswagen Golf,Volkswagen,2021,118430,Dizel,Avtomatski,150,16900,Pravna oseba
Aixam Coupe,Aixam,,,Dizel,Avtomatski,8,17990,Pravna oseba
Volkswagen Passat,Volkswagen,2018,181100,Dizel,Avtomatski,190,13500,Pravna oseba
Seat Ateca,Seat,,,Bencin,Avtomatski,150,29650,Pravna oseba
Volkswagen Golf,Volkswagen,2018,220900,Dizel,Avtomatski,184,16999,Pravna oseba
Aixam MinAuto,Aixam,,,,Avtomatski,8,11990,Pravna oseba
Aixam City,Aixam,,,,Avtomatski,8,16490,Pravna oseba
Seat Leon,Seat,,,Bencin,Ročni,116,23680,Pravna oseba
Seat Leon,Seat,,,Bencin,Ročni,116,25500,Pravna oseba
Seat Leon,Seat,,,Bencin,Avtomatski,150,29990,Pravna oseba
Volkswagen Taigo,Volkswagen,,,Bencin,Ročni,116,23749,Pravna oseba
Volkswagen Taigo,Volkswagen,,,Bencin,Ročni,116,23490,Pravna oseba
Volkswagen Polo,Volkswagen,,,Bencin,Ročni,95,19700,Pravna oseba
Volkswagen Passat,Volkswagen,2017,189100,Dizel,Ročni,150,12400,Pravna oseba
Volkswagen ID.7,Volkswagen,2024,58400,,Avtomatski,286,39990,Pravna oseba
Volkswagen ID.Buzz,Volkswagen,2023,61500,,Avtomatski,204,36990,Pravna oseba
Citroën C4 Cactus,Citroën,2019,133000,Dizel,Ročni,102,7250,Pravna oseba
Mazda CX-5,Mazda,2017,206000,Dizel,Avtomatski,175,13480,Pravna oseba
Honda CR-V,Honda,2013,14000,Bencin,Avtomatski,155,14990,Pravna oseba
Mazda CX-5,Mazda,2017,172600,Bencin,Ročni,165,14480,Pravna oseba
Hyundai Ioniq 5,Hyundai,,,,Avtomatski,228,44990,Pravna oseba
Hyundai Ioniq 5,Hyundai,2024,48000,,Avtomatski,650,47180,Pravna oseba
Hyundai Bayon,Hyundai,2023,54900,Bencin,Avtomatski,101,15480,Pravna oseba
Volvo V60,Volvo,2019,197500,Dizel,Avtomatski,150,13890,Pravna oseba
Opel Corsa,Opel,2023,36500,Bencin,Avtomatski,101,14990,Pravna oseba
Škoda Kamiq,Škoda,2022,71100,Bencin,Avtomatski,110,16630,Pravna oseba
Renault Captur,Renault,2022,102000,Hibrid,Avtomatski,143,14470,Pravna oseba
KIA Stonic,KIA,2025,18000,Bencin,Ročni,79,15180,Pravna oseba
Hyundai Santa Fe,Hyundai,2015,270000,Dizel,Avtomatski,197,13890,Pravna oseba
Hyundai i30,Hyundai,,,Bencin,Ročni,101,,Pravna oseba
Renault Kadjar,Renault,2017,130867,Bencin,Ročni,131,9980,Pravna oseba
Hyundai Ioniq 5,Hyundai,,,,Avtomatski,228,44990,Pravna oseba
Hyundai Tucson,Hyundai,,,Bencin,Ročni,150,,Pravna oseba
Hyundai i20,Hyundai,,,Bencin,Avtomatski,90,,Pravna oseba
Hyundai Kona,Hyundai,,,,Avtomatski,218,44200,Pravna oseba
Hyundai Tucson,Hyundai,,,Hibrid,Avtomatski,179,,Pravna oseba
Hyundai Tucson,Hyundai,,,Bencin,Avtomatski,150,,Pravna oseba
Hyundai Tucson,Hyundai,,,Bencin,Avtomatski,150,,Pravna oseba
Audi A4,Audi,2022,145000,Dizel,Avtomatski,204,23990,Pravna oseba
Ford S-MAX,Ford,2018,145000,Dizel,Avtomatski,190,13480,Pravna oseba
BMW Serija 2,BMW,2019,185000,Dizel,Avtomatski,150,12990,Pravna oseba
Volkswagen Passat,Volkswagen,2022,163000,Dizel,Avtomatski,150,18480,Pravna oseba
Hyundai Kona,Hyundai,,,Bencin,Ročni,150,,Pravna oseba
Nissan Qashqai,Nissan,2018,150000,Dizel,Ročni,131,,Pravna oseba
Hyundai Bayon,Hyundai,2022,66000,Bencin,Ročni,84,12990,Pravna oseba
Hyundai i20,Hyundai,2022,125000,Bencin,Avtomatski,101,12780,Pravna oseba
Hyundai Kona,Hyundai,,,Bencin,Ročni,150,,Pravna oseba
Hyundai Ioniq 6,Hyundai,,,,Avtomatski,325,53560,Pravna oseba
Hyundai Ioniq 5,Hyundai,,,,Avtomatski,228,49080,Pravna oseba
Citroën C4 Grand Picasso,Citroën,2018,179737,Dizel,Avtomatski,120,9980,Pravna oseba
Hyundai Kona,Hyundai,,,,Avtomatski,218,37220,Pravna oseba
Hyundai i20,Hyundai,,,Bencin,Avtomatski,90,,Pravna oseba
Hyundai Tucson,Hyundai,,,Bencin,Ročni,150,,Pravna oseba
Hyundai Tucson,Hyundai,,,Bencin,Ročni,150,,Pravna oseba
Hyundai Ioniq 6,Hyundai,,,,Avtomatski,325,53260,Pravna oseba
Hyundai Tucson,Hyundai,2026,1,Bencin,Avtomatski,150,33400,Pravna oseba
Volkswagen Golf,Volkswagen,2015,103509,Bencin,Ročni,110,9980,Pravna oseba
Fiat Tipo,Fiat,2021,66000,Dizel,Ročni,120,12480,Pravna oseba
Hyundai Tucson,Hyundai,2023,75259,Bencin,Ročni,150,,Pravna oseba
Hyundai Ioniq 6,Hyundai,,,,Avtomatski,228,,Pravna oseba
Ford Focus,Ford,2019,1,Dizel,Ročni,120,8370,Pravna oseba
Hyundai Inster,Hyundai,,,,Avtomatski,97,26160,Pravna oseba
Hyundai Tucson,Hyundai,,,Hibrid,Avtomatski,179,,Pravna oseba
Hyundai Bayon,Hyundai,,,Bencin,Ročni,90,,Pravna oseba
Hyundai i20,Hyundai,,,Bencin,Avtomatski,90,,Pravna oseba
Hyundai Tucson,Hyundai,,,Bencin,Ročni,150,31850,Pravna oseba
Hyundai i20,Hyundai,,,Bencin,Ročni,90,,Pravna oseba
Hyundai Ioniq 6,Hyundai,,,,Avtomatski,228,49960,Pravna oseba
Hyundai Kona,Hyundai,,,,Avtomatski,218,38030,Pravna oseba
KIA Sportage,KIA,2019,167097,Dizel,Ročni,136,13480,Pravna oseba
Ford Focus,Ford,2015,175000,Bencin,Ročni,125,4990,Pravna oseba
Hyundai Ioniq 5,Hyundai,,,,Avtomatski,228,,Pravna oseba
Hyundai i20,Hyundai,,,Bencin,Ročni,90,,Pravna oseba
Hyundai i20,Hyundai,,,Bencin,Ročni,90,,Pravna oseba
Hyundai Inster,Hyundai,,,,Avtomatski,97,24910,Pravna oseba
Hyundai Ioniq 5,Hyundai,,,,Avtomatski,609,,Pravna oseba
KIA Sportage,KIA,2019,118421,Bencin,Ročni,132,,Pravna oseba
Hyundai Tucson,Hyundai,,,Bencin,Ročni,150,,Pravna oseba
Hyundai Kona,Hyundai,,,Bencin,Ročni,139,,Pravna oseba
Hyundai i20,Hyundai,,,Bencin,Ročni,90,,Pravna oseba
Hyundai Kona,Hyundai,,,Bencin,Avtomatski,139,29400,Pravna oseba
KIA XCeed,KIA,2023,45000,Bencin,Avtomatski,159,21990,Pravna oseba
Honda Civic,Honda,2009,254358,Dizel,Ročni,140,3490,Pravna oseba
Hyundai Inster,Hyundai,,,,Avtomatski,97,25960,Pravna oseba
Mercedes-Benz CLA-Razred,Mercedes-Benz,2025,16507,Dizel,Avtomatski,150,36990,Pravna oseba
Hyundai Kona,Hyundai,,,Bencin,Avtomatski,139,36690,Pravna oseba
Hyundai Bayon,Hyundai,,,Bencin,Ročni,90,,Pravna oseba
Hyundai Kona,Hyundai,,,,Avtomatski,218,41000,Pravna oseba
Hyundai Tucson,Hyundai,,,Bencin,Ročni,150,,Pravna oseba
Hyundai Tucson,Hyundai,,,Bencin,Ročni,150,,Pravna oseba
Hyundai i20,Hyundai,,,Bencin,Ročni,90,,Pravna oseba
Hyundai Kona,Hyundai,,,Bencin,Avtomatski,105,,Pravna oseba
Hyundai Tucson,Hyundai,,,Bencin,Ročni,150,,Pravna oseba
Hyundai i20,Hyundai,,,Bencin,Avtomatski,101,,Pravna oseba
Hyundai Tucson,Hyundai,,,Bencin,Avtomatski,160,48940,Pravna oseba
Hyundai i20,Hyundai,,,Bencin,Ročni,90,19850,Pravna oseba
Mercedes-Benz GLK-Razred,Mercedes-Benz,2008,346000,Dizel,Avtomatski,224,7990,Pravna oseba
Hyundai Tucson,Hyundai,,,Bencin,Ročni,150,31480,Pravna oseba
Hyundai Inster,Hyundai,,,,Avtomatski,97,26340,Pravna oseba
Hyundai Inster,Hyundai,,,,Avtomatski,97,26210,Pravna oseba
Hyundai Tucson,Hyundai,,,Bencin,Ročni,150,31530,Pravna oseba
Hyundai Santa Fe,Hyundai,,,Hibrid,Avtomatski,160,66930,Pravna oseba
Hyundai Tucson,Hyundai,,,Hibrid,Avtomatski,160,,Pravna oseba
Hyundai Santa Fe,Hyundai,,,Hibrid,Avtomatski,179,66930,Pravna oseba
Hyundai Kona,Hyundai,,,Hibrid,Avtomatski,139,,Pravna oseba
Hyundai Ioniq 5,Hyundai,,,,Avtomatski,228,44990,Pravna oseba
Hyundai Tucson,Hyundai,,,Bencin,Ročni,150,31850,Pravna oseba
Hyundai Tucson,Hyundai,,,Hibrid,Avtomatski,288,,Pravna oseba
Hyundai i30 Wagon,Hyundai,,,Bencin,Avtomatski,150,,Pravna oseba
Hyundai i30,Hyundai,2026,200,Bencin,Avtomatski,101,28840,Pravna oseba
Hyundai Kona,Hyundai,,,Bencin,Ročni,150,,Pravna oseba
Hyundai Tucson,Hyundai,,,Bencin,Ročni,150,,Pravna oseba
Hyundai Tucson,Hyundai,,,Bencin,Ročni,150,,Pravna oseba
Hyundai i30 Wagon,Hyundai,,,Bencin,Avtomatski,150,,Pravna oseba
Hyundai Bayon,Hyundai,,,Bencin,Ročni,90,,Pravna oseba
Hyundai Kona,Hyundai,,,Bencin,Ročni,137,,Pravna oseba
Hyundai Kona,Hyundai,,,,Avtomatski,156,,Pravna oseba
Hyundai i20,Hyundai,,,Bencin,Ročni,90,,Pravna oseba
Hyundai Inster,Hyundai,,,,Avtomatski,97,24460,Pravna oseba
Ford Kuga,Ford,2020,73900,Bencin,Ročni,120,,Pravna oseba
Hyundai Kona,Hyundai,,,Hibrid,Avtomatski,141,,Pravna oseba
Hyundai Tucson,Hyundai,,,Bencin,Ročni,150,32500,Pravna oseba
Hyundai Kona,Hyundai,,,,Avtomatski,218,38120,Pravna oseba
Hyundai i20,Hyundai,,,Bencin,Avtomatski,90,,Pravna oseba
Hyundai Inster,Hyundai,,,,Avtomatski,116,32000,Pravna oseba
Hyundai Inster,Hyundai,,,,Avtomatski,116,28130,Pravna oseba
Hyundai Inster,Hyundai,,,,Avtomatski,97,24860,Pravna oseba
Hyundai Ioniq 5,Hyundai,,,,Avtomatski,228,,Pravna oseba
Hyundai Tucson,Hyundai,,,Bencin,Ročni,150,,Pravna oseba
Hyundai Ioniq 9,Hyundai,,,,Avtomatski,428,,Pravna oseba
Hyundai Inster,Hyundai,,,,Avtomatski,114,29760,Pravna oseba
Hyundai Ioniq 5,Hyundai,,,,Avtomatski,228,44990,Pravna oseba
Hyundai Ioniq 5,Hyundai,,,,Avtomatski,228,,Pravna oseba
Hyundai Tucson,Hyundai,,,Bencin,Avtomatski,150,,Pravna oseba
Hyundai Tucson,Hyundai,,,Bencin,Avtomatski,150,,Pravna oseba
Hyundai Tucson,Hyundai,,,Hibrid,Avtomatski,215,,Pravna oseba
Hyundai Tucson,Hyundai,,,Hibrid,Avtomatski,252,,Pravna oseba
Hyundai i30,Hyundai,,,Bencin,Ročni,150,25290,Pravna oseba
Hyundai Ioniq 5,Hyundai,,,,Avtomatski,228,44990,Pravna oseba
Hyundai Inster,Hyundai,,,,Avtomatski,97,24460,Pravna oseba
Hyundai Kona,Hyundai,,,Bencin,Avtomatski,137,,Pravna oseba
Hyundai Kona,Hyundai,,,Hibrid,Avtomatski,141,,Pravna oseba
Hyundai Tucson,Hyundai,,,Bencin,Avtomatski,150,,Pravna oseba
Hyundai Kona,Hyundai,,,,Avtomatski,135,32830,Pravna oseba
Hyundai i30 Wagon,Hyundai,,,Bencin,Avtomatski,101,,Pravna oseba
Hyundai Kona,Hyundai,,,Bencin,Ročni,137,,Pravna oseba
Hyundai Kona,Hyundai,,,Bencin,Ročni,137,,Pravna oseba
Hyundai Kona,Hyundai,,,Bencin,Avtomatski,137,,Pravna oseba
Hyundai Tucson,Hyundai,,,Bencin,Avtomatski,150,,Pravna oseba
Hyundai Bayon,Hyundai,,,Bencin,Avtomatski,90,,Pravna oseba
Hyundai Tucson,Hyundai,,,Bencin,Avtomatski,150,,Pravna oseba
Hyundai Kona,Hyundai,,,,Avtomatski,135,31860,Pravna oseba
Hyundai Bayon,Hyundai,,,Bencin,Ročni,90,22800,Pravna oseba
Hyundai i30,Hyundai,,,Bencin,Ročni,150,26680,Pravna oseba
Hyundai Tucson,Hyundai,,,Bencin,Ročni,150,,Pravna oseba
Audi A4 Avant,Audi,2019,227000,Dizel,Avtomatski,190,16490,Pravna oseba
Citroën C3 Aircross,Citroën,,,,Avtomatski,113,28910,Pravna oseba
Citroën C3 Aircross,Citroën,,,,Avtomatski,113,28310,Pravna oseba
Citroën C3 Aircross,Citroën,,,Bencin,Avtomatski,145,25120,Pravna oseba
Ford Galaxy,Ford,2016,226000,Dizel,Avtomatski,179,12800,Fizična oseba
Citroën Berlingo,Citroën,2021,101967,Dizel,Ročni,131,14990,Pravna oseba
Mercedes-Benz GLA-Razred,Mercedes-Benz,,,Bencin,Avtomatski,136,,Pravna oseba
BMW serija 2 Gran Coupe:,BMW,2021,65500,Bencin,Avtomatski,299,34990,Pravna oseba
Nissan Juke,Nissan,2025,4243,Bencin,Avtomatski,114,23970,Pravna oseba
Volkswagen T-Cross,Volkswagen,,,Bencin,Ročni,116,24389,Pravna oseba
Volkswagen Taigo,Volkswagen,,,Bencin,Avtomatski,116,23312,Pravna oseba
Mercedes-Benz CLA-Razred,Mercedes-Benz,,,Bencin,Avtomatski,163,,Pravna oseba
Mercedes-Benz A-Razred,Mercedes-Benz,,,Bencin,Avtomatski,136,,Pravna oseba
Citroën C2,Citroën,2007,122000,Bencin,Ročni,73,1390,Pravna oseba
BMW serija X2:,BMW,2020,184000,Dizel,Ročni,116,14988,Pravna oseba
Forthing Forthing T5 EVO,Forthing,2024,15700,Bencin,Avtomatski,177,,Pravna oseba
Opel Corsa,Opel,2023,100413,Bencin,Avtomatski,101,11990,Pravna oseba
Mercedes-Benz A-Razred,Mercedes-Benz,2016,152432,Dizel,Avtomatski,177,14450,Fizična oseba
Renault Mégane,Renault,2018,163966,Dizel,Ročni,110,,Pravna oseba
BMW serija 3 Touring:,BMW,2021,179000,Dizel,Ročni,122,16989,Pravna oseba
Audi A5,Audi,2017,194391,Bencin,Ročni,170,14990,Pravna oseba
Renault Clio,Renault,2009,1,Dizel,Ročni,86,Cena po dogovoru,Pravna oseba
Škoda Superb,Škoda,2008,283500,Bencin,Ročni,160,3600,Fizična oseba
Audi A6,Audi,2023,88000,Dizel,Avtomatski,204,38980,Pravna oseba
Volkswagen T-Roc,Volkswagen,2019,160100,Bencin,Ročni,150,15350,Fizična oseba
Peugeot 308,Peugeot,2019,221500,Bencin,Ročni,131,8900,Pravna oseba
Mercedes-Benz CLS-Razred,Mercedes-Benz,2019,220900,Dizel,Avtomatski,286,28499,Pravna oseba
Citroën C4 Grand Picasso,Citroën,2016,240300,Dizel,Avtomatski,120,5999,Pravna oseba
Mercedes-Benz CLA Shooting Brake,Mercedes-Benz,2020,183000,Dizel,Ročni,116,15899,Pravna oseba
Citroën C5,Citroën,2016,267000,Dizel,Avtomatski,181,4690,Pravna oseba
Volkswagen Polo,Volkswagen,2019,95000,Bencin,Ročni,102,8900,Fizična oseba
Audi A6,Audi,2021,213257,Dizel,Avtomatski,231,21700,Pravna oseba
Škoda Octavia,Škoda,2014,266250,Dizel,Avtomatski,184,10490,Pravna oseba
Audi A4,Audi,2013,256000,Dizel,Ročni,143,7950,Pravna oseba
Mercedes-Benz C-Razred,Mercedes-Benz,2021,155021,Dizel,Avtomatski,122,16980,Pravna oseba
Škoda Roomster,Škoda,2014,203431,Dizel,Ročni,90,5300,Pravna oseba
Mercedes-Benz CLA Shooting Brake,Mercedes-Benz,2016,199721,Bencin,Ročni,122,11880,Pravna oseba
Mazda Mazda3,Mazda,2015,238412,Dizel,Ročni,150,6980,Pravna oseba
Volkswagen Golf,Volkswagen,2013,240012,Dizel,Ročni,105,6980,Pravna oseba
Volkswagen Eos,Volkswagen,2011,147611,Bencin,Ročni,122,9980,Pravna oseba
Peugeot 5008,Peugeot,2022,59212,Dizel,Avtomatski,131,21980,Pravna oseba
Volvo V60,Volvo,2024,107720,Dizel,Avtomatski,197,24990,Pravna oseba
Renault Captur,Renault,2021,62500,Bencin,Avtomatski,140,,Pravna oseba
Ford Tourneo Connect,Ford,2017,205000,Dizel,Ročni,120,9980,Fizična oseba
Volkswagen Touran,Volkswagen,2013,296000,Dizel,Ročni,140,5950,Pravna oseba
Ford B-MAX,Ford,2017,114827,Bencin,Ročni,101,6990,Pravna oseba
Renault Talisman,Renault,2019,83832,Dizel,Avtomatski,200,17990,Pravna oseba
Volkswagen Passat,Volkswagen,2019,296494,Dizel,Avtomatski,150,,Pravna oseba
Mercedes-Benz GL-Razred,Mercedes-Benz,2008,369894,Dizel,Avtomatski,224,11980,Pravna oseba
Peugeot 5008,Peugeot,2019,131000,Bencin,Ročni,131,10950,Pravna oseba
Škoda Octavia,Škoda,2023,139995,Dizel,Avtomatski,150,22960,Pravna oseba
Škoda Octavia,Škoda,2022,136852,Dizel,Avtomatski,150,23490,Pravna oseba
Mercedes-Benz GLB-Razred,Mercedes-Benz,2021,90508,Dizel,Avtomatski,150,24990,Pravna oseba
Audi A4,Audi,2016,238430,Dizel,Avtomatski,218,14995,Pravna oseba
Mercedes-Benz CLA Shooting Brake,Mercedes-Benz,2016,148322,Dizel,Avtomatski,136,Cena po dogovoru,Pravna oseba
Toyota Yaris Cross,Toyota,2023,31166,Bencin,Ročni,125,18690,Pravna oseba
Škoda Kodiaq,Škoda,2019,78968,Bencin,Avtomatski,150,22990,Pravna oseba
Škoda Kamiq,Škoda,2021,70323,Bencin,Ročni,95,12990,Pravna oseba
Seat Ateca,Seat,2021,691234,Bencin,Ročni,110,15790,Pravna oseba
Seat Arona,Seat,2021,60574,Bencin,Ročni,95,11990,Pravna oseba
Renault Captur,Renault,2016,78385,Bencin,Ročni,90,8790,Pravna oseba
Renault Captur,Renault,2015,107541,Bencin,Ročni,90,7390,Pravna oseba
Renault Captur,Renault,2018,81055,Bencin,Ročni,118,9990,Pravna oseba
KIA Stonic,KIA,2020,58263,Bencin,Ročni,101,11390,Pravna oseba
KIA Stonic,KIA,2020,66882,Bencin,Ročni,101,11990,Pravna oseba
Dacia Sandero,Dacia,2018,66345,Bencin,Ročni,90,7990,Pravna oseba
Citroën C4 Grand SpaceTourer,Citroën,2020,100728,Dizel,Ročni,131,13790,Pravna oseba
Mercedes-Benz GLC-Razred,Mercedes-Benz,,,Dizel,Avtomatski,197,,Pravna oseba
Mercedes-Benz GLC-Razred,Mercedes-Benz,,,Dizel,Avtomatski,197,,Pravna oseba
Mercedes-Benz GLC-Razred,Mercedes-Benz,,,Dizel,Avtomatski,197,,Pravna oseba
Mercedes-Benz GLA-Razred,Mercedes-Benz,,,Bencin,Avtomatski,163,,Pravna oseba
Mercedes-Benz GLA-Razred,Mercedes-Benz,,,Dizel,Avtomatski,150,,Pravna oseba
Mercedes-Benz C-Razred,Mercedes-Benz,,,Dizel,Avtomatski,163,,Pravna oseba
Mercedes-Benz CLA-Razred,Mercedes-Benz,,,Bencin,Avtomatski,156,,Pravna oseba
Mercedes-Benz CLA-Razred,Mercedes-Benz,2025,10076,Bencin,Avtomatski,163,36990,Pravna oseba
Mercedes-Benz B-Razred,Mercedes-Benz,,,Bencin,Avtomatski,136,,Pravna oseba
Mercedes-Benz B-Razred,Mercedes-Benz,2025,11700,Bencin,Avtomatski,136,,Pravna oseba
Mercedes-Benz GLC-Razred,Mercedes-Benz,,,Dizel,Avtomatski,197,,Pravna oseba
Mercedes-Benz GLC-Razred,Mercedes-Benz,,,Bencin,Avtomatski,204,,Pravna oseba
Volkswagen Golf,Volkswagen,2015,180000,Bencin,Avtomatski,300,,Pravna oseba
Volkswagen Golf,Volkswagen,2016,291000,Dizel,Ročni,116,,Pravna oseba
Mazda Mazda6e,Mazda,,,,Avtomatski,258,,Pravna oseba
Mercedes-Benz CLA-Razred,Mercedes-Benz,2021,70000,Bencin,Avtomatski,163,,Pravna oseba
Škoda Superb,Škoda,2020,31500,Hibrid,Avtomatski,218,,Pravna oseba
BMW serija X1:,BMW,2021,151000,Dizel,Ročni,116,16499,Pravna oseba
Audi A3,Audi,2017,175006,Hibrid,Avtomatski,204,,Pravna oseba
BMW Serija 2,BMW,2019,130000,Bencin,Ročni,109,,Pravna oseba
BMW serija 5 Touring:,BMW,2018,262000,Dizel,Avtomatski,190,14950,Pravna oseba
BMW X5,BMW,2024,92130,Dizel,Avtomatski,286,Cena po dogovoru,Pravna oseba
Mercedes-Benz CLA-Razred,Mercedes-Benz,,,,Avtomatski,272,,Pravna oseba
Mercedes-Benz GLA-Razred,Mercedes-Benz,,,Bencin,Avtomatski,136,,Pravna oseba
Volkswagen Multivan,Volkswagen,,,Dizel,Avtomatski,150,,Pravna oseba
Mercedes-Benz CLA-Razred,Mercedes-Benz,,,,Avtomatski,272,,Pravna oseba
Forthing T5 EVO,Forthing,2024,36239,Bencin,Avtomatski,177,20990,Pravna oseba
Mercedes-Benz GLA-Razred,Mercedes-Benz,,,Bencin,Avtomatski,136,,Pravna oseba
Mercedes-Benz GLA-Razred,Mercedes-Benz,,,Bencin,Avtomatski,136,,Pravna oseba
Porsche Macan,Porsche,2018,220000,Dizel,Avtomatski,258,29990,Pravna oseba
Mercedes-Benz GLA-Razred,Mercedes-Benz,2025,7797,Dizel,Avtomatski,150,35990,Pravna oseba
BMW serija 1:,BMW,2022,119000,Bencin,Ročni,109,15996,Pravna oseba
Chevrolet Corvette,Chevrolet,2005,80200,Bencin,Ročni,404,40000,Pravna oseba
Audi A4,Audi,2013,279000,Dizel,Ročni,150,11990,Pravna oseba
BMW X1,BMW,2022,132276,Hibrid,Avtomatski,220,17880,Pravna oseba
Peugeot 3008,Peugeot,2023,55000,Hibrid,Avtomatski,299,25500,Pravna oseba
Volkswagen Amarok,Volkswagen,2017,216450,Dizel,Avtomatski,224,22650,Pravna oseba
Hyundai Kona,Hyundai,2026,17160,Hibrid,Avtomatski,94,27872,Pravna oseba
Mazda CX-6e,Mazda,,,,Avtomatski,258,44490,Pravna oseba
Mazda CX-6e,Mazda,,,,Avtomatski,258,43140,Pravna oseba
Mazda CX-6e,Mazda,,,,Avtomatski,258,43940,Pravna oseba
Mazda CX-80,Mazda,,,Dizel,Avtomatski,254,60990,Pravna oseba
Opel Astra,Opel,2024,40174,Bencin,Ročni,110,15490,Pravna oseba
Renault Kadjar,Renault,2019,181315,Dizel,Ročni,150,12590,Pravna oseba
Opel Mokka,Opel,2018,157800,Bencin,Ročni,140,9490,Pravna oseba
Omoda 5,Omoda,2025,6038,Bencin,Avtomatski,147,19990,Pravna oseba
Mitsubishi ASX,Mitsubishi,2018,187329,Bencin,Ročni,117,10700,Pravna oseba
Mazda Mazda6e,Mazda,,,,Avtomatski,245,44690,Pravna oseba
Mazda Mazda6e,Mazda,,,,Avtomatski,245,44690,Pravna oseba
Mazda Mazda6e,Mazda,,,,Avtomatski,258,43240,Pravna oseba
Mazda Mazda6e,Mazda,,,,Avtomatski,258,41290,Pravna oseba
Mazda Mazda6e,Mazda,,,,Avtomatski,258,41110,Pravna oseba
Mazda Mazda3,Mazda,,,Bencin,Ročni,140,27090,Pravna oseba
Mazda Mazda3,Mazda,,,Bencin,Ročni,140,27240,Pravna oseba
Mazda Mazda3,Mazda,,,Bencin,Ročni,140,26940,Pravna oseba
Mazda Mazda2,Mazda,,,Hibrid,Avtomatski,116,20860,Pravna oseba
Mazda Mazda2,Mazda,,,Hibrid,Avtomatski,116,20310,Pravna oseba
Mazda CX-80,Mazda,,,Dizel,Avtomatski,254,60990,Pravna oseba
Mazda CX-60,Mazda,,,Dizel,Avtomatski,254,56790,Pravna oseba
Mazda CX-60,Mazda,,,Dizel,Avtomatski,254,55890,Pravna oseba
Mazda CX-60,Mazda,,,Dizel,Avtomatski,254,55740,Pravna oseba
Mazda CX-60,Mazda,,,Dizel,Avtomatski,254,58490,Pravna oseba
Mazda CX-60,Mazda,2023,94500,Dizel,Avtomatski,254,30990,Pravna oseba
Mazda CX-30,Mazda,,,Bencin,Ročni,140,28410,Pravna oseba
Mazda CX-60,Mazda,2022,110400,Hibrid,Avtomatski,328,33490,Pravna oseba
Jeep Avenger,Jeep,,,Bencin,Avtomatski,101,26990,Pravna oseba
Jeep Avenger,Jeep,,,Bencin,Avtomatski,101,24990,Pravna oseba
Mazda CX-30,Mazda,,,Bencin,Avtomatski,140,30910,Pravna oseba
Mazda CX-30,Mazda,,,Bencin,Ročni,140,28560,Pravna oseba
Mazda CX-30,Mazda,,,Bencin,Ročni,140,28410,Pravna oseba
Geely StarRay,Geely,2026,371,Bencin,Avtomatski,238,30990,Pravna oseba
Mazda CX-30,Mazda,,,Bencin,Avtomatski,140,31460,Pravna oseba
Mazda CX-30,Mazda,,,Bencin,Ročni,140,29260,Pravna oseba
Mazda CX-30,Mazda,,,Bencin,Avtomatski,140,30110,Pravna oseba
Mazda CX-30,Mazda,,,Bencin,Avtomatski,140,29960,Pravna oseba
Mazda CX-30,Mazda,,,Bencin,Avtomatski,140,29810,Pravna oseba
Mazda CX-30,Mazda,,,Bencin,Ročni,140,27910,Pravna oseba
Mazda CX-30,Mazda,,,Bencin,Ročni,140,27760,Pravna oseba
Mazda CX-30,Mazda,,,Bencin,Ročni,140,27610,Pravna oseba
Jeep Wrangler,Jeep,,,Bencin,Avtomatski,272,65489,Pravna oseba
Mazda CX-3,Mazda,2015,140309,Dizel,Ročni,105,10300,Pravna oseba
Jeep Compass,Jeep,,,Bencin,Avtomatski,145,35380,Pravna oseba
Jeep Compass,Jeep,2025,13102,Bencin,Avtomatski,131,23490,Pravna oseba
Jeep Avenger,Jeep,,,Bencin,Ročni,101,19990,Pravna oseba
Jeep Avenger,Jeep,,,Bencin,Avtomatski,136,28390,Pravna oseba
Jeep Avenger,Jeep,,,Bencin,Avtomatski,136,28640,Pravna oseba
Jeep Avenger,Jeep,,,Bencin,Ročni,101,23790,Pravna oseba
Geely StarRay,Geely,,,Hibrid,Avtomatski,317,32990,Pravna oseba
Geely Cityray,Geely,,,Bencin,Avtomatski,174,22990,Pravna oseba
Geely Cityray,Geely,,,Bencin,Avtomatski,174,22990,Pravna oseba
Geely Cityray,Geely,,,Bencin,Avtomatski,174,22990,Pravna oseba
Geely Coolray,Geely,2025,7000,Bencin,Avtomatski,174,23490,Pravna oseba
Fiat Grande Panda,Fiat,,,Bencin,Ročni,101,17190,Pravna oseba
Geely Cityray,Geely,,,Bencin,Avtomatski,174,25990,Pravna oseba
Geely Cityray,Geely,,,Bencin,Avtomatski,174,24990,Pravna oseba
Geely Cityray,Geely,,,Bencin,Avtomatski,174,24990,Pravna oseba
Geely Cityray,Geely,,,Bencin,Avtomatski,174,24990,Pravna oseba
Fiat Grande Panda,Fiat,,,Bencin,Avtomatski,101,21380,Pravna oseba
Fiat Grande Panda,Fiat,,,Bencin,Avtomatski,101,21380,Pravna oseba
Fiat Grande Panda,Fiat,,,Bencin,Avtomatski,101,21130,Pravna oseba
Fiat Grande Panda,Fiat,,,Bencin,Avtomatski,101,20950,Pravna oseba
Fiat Grande Panda,Fiat,,,Bencin,Avtomatski,110,18930,Pravna oseba
Fiat Grande Panda,Fiat,,,Bencin,Avtomatski,101,19600,Pravna oseba
Mazda Mazda2,Mazda,,,Hibrid,Avtomatski,116,23660,Pravna oseba
Fiat Panda,Fiat,,,Bencin,Ročni,61,12690,Pravna oseba
Fiat Panda,Fiat,,,Bencin,Ročni,65,11490,Pravna oseba
Fiat Grande Panda,Fiat,,,Hibrid,Avtomatski,101,17890,Pravna oseba
Fiat 600,Fiat,,,Hibrid,Avtomatski,101,20430,Pravna oseba
Fiat 500,Fiat,2013,172895,Bencin,Ročni,69,4990,Pravna oseba
Citroën C4 Grand Picasso,Citroën,2015,185954,Dizel,Ročni,120,7700,Pravna oseba
Volkswagen Passat Variant,Volkswagen,2020,246000,Dizel,Avtomatski,150,14850,Pravna oseba
Mazda CX-80,Mazda,,,Hibrid,Avtomatski,328,68890,Pravna oseba
Mazda CX-80,Mazda,,,Dizel,Avtomatski,254,66990,Pravna oseba
Opel Grandland X,Opel,2018,105270,Bencin,Ročni,131,12700,Pravna oseba
Audi Q3,Audi,2015,165000,Bencin,Ročni,150,9990,Pravna oseba
Škoda Octavia,Škoda,2015,210000,Dizel,Ročni,105,7850,Pravna oseba
BMW serija 3 Gran Turismo:,BMW,2013,254000,Dizel,Ročni,143,7850,Pravna oseba
Audi Q2,Audi,2017,210000,Dizel,Ročni,116,10999,Pravna oseba
BMW serija 3 Touring:,BMW,2017,122500,Dizel,Avtomatski,150,15490,Pravna oseba
Toyota GR Yaris,Toyota,2024,14513,Bencin,Avtomatski,280,43500,Pravna oseba
Volvo EX30,Volvo,2026,5000,,Avtomatski,272,32999,Pravna oseba
KIA PV5,KIA,,,,Avtomatski,163,49599,Pravna oseba
KIA XCeed,KIA,2026,5001,Bencin,Avtomatski,150,24599,Pravna oseba
Renault Talisman,Renault,2018,162000,Dizel,Ročni,131,8700,Fizična oseba
BMW serija X6:,BMW,2016,157010,Bencin,Avtomatski,600,46999,Pravna oseba
Geely CoolRay,Geely,2025,6819,Bencin,Avtomatski,174,21999,Pravna oseba
Peugeot,Peugeot,2020,174341,Dizel,Avtomatski,131,13400,Fizična oseba
KIA Sportage,KIA,2024,18845,Hibrid,Avtomatski,179,35999,Pravna oseba
KIA EV4,KIA,,,,Avtomatski,204,49299,Pravna oseba
Geely EX5,Geely,,,,Avtomatski,218,42990,Pravna oseba
KIA EV3,KIA,,,,Avtomatski,204,34179,Pravna oseba
Zeekr X,Zeekr,,,,Avtomatski,272,34999,Pravna oseba
Zeekr 001,Zeekr,2026,5000,,Avtomatski,544,64790,Pravna oseba
KIA EV3,KIA,,,,Avtomatski,204,34179,Pravna oseba
Zeekr 7X,Zeekr,,,,Avtomatski,646,68590,Pravna oseba
Peugeot 5008,Peugeot,2011,159002,Bencin,Ročni,120,4480,Pravna oseba
KIA EV3,KIA,,,,Avtomatski,204,38699,Pravna oseba
KIA Sportage,KIA,,,Bencin,Avtomatski,179,41799,Pravna oseba
Geely StarRay,Geely,2025,5001,Bencin,Avtomatski,238,28399,Pravna oseba
KIA Sportage,KIA,,,Bencin,Ročni,160,29299,Pravna oseba
Volkswagen Golf,Volkswagen,2024,76000,Dizel,Ročni,150,23990,Pravna oseba
Audi A4 Avant,Audi,2022,143000,Dizel,Avtomatski,163,23490,Pravna oseba
BMW serija 5 Touring:,BMW,2024,13000,Dizel,Avtomatski,197,45700,Pravna oseba
Ford Ecosport,Ford,2022,79900,Bencin,Ročni,125,12700,Pravna oseba
Jaguar I-PACE,Jaguar,2019,88000,,,400,22900,Fizična oseba
Volkswagen Golf,Volkswagen,2007,300000,Dizel,Ročni,105,3890,Fizična oseba
Škoda Karoq,Škoda,2020,58845,Bencin,Avtomatski,150,22498,Pravna oseba
Škoda Octavia,Škoda,2016,220000,Dizel,Ročni,110,6700,Pravna oseba
SsangYong Tivoli,SsangYong,2016,128000,Dizel,Avtomatski,116,6900,Pravna oseba
Renault Scenic,Renault,2016,190000,Dizel,Ročni,95,5700,Pravna oseba
Mercedes-Benz C-Razred,Mercedes-Benz,2016,107000,Bencin,Avtomatski,156,21990,Pravna oseba
BMW Serija 3,BMW,2015,283000,Dizel,Avtomatski,190,8500,Fizična oseba
Mercedes-Benz C-Razred,Mercedes-Benz,2013,320513,Dizel,Ročni,163,5999,Pravna oseba
Volkswagen Passat,Volkswagen,2018,229850,Dizel,Avtomatski,150,10680,Fizična oseba
KIA Optima,KIA,2014,209000,Dizel,Avtomatski,136,7500,Fizična oseba
Audi R8,Audi,2021,53000,Bencin,Avtomatski,620,159950,Pravna oseba
Renault Clio,Renault,2016,186000,Dizel,Ročni,75,5950,Pravna oseba
Hyundai Kona,Hyundai,2021,76000,Bencin,Ročni,120,13990,Pravna oseba
Volkswagen Golf,Volkswagen,2016,249004,Dizel,Ročni,110,7950,Pravna oseba
Volkswagen Passat,Volkswagen,2012,390000,Dizel,Ročni,140,4950,Pravna oseba
Volkswagen Passat,Volkswagen,2019,268000,Dizel,Avtomatski,190,13850,Pravna oseba
Alfa Romeo Stelvio,Alfa,2020,159900,Dizel,Ročni,209,,Pravna oseba
Audi A6 Avant,Audi,2017,213000,Dizel,Avtomatski,272,14850,Pravna oseba
BMW X6,BMW,2021,80405,Bencin,Avtomatski,530,57490,Pravna oseba
Škoda Kodiaq,Škoda,2019,136638,Bencin,Ročni,150,16990,Pravna oseba
BMW X2,BMW,2025,72482,Dizel,Avtomatski,150,41790,Pravna oseba
BMW Serija 3,BMW,2024,17677,Dizel,Avtomatski,150,37990,Pravna oseba
BMW Serija 5,BMW,2025,25478,Dizel,Avtomatski,197,61990,Pravna oseba
BMW X3,BMW,2025,13100,Bencin,Avtomatski,381,75900,Pravna oseba
BMW i4,BMW,2025,12672,,Avtomatski,401,54990,Pravna oseba
BMW serija X3:,BMW,2015,212000,Dizel,Avtomatski,190,12850,Pravna oseba
Audi A6,Audi,2020,255000,Dizel,Avtomatski,204,21850,Pravna oseba
Volvo XC60,Volvo,2025,27165,Bencin,Avtomatski,250,41487,Pravna oseba
Citroën C5 Aircross,Citroën,2020,138000,Dizel,Ročni,131,13866,Pravna oseba
Audi A4 Avant,Audi,2019,200000,Dizel,Avtomatski,163,13950,Pravna oseba
BMW serija X3:,BMW,2017,210000,Dizel,Avtomatski,190,14850,Pravna oseba
Audi A4,Audi,2018,233000,Dizel,Ročni,150,13950,Pravna oseba
Toyota Yaris Cross,Toyota,,,Hibrid,Avtomatski,116,24240,Pravna oseba
Mercedes-Benz EQA,Mercedes-Benz,2023,41451,,Avtomatski,190,31480,Pravna oseba
Volvo XC90,Volvo,2020,128100,Dizel,Avtomatski,235,,Pravna oseba
Volkswagen T-Roc,Volkswagen,2026,6600,Bencin,Avtomatski,150,33790,Pravna oseba
BMW Serija 7,BMW,2017,234500,Dizel,Avtomatski,265,29900,Pravna oseba
Volkswagen Passat,Volkswagen,2023,92000,Dizel,Avtomatski,150,,Pravna oseba
Citroën C4,Citroën,2010,171000,Bencin,Ročni,88,1390,Pravna oseba
BMW serija 3:,BMW,2017,185000,Dizel,Avtomatski,116,11850,Pravna oseba
BMW serija 3:,BMW,2023,161000,Dizel,Avtomatski,150,24850,Pravna oseba
MG ZS,MG,2024,37614,Bencin,Ročni,106,13999,Pravna oseba
Fiat 500X,Fiat,2017,149225,Bencin,Ročni,140,9980,Pravna oseba
Škoda Octavia,Škoda,2021,154358,Dizel,Ročni,116,17000,Fizična oseba
Audi Q3,Audi,2022,132800,Dizel,Avtomatski,200,,Pravna oseba
BMW X3,BMW,2025,24700,Dizel,Avtomatski,197,55555,Pravna oseba
Škoda Octavia,Škoda,2016,210000,Dizel,Avtomatski,184,9990,Fizična oseba
Audi A4,Audi,2020,179000,Dizel,Avtomatski,163,15200,Fizična oseba
Audi A3,Audi,2014,276095,Dizel,Ročni,110,8990,Pravna oseba
Volkswagen Passat Variant,Volkswagen,2015,232662,Dizel,Ročni,150,9490,Pravna oseba
BMW serija X1:,BMW,2018,265202,Dizel,Ročni,116,11500,Pravna oseba
Audi A4,Audi,2012,287441,Dizel,Ročni,143,8850,Pravna oseba
Volkswagen Polo,Volkswagen,2018,167868,Bencin,Ročni,65,7990,Pravna oseba
BMW serija 5:,BMW,2017,2,Dizel,Ročni,190,17800,Pravna oseba
Mercedes-Benz C-Razred,Mercedes-Benz,2018,231016,Dizel,Avtomatski,122,11990,Pravna oseba
Peugeot 508,Peugeot,2021,183496,Dizel,Avtomatski,131,13500,Pravna oseba
Volkswagen Touran,Volkswagen,2015,188522,Dizel,Ročni,110,9350,Pravna oseba
Porsche Macan,Porsche,2015,175123,Dizel,Avtomatski,258,29990,Pravna oseba
Opel Crossland,Opel,2024,26400,Bencin,Ročni,110,13890,Pravna oseba
Mercedes-Benz A-Razred,Mercedes-Benz,2021,129000,Dizel,Avtomatski,116,22690,Pravna oseba
KIA Stonic,KIA,,,Bencin,Ročni,84,16649,Pravna oseba
Ford Kuga,Ford,2011,256305,Dizel,Ročni,140,4850,Pravna oseba
KIA Sportage,KIA,,,Bencin,Ročni,150,26099,Pravna oseba
Audi Q7,Audi,2014,278429,Dizel,Avtomatski,245,15498,Pravna oseba
Peugeot 5008,Peugeot,2014,223388,Dizel,Ročni,114,4498,Pravna oseba
BMW Serija 3,BMW,2008,278104,Dizel,Avtomatski,231,,Pravna oseba
MG ZS,MG,2024,37614,Bencin,Ročni,106,13999,Pravna oseba
Volkswagen Multivan,Volkswagen,2025,33000,Dizel,Avtomatski,150,48950,Pravna oseba
Citroën C3,Citroën,2023,51240,Dizel,Ročni,102,10222,Pravna oseba
Opel Insignia,Opel,2019,170000,Dizel,Ročni,170,10950,Pravna oseba
Audi A3,Audi,2015,245004,Dizel,Ročni,110,8950,Pravna oseba
Volkswagen Passat,Volkswagen,2023,192451,Dizel,Avtomatski,150,15680,Pravna oseba
Volkswagen Golf,Volkswagen,2016,176200,Dizel,Ročni,110,7600,Fizična oseba
Mercedes-Benz GLC-Razred,Mercedes-Benz,2025,19996,Dizel,Avtomatski,269,58990,Pravna oseba
Renault Mégane,Renault,2019,126900,Bencin,Avtomatski,140,10950,Pravna oseba
Volkswagen Amarok,Volkswagen,2017,216450,Dizel,Avtomatski,224,22650,Pravna oseba
Volkswagen Amarok,Volkswagen,2021,158700,Dizel,Avtomatski,258,29950,Pravna oseba
Volkswagen Golf,Volkswagen,2014,108000,Dizel,Avtomatski,150,13990,Pravna oseba
Volkswagen Golf,Volkswagen,2016,187428,Dizel,Avtomatski,110,9490,Pravna oseba
Mercedes-Benz Citan,Mercedes-Benz,2019,173000,Dizel,Ročni,90,8540,Pravna oseba
Opel Combo,Opel,2025,15273,Dizel,Ročni,102,17990,Pravna oseba
Honda CR-V,Honda,,,Hibrid,Avtomatski,184,,Pravna oseba
Honda CR-V,Honda,,,Hibrid,Avtomatski,184,,Pravna oseba
Citroën Jumper,Citroën,2020,231769,Dizel,Ročni,140,10990,Pravna oseba
BMW Serija 2,BMW,2020,149715,Dizel,Ročni,116,13400,Pravna oseba
BMW X7,BMW,2023,61500,Dizel,Ročni,340,84990,Pravna oseba
BMW serija 5:,BMW,2014,177000,Dizel,Avtomatski,184,14850,Pravna oseba
BMW serija X1:,BMW,2017,206000,Dizel,Ročni,150,12850,Pravna oseba
Renault Captur,Renault,2015,20301,Bencin,Ročni,90,8990,Pravna oseba
KIA Sportage,KIA,,,Bencin,Avtomatski,150,39599,Pravna oseba
KIA Stonic,KIA,,,Bencin,Ročni,84,16649,Pravna oseba
KIA Sportage,KIA,,,Bencin,Avtomatski,150,35299,Pravna oseba
KIA Sportage,KIA,,,Bencin,Avtomatski,150,27799,Pravna oseba
SsangYong Tivoli,SsangYong,,,Bencin,Ročni,163,19999,Pravna oseba
KIA Sportage,KIA,,,Bencin,Avtomatski,150,35299,Pravna oseba
KIA XCeed,KIA,2026,11404,Bencin,Avtomatski,150,23999,Pravna oseba
KIA XCeed,KIA,,,Bencin,Avtomatski,150,24799,Pravna oseba
Geely StarRay EM-i,Geely,,,Hibrid,Avtomatski,99,32990,Pravna oseba
KIA EV5,KIA,,,,Avtomatski,218,Cena po dogovoru,Pravna oseba
KIA Sportage,KIA,,,Hibrid,Avtomatski,179,43299,Pravna oseba
KIA Rio,KIA,2018,104456,Bencin,Ročni,84,8999,Pravna oseba
SsangYong Musso,SsangYong,,,Dizel,Avtomatski,201,38499,Pravna oseba
KIA Sportage,KIA,,,Bencin,Avtomatski,160,30099,Pravna oseba
KIA XCeed,KIA,,,Bencin,Ročni,116,23599,Pravna oseba
Geely CoolRay,Geely,,,Bencin,Avtomatski,174,26990,Pravna oseba
KIA Sportage,KIA,,,Bencin,Avtomatski,160,27799,Pravna oseba
KIA XCeed,KIA,,,Bencin,Ročni,116,23599,Pravna oseba
KIA Stonic,KIA,,,Bencin,Ročni,79,16649,Pravna oseba
KIA Sportage,KIA,,,Bencin,Avtomatski,150,39599,Pravna oseba
KIA Sportage,KIA,,,Bencin,Avtomatski,160,30099,Pravna oseba
KIA XCeed,KIA,,,Bencin,Avtomatski,150,31299,Pravna oseba
KIA Sorento,KIA,,,Dizel,Avtomatski,193,65399,Pravna oseba
KIA EV3,KIA,,,,Avtomatski,204,34179,Pravna oseba
KIA Sportage,KIA,2026,5001,Bencin,Avtomatski,150,27499,Pravna oseba
KIA XCeed,KIA,2023,89817,Bencin,Avtomatski,159,18990,Pravna oseba
Renault Zoe,Renault,2020,77072,,Avtomatski,136,,Pravna oseba
Renault Modus,Renault,,118887,Bencin,Ročni,75,3990,Pravna oseba
Renault Clio,Renault,,79421,Bencin,Ročni,76,8990,Pravna oseba
Opel Mokka,Opel,2021,36276,Bencin,Ročni,131,15400,Fizična oseba
Volkswagen T-Cross,Volkswagen,,,Bencin,Ročni,116,22974,Pravna oseba
Mercedes-Benz S-Razred,Mercedes-Benz,2021,182000,Dizel,Avtomatski,286,74900,Pravna oseba
Dacia Sandero,Dacia,2024,63873,Bencin,Ročni,91,11442,Pravna oseba
KIA XCeed,KIA,2023,80192,Bencin,Ročni,159,20499,Pravna oseba
Dacia Sandero,Dacia,2024,63873,Bencin,Ročni,91,11442,Pravna oseba
Ford EcoSport,Ford,,118777,Bencin,Ročni,125,9990,Pravna oseba
Peugeot iOn,Peugeot,2012,89000,,Avtomatski,67,3999,Pravna oseba
Volvo C70,Volvo,2012,199930,Dizel,Avtomatski,150,10999,Pravna oseba
Opel Cascada,Opel,2016,106120,Dizel,Ročni,170,11799,Pravna oseba
Audi Q3,Audi,2020,140000,Bencin,Avtomatski,150,25999,Pravna oseba
Peugeot 308,Peugeot,2009,55000,Bencin,Ročni,120,2999,Pravna oseba
Mercedes-Benz C-Razred,Mercedes-Benz,2004,225000,Bencin,Ročni,163,2499,Pravna oseba
BMW serija X1:,BMW,2014,283299,Dizel,Ročni,116,8999,Pravna oseba
Chevrolet Cruze,Chevrolet,2011,161000,Bencin,Ročni,124,2499,Pravna oseba
Mercedes-Benz A-Razred,Mercedes-Benz,2014,282344,Dizel,Ročni,109,7999,Pravna oseba
Renault Scenic,Renault,2010,240000,Dizel,Ročni,131,3999,Pravna oseba
BMW serija 1 Cabrio:,BMW,2010,240000,Dizel,Avtomatski,177,9999,Pravna oseba
BMW 2002,BMW,1968,60000,Bencin,Avtomatski,92,24999,Pravna oseba
Opel Antara,Opel,2009,198000,Dizel,Avtomatski,150,3999,Pravna oseba
Jaguar F-Pace,Jaguar,2018,97000,Dizel,Avtomatski,179,22999,Pravna oseba
Volkswagen Tiguan,Volkswagen,2009,200100,Dizel,Avtomatski,140,8999,Pravna oseba
Citroën C4 SpaceTourer,Citroën,2021,170400,Dizel,Avtomatski,131,11999,Pravna oseba
Toyota Auris,Toyota,2008,291635,Dizel,Ročni,126,2999,Pravna oseba
Ford C-Max,Ford,2014,170204,Bencin,Ročni,125,3999,Pravna oseba
KIA Ceed SW,KIA,2010,185034,Bencin,Ročni,90,3999,Pravna oseba
Citroën C2,Citroën,2005,139000,Bencin,Ročni,60,,Pravna oseba
Citroën Berlingo,Citroën,2011,310330,Dizel,Ročni,90,3999,Pravna oseba
Jeep Compass,Jeep,2018,142532,Dizel,Avtomatski,140,16999,Pravna oseba
BMW serija 3 Touring:,BMW,2012,310200,Dizel,Avtomatski,184,5999,Pravna oseba
Ford Focus,Ford,2009,239000,Dizel,Ročni,90,,Pravna oseba
BMW serija X4:,BMW,2020,170040,Dizel,Avtomatski,265,36999,Pravna oseba
BMW serija 5:,BMW,2019,270800,Dizel,Avtomatski,190,23999,Pravna oseba
BMW serija 5 Touring:,BMW,2021,206000,Hibrid,Avtomatski,392,31999,Pravna oseba
BMW serija 5:,BMW,2007,412000,Dizel,Avtomatski,235,3499,Pravna oseba
Audi RS5,Audi,2017,135000,Bencin,Avtomatski,450,42900,Pravna oseba
Peugeot 3008,Peugeot,2018,146000,Bencin,Ročni,131,10990,Pravna oseba
Mercedes-Benz X-Razred,Mercedes-Benz,2018,234000,Dizel,Avtomatski,204,28499,Pravna oseba
Hyundai ix35,Hyundai,2013,190500,Dizel,Ročni,116,5999,Pravna oseba
Volkswagen Golf,Volkswagen,2015,205057,Dizel,Ročni,150,10999,Pravna oseba
Mazda Mazda3,Mazda,2017,191003,Bencin,Ročni,120,11999,Pravna oseba
Toyota Yaris,Toyota,2007,250300,Bencin,Ročni,87,1599,Pravna oseba
Porsche Cayenne Coupe,Porsche,2023,34000,Bencin,Avtomatski,340,89999,Pravna oseba
BMW serija X3:,BMW,2022,50000,Bencin,Avtomatski,503,63999,Pravna oseba
MINI Cooper,MINI,2014,230000,Bencin,Ročni,192,9999,Pravna oseba
BMW serija 5:,BMW,2018,169942,Dizel,Avtomatski,190,21498,Pravna oseba
Ford Focus,Ford,2018,166476,Bencin,Ročni,125,7498,Pravna oseba
Ford Tourneo Connect,Ford,2017,188920,Dizel,Ročni,101,8498,Pravna oseba
Seat Alhambra,Seat,2013,213142,Dizel,Avtomatski,140,11498,Pravna oseba
KIA Pro_Ceed,KIA,2015,97888,Bencin,Ročni,99,6998,Pravna oseba
Citroën DS5,Citroën,2017,222031,Dizel,Ročni,120,8999,Pravna oseba
BMW serija 4 Gran Coupe:,BMW,2022,122594,Dizel,Avtomatski,190,32995,Pravna oseba
Peugeot 5008,Peugeot,2018,158383,Dizel,Ročni,131,13998,Pravna oseba
Ford Transit Custom,Ford,2018,263128,Dizel,Ročni,131,10498,Pravna oseba
Renault Talisman,Renault,2016,240220,Dizel,Avtomatski,160,8698,Pravna oseba
KIA Sportage,KIA,2012,228452,Dizel,Ročni,116,6998,Pravna oseba
Seat Leon,Seat,2015,225257,Dizel,Ročni,105,6998,Pravna oseba
Ford Fiesta,Ford,2016,97811,Bencin,Ročni,82,7498,Pravna oseba
Volkswagen Transporter,Volkswagen,2017,165522,Dizel,Ročni,150,21498,Pravna oseba
Audi Q5,Audi,2013,290808,Dizel,Avtomatski,177,11498,Pravna oseba
BMW serija 2 Active Tourer:,BMW,2020,175678,Dizel,Avtomatski,116,12998,Pravna oseba
Mercedes-Benz C-Razred,Mercedes-Benz,2015,194416,Dizel,Ročni,136,10998,Pravna oseba
Volvo XC40,Volvo,2019,146495,Dizel,Avtomatski,150,18998,Pravna oseba
Volvo V90,Volvo,2018,210792,Dizel,Avtomatski,150,13998,Pravna oseba
Peugeot 5008,Peugeot,2019,217690,Dizel,Avtomatski,131,12498,Pravna oseba
Volkswagen Touran,Volkswagen,2010,201037,Bencin,Ročni,105,4998,Pravna oseba
Audi A4 Avant,Audi,2014,201766,Dizel,Ročni,150,10498,Pravna oseba
Volvo V40 Cross Country,Volvo,2017,140461,Dizel,Avtomatski,120,11998,Pravna oseba
Volkswagen T-Roc,Volkswagen,2019,109000,Bencin,Avtomatski,150,18998,Pravna oseba
Škoda Octavia,Škoda,2014,254272,Dizel,Ročni,184,8498,Pravna oseba
Seat Altea,Seat,2011,95013,Dizel,Ročni,105,5998,Pravna oseba
Mercedes-Benz GLC-Razred,Mercedes-Benz,2018,194420,Dizel,Avtomatski,170,20998,Pravna oseba
KIA Sportage,KIA,2012,153939,Dizel,Ročni,116,7598,Pravna oseba
Mercedes-Benz GLE-Razred,Mercedes-Benz,2016,229300,Dizel,Avtomatski,204,22498,Pravna oseba
Mazda CX-5,Mazda,2018,143587,Dizel,Avtomatski,150,16498,Pravna oseba
Land Rover Range Rover Velar,Land,2023,53926,Dizel,Avtomatski,204,49998,Pravna oseba
Opel Crossland X,Opel,2021,191122,Bencin,Ročni,110,6298,Pravna oseba
Volvo XC60,Volvo,2014,165246,Bencin,Avtomatski,245,14998,Pravna oseba
Škoda Superb,Škoda,2017,271608,Dizel,Ročni,150,8998,Pravna oseba
Hyundai ix35,Hyundai,2013,121735,Dizel,Ročni,136,9498,Pravna oseba
BMW serija 5 Touring:,BMW,2017,220502,Dizel,Avtomatski,190,14495,Pravna oseba
Volvo XC60,Volvo,2016,275455,Dizel,Avtomatski,190,13198,Pravna oseba
Opel Mokka,Opel,2015,172745,Bencin,Ročni,140,6998,Pravna oseba
Citroën C4 Cactus,Citroën,2017,120908,Bencin,Ročni,110,6498,Pravna oseba
Volkswagen Tiguan,Volkswagen,2018,124256,Bencin,Ročni,150,15998,Pravna oseba
Audi A6 Avant,Audi,2019,181000,Dizel,Avtomatski,286,25998,Pravna oseba
Volvo XC40,Volvo,2019,152000,Bencin,Ročni,163,17798,Pravna oseba
Audi A4,Audi,2014,305416,Dizel,Ročni,150,7650,Pravna oseba
KIA Sportage,KIA,2016,126516,Dizel,Avtomatski,185,14998,Pravna oseba
Opel Antara,Opel,2015,107208,Dizel,Ročni,163,6498,Pravna oseba
Škoda Superb,Škoda,2018,157800,Bencin,Ročni,150,16498,Pravna oseba
Opel Insignia,Opel,2019,254927,Bencin,Ročni,165,8888,Pravna oseba
Mercedes-Benz E-Razred,Mercedes-Benz,2017,189145,Dizel,Avtomatski,194,19295,Pravna oseba
Volkswagen Passat Variant,Volkswagen,2023,25241,Dizel,Avtomatski,150,27998,Pravna oseba
Mercedes-Benz GLA-Razred,Mercedes-Benz,2017,203885,Bencin,Ročni,122,11498,Pravna oseba
Honda Civic,Honda,2012,129000,Bencin,Ročni,101,7998,Pravna oseba
KIA Niro,KIA,2019,149695,Hibrid,Avtomatski,105,13250,Pravna oseba
Peugeot 308,Peugeot,2020,249590,Bencin,Ročni,131,4498,Pravna oseba
Audi Q8,Audi,2024,19800,Dizel,Avtomatski,286,89990,Pravna oseba
KIA Optima,KIA,2017,206888,Hibrid,Avtomatski,156,10998,Pravna oseba
Citroën C4 Picasso,Citroën,2016,135039,Dizel,Ročni,99,7395,Pravna oseba
Smart fortwo,Smart,2022,13726,,Avtomatski,82,11698,Pravna oseba
Mercedes-Benz CLA Shooting Brake,Mercedes-Benz,2022,169000,Dizel,Ročni,116,17885,Pravna oseba
Volkswagen Touran,Volkswagen,2017,176684,Dizel,Avtomatski,116,10990,Pravna oseba
Jaguar XE,Jaguar,2017,183000,Dizel,Ročni,163,13875,Pravna oseba
Seat Leon,Seat,2019,99987,Bencin,Ročni,116,11845,Pravna oseba
Peugeot 2008,Peugeot,2017,110000,Bencin,Ročni,82,8290,Pravna oseba
Peugeot 3008,Peugeot,2018,89000,Bencin,Ročni,131,12788,Pravna oseba
Peugeot 308,Peugeot,2019,145000,Dizel,Ročni,102,7990,Pravna oseba
BMW serija 2 Gran Tourer:,BMW,2019,152000,Dizel,Ročni,116,11688,Pravna oseba
BMW serija 2 Gran Tourer:,BMW,2018,142000,Dizel,Ročni,116,12879,Pravna oseba
Peugeot 5008,Peugeot,2019,175000,Bencin,Ročni,131,11985,Pravna oseba
BMW serija X6:,BMW,2021,106000,Dizel,Avtomatski,286,49890,Pravna oseba
Peugeot 3008,Peugeot,2023,78314,Hibrid,Avtomatski,299,18880,Pravna oseba
Mercedes-Benz CLA Shooting Brake,Mercedes-Benz,2020,154000,Dizel,Ročni,116,17875,Pravna oseba
Mercedes-Benz A-Razred,Mercedes-Benz,2017,161000,Bencin,Ročni,156,14997,Pravna oseba
MINI Clubman,MINI,2014,134000,Bencin,Ročni,98,6875,Pravna oseba
BMW X3,BMW,2025,12879,Hibrid,Avtomatski,190,75870,Pravna oseba
Mazda CX-30,Mazda,2022,50900,Bencin,Ročni,122,,Pravna oseba
KIA Sportage,KIA,2015,127572,Bencin,Ročni,135,7990,Pravna oseba
BMW Serija 5,BMW,2024,32900,Dizel,Avtomatski,197,51990,Pravna oseba
Mazda CX-30,Mazda,,,Bencin,Ročni,140,,Pravna oseba
Mazda CX-30,Mazda,,,Bencin,Avtomatski,140,,Pravna oseba
Mazda CX-30,Mazda,,,Bencin,Ročni,140,,Pravna oseba
Toyota Avensis,Toyota,2013,249000,Dizel,Ročni,150,6750,Fizična oseba
Suzuki Jimny,Suzuki,2022,93000,Bencin,Ročni,102,24500,Fizična oseba
Peugeot 308,Peugeot,2015,140000,Bencin,Ročni,110,5550,Pravna oseba
Opel Insignia,Opel,2019,160000,Dizel,Ročni,110,9500,Pravna oseba
Opel Corsa,Opel,2012,210000,Dizel,Ročni,75,3350,Pravna oseba
Škoda Rapid,Škoda,2014,190000,Dizel,Ročni,90,6400,Pravna oseba
Citroën C3,Citroën,2015,165000,Bencin,Ročni,82,4350,Pravna oseba
Opel Astra,Opel,2017,200000,Dizel,Ročni,110,7850,Pravna oseba
Volvo V40,Volvo,2014,210000,Dizel,Ročni,114,5800,Pravna oseba
Fiat 500,Fiat,2016,175000,Dizel,Ročni,95,7250,Pravna oseba
Seat Ibiza,Seat,2010,210000,Dizel,Ročni,90,4300,Pravna oseba
Nissan Qashqai,Nissan,2017,195053,Dizel,Avtomatski,131,11500,Pravna oseba
Volkswagen Passat Variant,Volkswagen,2012,234000,Dizel,Avtomatski,140,7650,Pravna oseba
Škoda Roomster,Škoda,2014,217000,Dizel,Ročni,90,5650,Pravna oseba
Volkswagen Golf Plus,Volkswagen,2012,194900,Dizel,Ročni,105,5200,Pravna oseba
Škoda Rapid,Škoda,2014,200000,Dizel,Ročni,105,6500,Pravna oseba
Škoda Roomster,Škoda,2012,230000,Dizel,Ročni,105,4800,Pravna oseba
Volkswagen Caddy,Volkswagen,2011,246845,Dizel,Ročni,75,6100,Pravna oseba
Volkswagen Golf,Volkswagen,2010,241000,Bencin,Ročni,105,4800,Pravna oseba
Škoda Octavia,Škoda,2014,250000,Dizel,Ročni,150,8800,Pravna oseba
Audi A6 Avant,Audi,2014,305000,Dizel,Avtomatski,136,8500,Pravna oseba
Ford Focus,Ford,2015,189000,Dizel,Ročni,116,5800,Pravna oseba
Škoda Superb,Škoda,2022,208000,Dizel,Avtomatski,150,16600,Pravna oseba
Audi Q5,Audi,2014,231571,Dizel,Ročni,177,12450,Pravna oseba
Ford Focus,Ford,2021,118850,Dizel,Ročni,120,13999,Pravna oseba
Volkswagen Polo,Volkswagen,2011,245000,Dizel,Ročni,75,4300,Pravna oseba
Volkswagen Polo,Volkswagen,2013,207700,Dizel,Ročni,90,4850,Pravna oseba
Volkswagen Golf Plus,Volkswagen,2012,252000,Dizel,Ročni,140,5400,Pravna oseba
BMW Serija 3,BMW,2023,85853,Dizel,Avtomatski,190,35999,Pravna oseba
Mercedes-Benz GLE-Razred,Mercedes-Benz,2017,232500,Dizel,Avtomatski,204,24999,Pravna oseba
BMW M4,BMW,2021,73600,Bencin,Avtomatski,510,62999,Pravna oseba
Audi A6,Audi,2019,210724,Dizel,Avtomatski,231,28499,Pravna oseba
Audi A6,Audi,2019,210724,Dizel,Avtomatski,231,28499,Pravna oseba
Mercedes-Benz A-Razred,Mercedes-Benz,2023,91500,Dizel,Avtomatski,150,24999,Pravna oseba
BMW X1,BMW,2024,78126,Bencin,Avtomatski,218,37900,Pravna oseba
KIA Ceed,KIA,2019,135233,Bencin,Avtomatski,140,11490,Pravna oseba
Volkswagen Multivan,Volkswagen,2015,119000,Dizel,Avtomatski,204,27999,Pravna oseba
Mercedes-Benz GLE-Razred,Mercedes-Benz,2023,21900,Bencin,Avtomatski,489,89300,Pravna oseba
Land Rover Range Rover Sport,Land,2016,118000,Dizel,Avtomatski,249,22999,Pravna oseba
BMW i3,BMW,2021,76000,,Avtomatski,184,24999,Pravna oseba
BMW X3,BMW,2025,1300,Hibrid,Avtomatski,299,59999,Pravna oseba
Audi A6,Audi,2018,137000,Dizel,Avtomatski,286,32999,Pravna oseba
Opel Grandland X,Opel,2021,78805,Dizel,Avtomatski,131,14550,Pravna oseba
BMW X3,BMW,2021,160000,Dizel,Avtomatski,150,21990,Pravna oseba
BMW Serija 1,BMW,2025,7150,Bencin,Avtomatski,150,29900,Pravna oseba
Porsche Panamera,Porsche,2018,189857,Bencin,Avtomatski,330,44999,Pravna oseba
Opel Astra,Opel,2021,85912,Dizel,Ročni,105,9999,Pravna oseba
Volkswagen Touran,Volkswagen,2020,120259,Bencin,Avtomatski,150,17999,Pravna oseba
Lexus ES,Lexus,2020,105050,Bencin,Avtomatski,178,39111,Pravna oseba
Audi TT,Audi,2015,170652,Bencin,Avtomatski,230,19999,Pravna oseba
BMW Serija 5,BMW,2018,271216,Dizel,Avtomatski,265,19990,Pravna oseba
Renault Captur,Renault,2022,42600,Hibrid,Avtomatski,145,18299,Pravna oseba
Volkswagen Arteon,Volkswagen,2019,112300,Dizel,Avtomatski,150,24900,Pravna oseba
Audi Q5,Audi,2017,158738,Dizel,Avtomatski,190,22899,Pravna oseba
Mercedes-Benz CLA-Razred,Mercedes-Benz,2024,35320,Dizel,Avtomatski,150,37900,Pravna oseba
Mercedes-Benz E-Razred,Mercedes-Benz,2022,59900,Bencin,Avtomatski,435,59800,Pravna oseba
BMW Serija 3,BMW,2022,62000,Hibrid,Avtomatski,204,33990,Pravna oseba
Mercedes-Benz C-Razred,Mercedes-Benz,2019,46610,Bencin,Avtomatski,476,68900,Pravna oseba
Ford Mustang,Ford,2016,71800,Bencin,Ročni,533,59999,Pravna oseba
Alfa Romeo Tonale,Alfa,2024,51657,Bencin,Avtomatski,160,28999,Pravna oseba
BMW Serija 1,BMW,2021,99748,Dizel,Avtomatski,116,19990,Pravna oseba
BMW Serija 3,BMW,2018,134318,Dizel,Avtomatski,116,11999,Pravna oseba
Audi A4,Audi,2016,195895,Dizel,Avtomatski,150,10999,Pravna oseba
Mercedes-Benz GLB-Razred,Mercedes-Benz,2022,129996,Dizel,Avtomatski,150,25900,Pravna oseba
Mercedes-Benz GLE-Razred,Mercedes-Benz,2024,40000,Dizel,Avtomatski,367,99900,Pravna oseba
BMW Serija 2,BMW,2023,29387,Dizel,Avtomatski,150,23990,Pravna oseba
BMW Serija 5,BMW,2025,18054,Dizel,Avtomatski,303,70999,Pravna oseba
BMW X1,BMW,2024,84655,Dizel,Avtomatski,211,39999,Pravna oseba
BMW Serija 5,BMW,2025,31356,Dizel,Avtomatski,197,59999,Pravna oseba
BMW Serija 1,BMW,2022,51283,Bencin,Avtomatski,109,20999,Pravna oseba
BMW X5,BMW,2023,34100,Hibrid,Avtomatski,489,79999,Pravna oseba
BMW Serija 5,BMW,2021,129120,Dizel,Avtomatski,340,42900,Pravna oseba
Mercedes-Benz V-Razred,Mercedes-Benz,2018,260515,Dizel,Avtomatski,204,29999,Pravna oseba
Mercedes-Benz GLC-Razred,Mercedes-Benz,2017,155000,Dizel,Avtomatski,258,27500,Pravna oseba
Mercedes-Benz V-Razred,Mercedes-Benz,2022,128500,Dizel,Avtomatski,190,42999,Pravna oseba
Mercedes-Benz GLE-Razred,Mercedes-Benz,2025,6100,Bencin,Avtomatski,435,112900,Pravna oseba
BMW Serija 3,BMW,2023,64803,Dizel,Avtomatski,150,29999,Pravna oseba
BMW Serija 8,BMW,2021,151522,Dizel,Avtomatski,340,41900,Pravna oseba
BMW X3,BMW,2024,51460,Dizel,Avtomatski,197,54999,Pravna oseba
BMW Serija 5,BMW,2017,200000,Bencin,Avtomatski,340,28550,Pravna oseba
Smart Smart fortwo,Smart,2023,9700,,Avtomatski,56,12980,Pravna oseba
Volkswagen Passat,Volkswagen,2023,88480,Dizel,Avtomatski,150,26999,Pravna oseba
BMW X1,BMW,2018,179434,Dizel,Avtomatski,150,17850,Pravna oseba
Porsche 911,Porsche,2022,59112,Bencin,Avtomatski,480,134999,Pravna oseba
Volkswagen Sharan,Volkswagen,2021,216331,Bencin,Avtomatski,150,16999,Pravna oseba
BMW Serija 7,BMW,2021,37709,Dizel,Avtomatski,340,59999,Pravna oseba
Peugeot 5008,Peugeot,2024,100222,Bencin,Avtomatski,131,21999,Pravna oseba
DS DS 7 Crossback,DS,2022,93084,Bencin,Avtomatski,181,19800,Pravna oseba
BMW X3,BMW,2012,178000,Dizel,Avtomatski,313,15999,Pravna oseba
Mercedes-Benz V-Razred,Mercedes-Benz,2022,109127,Dizel,Avtomatski,237,51999,Pravna oseba
BMW X7,BMW,2022,114000,Dizel,Avtomatski,340,69900,Pravna oseba
BMW X4,BMW,2016,267435,Dizel,Avtomatski,190,14990,Pravna oseba
Lexus LBX,Lexus,2025,33614,Hibrid,Avtomatski,91,30999,Pravna oseba
Renault Clio,Renault,2020,81223,Bencin,Ročni,101,8999,Pravna oseba
Mercedes-Benz CLA-Razred,Mercedes-Benz,2019,182286,Bencin,Avtomatski,224,24900,Pravna oseba
Abarth 595,Abarth,2014,96000,Bencin,Avtomatski,140,12350,Pravna oseba
Škoda Octavia,Škoda,2016,242262,Dizel,Avtomatski,110,6990,Pravna oseba
BMW Serija 4,BMW,2023,89511,Dizel,Avtomatski,190,38999,Pravna oseba
Volkswagen Tiguan,Volkswagen,2024,14662,Dizel,Avtomatski,150,29280,Pravna oseba
Mercedes-Benz B-Razred,Mercedes-Benz,2013,237000,Dizel,Ročni,109,6850,Pravna oseba
Audi A3,Audi,2019,189000,Bencin,Ročni,116,11850,Pravna oseba
Renault Scenic,Renault,2017,136000,Bencin,Ročni,116,7950,Pravna oseba
Audi A5 Sportback,Audi,2018,245000,Dizel,Avtomatski,218,17850,Pravna oseba
Audi A5 Sportback,Audi,2019,222000,Dizel,Avtomatski,150,19850,Pravna oseba
KIA Sportage,KIA,2011,173000,Dizel,Ročni,136,7990,Pravna oseba
Škoda Octavia,Škoda,2014,188000,Bencin,Ročni,105,5990,Fizična oseba
Volkswagen T-Cross,Volkswagen,2020,90500,Bencin,Avtomatski,116,15900,Fizična oseba
Volkswagen Touran,Volkswagen,2019,235203,Dizel,Ročni,150,14940,Pravna oseba
Audi A5,Audi,2016,232852,Dizel,Avtomatski,190,13940,Pravna oseba
Peugeot,Peugeot,2016,122000,Dizel,Ročni,120,7700,Fizična oseba
Renault Safrane,Renault,1999,265134,Bencin,Ročni,163,2200,Fizična oseba
Audi A3,Audi,2009,274000,Bencin,Ročni,125,2600,Fizična oseba
Hongqi H5,Hongqi,,,Bencin,Avtomatski,218,41900,Pravna oseba
Volkswagen Touareg,Volkswagen,2026,23006,Dizel,Avtomatski,286,69880,Pravna oseba
BMW serija 3 Touring:,BMW,2020,156732,Bencin,Avtomatski,374,35950,Pravna oseba
Ford Focus,Ford,2024,141300,Bencin,Ročni,125,,Pravna oseba
KIA XCeed,KIA,2022,58718,Bencin,Ročni,120,15999,Pravna oseba
Škoda Superb,Škoda,2019,191000,Dizel,Avtomatski,150,14790,Pravna oseba
Fiat 500,Fiat,2011,203101,Bencin,Ročni,84,4450,Pravna oseba
Volkswagen Tiguan,Volkswagen,2010,248848,Dizel,Ročni,170,7990,Pravna oseba
Ford Transit Custom,Ford,,28443,Dizel,Avtomatski,170,41900,Pravna oseba
BMW Serija 3,BMW,2015,374500,Dizel,Avtomatski,150,9900,Pravna oseba
Hyundai Tucson,Hyundai,2026,1100,Bencin,Ročni,150,32900,Fizična oseba
Mazda Mazda6,Mazda,2016,252000,Dizel,Avtomatski,175,,Pravna oseba
Hyundai Kona,Hyundai,2018,84000,Bencin,Ročni,120,12290,Pravna oseba
Volkswagen Golf,Volkswagen,2016,217000,Dizel,Ročni,110,8950,Pravna oseba
Volkswagen Tiguan,Volkswagen,2018,240000,Dizel,Avtomatski,150,16950,Pravna oseba
Škoda Octavia,Škoda,2024,67378,Bencin,Ročni,150,20490,Pravna oseba
Mercedes-Benz C-Razred,Mercedes-Benz,2017,162005,Dizel,Avtomatski,170,14990,Pravna oseba
Renault Captur,Renault,2022,95654,Hibrid,Avtomatski,143,13880,Pravna oseba
Alfa Romeo Stelvio,Alfa,2018,163849,Dizel,Avtomatski,209,16990,Pravna oseba
Audi A6 Avant,Audi,2020,195400,Dizel,Avtomatski,204,25950,Pravna oseba
Zeekr 7X,Zeekr,2026,5000,,Avtomatski,646,64990,Pravna oseba
Fiat Panda,Fiat,2016,92000,Bencin,Ročni,69,6500,Fizična oseba
Mercedes-Benz GLE-Razred,Mercedes-Benz,2021,136000,Dizel,Avtomatski,330,55500,Fizična oseba
Audi A4,Audi,2019,217871,Dizel,Avtomatski,190,16999,Pravna oseba
Citroën C3,Citroën,2017,120900,Dizel,Ročni,75,6300,Fizična oseba
Toyota Land Cruiser,Toyota,2026,9397,Dizel,Avtomatski,204,85880,Pravna oseba
Citroën C5,Citroën,2020,108400,Bencin,Ročni,131,10250,Fizična oseba
Volkswagen Golf,Volkswagen,2002,172181,Bencin,Ročni,105,Cena po dogovoru,Pravna oseba
Porsche Panamera,Porsche,2015,146000,Dizel,Avtomatski,300,29990,Pravna oseba
Peugeot 2008,Peugeot,2020,111000,Bencin,Ročni,131,11590,Pravna oseba
BMW serija X5:,BMW,2022,110000,Dizel,Avtomatski,286,48590,Pravna oseba
Nissan Qashqai,Nissan,2023,128700,Bencin,Avtomatski,158,18890,Pravna oseba
Opel Crossland,Opel,2024,28300,Bencin,Ročni,110,13990,Pravna oseba
Audi A6 Avant,Audi,2021,144000,Dizel,Avtomatski,204,26590,Pravna oseba
Volkswagen Golf,Volkswagen,2022,129000,Dizel,Avtomatski,116,19890,Pravna oseba
Ford Fiesta,Ford,2022,124000,Bencin,Ročni,101,10790,Pravna oseba
Audi Q8,Audi,2020,128000,Dizel,Avtomatski,286,54590,Pravna oseba
Volkswagen Golf,Volkswagen,,94500,Bencin,Avtomatski,320,34950,Fizična oseba
Dacia Duster,Dacia,,,Plin,Avtomatski,154,Cena po dogovoru,Pravna oseba
Volkswagen Transporter,Volkswagen,2014,239572,Dizel,Ročni,102,12000,Pravna oseba
BMW M4,BMW,2022,19000,Bencin,Avtomatski,510,79900,Pravna oseba
BMW serija 5 Touring:,BMW,2014,172378,Dizel,Avtomatski,184,12990,Pravna oseba
BMW serija 3:,BMW,2016,254472,Dizel,Avtomatski,116,13490,Pravna oseba
Volkswagen Golf,Volkswagen,2017,166078,Dizel,Avtomatski,116,13990,Pravna oseba
Audi A6 Avant,Audi,2015,343779,Dizel,Avtomatski,190,12490,Pravna oseba
Mercedes-Benz AMG GT 4-vratni Coupe,Mercedes-Benz,2018,86848,Bencin,Avtomatski,585,89990,Pravna oseba
Audi A4 Avant,Audi,2017,198284,Dizel,Avtomatski,190,15490,Pravna oseba
Volkswagen Sharan,Volkswagen,2016,167873,Dizel,Avtomatski,150,18990,Pravna oseba
BMW serija X6:,BMW,2015,198136,Dizel,Avtomatski,258,29490,Pravna oseba
Mercedes-Benz E-Razred,Mercedes-Benz,2011,318885,Dizel,Avtomatski,170,8990,Pravna oseba
BMW serija X6:,BMW,2020,82142,Bencin,Avtomatski,340,59990,Pravna oseba
BMW serija 5:,BMW,2010,334947,Dizel,Avtomatski,204,7990,Pravna oseba
Volkswagen Passat Variant,Volkswagen,2015,196571,Dizel,Avtomatski,150,12990,Pravna oseba
Volkswagen Polo,Volkswagen,2020,144886,Dizel,Ročni,95,12990,Pravna oseba
BMW serija 3:,BMW,2009,335330,Dizel,Ročni,143,4750,Pravna oseba
Volkswagen Tiguan,Volkswagen,2022,160852,Dizel,Avtomatski,150,27990,Pravna oseba
Audi A6,Audi,2014,194908,Dizel,Avtomatski,190,16990,Pravna oseba
Lamborghini Urus,Lamborghini,2020,27941,Bencin,Avtomatski,650,288990,Pravna oseba
BMW serija 3 Touring:,BMW,2016,186366,Dizel,Avtomatski,150,12990,Pravna oseba
Audi A6 Avant,Audi,2020,196334,Dizel,Avtomatski,204,23990,Pravna oseba
Škoda Superb,Škoda,2016,164923,Dizel,Ročni,150,15490,Pravna oseba
Volkswagen Passat Variant,Volkswagen,2019,232213,Dizel,Avtomatski,150,12490,Pravna oseba
Audi A6 Avant,Audi,2015,252379,Dizel,Avtomatski,218,12990,Pravna oseba
BMW serija 3 Touring:,BMW,2019,223218,Dizel,Avtomatski,190,14490,Pravna oseba
Mercedes-Benz E-Razred,Mercedes-Benz,2020,181967,Dizel,Avtomatski,160,22990,Pravna oseba
Mercedes-Benz C-Razred,Mercedes-Benz,2018,212715,Dizel,Avtomatski,136,14990,Pravna oseba
Mercedes-Benz E-Razred,Mercedes-Benz,2020,180869,Dizel,Avtomatski,340,32990,Pravna oseba
Volkswagen Passat Variant,Volkswagen,2016,175018,Dizel,Avtomatski,150,13490,Pravna oseba
Volkswagen Golf,Volkswagen,2017,199748,Dizel,Ročni,116,12990,Pravna oseba
Škoda Superb,Škoda,2017,199749,Dizel,Avtomatski,190,Cena po dogovoru,Pravna oseba
BMW serija X6:,BMW,2020,59868,Dizel,Avtomatski,265,56990,Pravna oseba
Mercedes-Benz GLC-Razred,Mercedes-Benz,2016,128225,Dizel,Avtomatski,170,23990,Pravna oseba
BMW serija 3:,BMW,2016,174000,Dizel,Ročni,116,15500,Pravna oseba
Mercedes-Benz C-Razred,Mercedes-Benz,2016,210879,Dizel,Avtomatski,170,15490,Pravna oseba
Audi Q7,Audi,2018,194402,Dizel,Avtomatski,272,29990,Pravna oseba
Škoda Superb,Škoda,2016,195256,Dizel,Avtomatski,190,16500,Pravna oseba
BMW serija 3 Touring:,BMW,2019,228017,Dizel,Avtomatski,150,12990,Pravna oseba
Volkswagen Tiguan,Volkswagen,2016,192112,Dizel,Avtomatski,190,20490,Pravna oseba
Audi Q8,Audi,2018,165000,Dizel,Avtomatski,286,46990,Pravna oseba
BMW serija 5:,BMW,2022,141000,Dizel,Avtomatski,286,39990,Pravna oseba
Škoda Superb,Škoda,2016,204841,Dizel,Ročni,120,10990,Pravna oseba
Volkswagen Passat Variant,Volkswagen,2017,208300,Dizel,Avtomatski,150,14500,Pravna oseba
Volkswagen Passat Variant,Volkswagen,2016,197700,Dizel,Avtomatski,150,13490,Pravna oseba
Škoda Octavia,Škoda,2018,186950,Dizel,Avtomatski,150,12990,Pravna oseba
Renault Talisman,Renault,2016,172337,Dizel,Avtomatski,131,10500,Pravna oseba
BMW serija X3:,BMW,2006,199740,Dizel,Ročni,150,5490,Pravna oseba
Audi A6 Avant,Audi,2019,158057,Dizel,Avtomatski,204,22990,Pravna oseba
Audi A6,Audi,2016,288611,Dizel,Avtomatski,190,13990,Pravna oseba
Volkswagen Arteon,Volkswagen,2019,194438,Dizel,Avtomatski,190,20990,Pravna oseba
Škoda Kodiaq,Škoda,2017,174072,Dizel,Avtomatski,150,19990,Pravna oseba
Mercedes-Benz E-Razred,Mercedes-Benz,2018,110346,Dizel,Avtomatski,150,24990,Pravna oseba
Audi A7,Audi,2017,147649,Dizel,Avtomatski,272,24990,Pravna oseba
BMW serija 3:,BMW,2019,99279,Dizel,Avtomatski,150,22990,Pravna oseba
Opel Insignia,Opel,2017,115985,Dizel,Avtomatski,170,13990,Pravna oseba
Škoda Superb,Škoda,2021,188656,Dizel,Avtomatski,150,16990,Pravna oseba
BMW serija 3 Touring:,BMW,2017,204960,Dizel,Avtomatski,150,12490,Pravna oseba
BMW serija 3:,BMW,2019,195577,Dizel,Avtomatski,150,23990,Pravna oseba
Volkswagen Golf,Volkswagen,2013,248044,Dizel,Avtomatski,150,10490,Pravna oseba
Mercedes-Benz E-Razred,Mercedes-Benz,2017,190879,Dizel,Avtomatski,194,21490,Pravna oseba
Mercedes-Benz E-Razred,Mercedes-Benz,2017,179982,Dizel,Avtomatski,150,21990,Pravna oseba
BMW serija 5 Touring:,BMW,2012,334988,Dizel,Avtomatski,258,Cena po dogovoru,Pravna oseba
Škoda Octavia,Škoda,2017,178754,Dizel,Avtomatski,150,Cena po dogovoru,Pravna oseba
Peugeot 3008,Peugeot,2020,114414,Bencin,Avtomatski,131,12990,Pravna oseba
Škoda Superb,Škoda,2018,178000,Dizel,Avtomatski,150,15500,Pravna oseba
Škoda Octavia,Škoda,2020,160000,Dizel,Ročni,116,14500,Pravna oseba
Audi A6,Audi,2018,193166,Dizel,Avtomatski,190,16990,Pravna oseba
Mercedes-Benz C-Razred,Mercedes-Benz,2016,180808,Dizel,Avtomatski,170,16990,Pravna oseba
Volkswagen Tiguan,Volkswagen,2017,151700,Dizel,Avtomatski,190,21500,Pravna oseba
Volkswagen Passat Variant,Volkswagen,2015,189000,Dizel,Avtomatski,150,12990,Pravna oseba
Audi A4 Avant,Audi,2016,199632,Dizel,Avtomatski,150,13990,Pravna oseba
Peugeot 3008,Peugeot,2016,267031,Dizel,Avtomatski,120,5980,Pravna oseba
Renault Kadjar,Renault,2016,246981,Dizel,Ročni,131,7480,Pravna oseba
Volkswagen Caddy,Volkswagen,2021,133754,Dizel,Ročni,102,18499,Pravna oseba
Volkswagen T-Roc,Volkswagen,2025,11367,Bencin,Avtomatski,150,31299,Pravna oseba
Škoda Kodiaq,Škoda,2020,221000,Dizel,Avtomatski,190,20980,Pravna oseba
Volkswagen Passat,Volkswagen,2020,248000,Dizel,Avtomatski,150,12980,Pravna oseba
Volkswagen Tiguan Allspace,Volkswagen,2021,222000,Dizel,Avtomatski,150,23980,Pravna oseba
Volkswagen Golf,Volkswagen,2020,211000,Dizel,Ročni,116,8980,Pravna oseba
Volkswagen Passat,Volkswagen,2021,199000,Dizel,Avtomatski,200,16980,Pravna oseba
Ford Ecosport,Ford,2018,84000,Bencin,Avtomatski,125,9980,Pravna oseba
Suzuki Swift,Suzuki,2006,247180,Bencin,Ročni,92,1990,Pravna oseba
Audi A6,Audi,2003,344920,Dizel,Avtomatski,163,1990,Pravna oseba
Škoda Octavia,Škoda,2020,171701,Bencin,Avtomatski,245,19750,Pravna oseba
Škoda Superb,Škoda,2019,206244,Dizel,Avtomatski,190,20750,Pravna oseba
Škoda Kodiaq,Škoda,2022,132501,Bencin,Avtomatski,190,31990,Pravna oseba
Škoda Kodiaq,Škoda,2022,152341,Bencin,Avtomatski,245,34990,Pravna oseba
Volvo XC40,Volvo,2021,120447,Hibrid,Avtomatski,211,19480,Pravna oseba
Hyundai Tucson,Hyundai,2022,60000,Hibrid,Avtomatski,179,27500,Fizična oseba
Opel Astra,Opel,2024,82777,Hibrid,Avtomatski,181,17880,Pravna oseba
KIA Sportage,KIA,2020,63000,Bencin,Ročni,132,15990,Pravna oseba
KIA Stonic,KIA,2021,122428,Bencin,Avtomatski,101,11999,Pravna oseba
Citroën C3,Citroën,2006,200000,Bencin,Ročni,1,650,Fizična oseba
BMW Serija 2,BMW,2025,13423,Bencin,Avtomatski,122,25990,Pravna oseba
Ford Focus,Ford,2004,207121,Bencin,Ročni,101,1900,Pravna oseba
Volkswagen Golf,Volkswagen,2004,303000,Bencin,Avtomatski,200,,Pravna oseba
Seat Ibiza,Seat,2019,78500,Plin,Ročni,90,8900,Pravna oseba
Peugeot 2008,Peugeot,2015,149000,Bencin,Ročni,82,5900,Pravna oseba
BMW X5,BMW,2022,173000,Dizel,Avtomatski,340,,Pravna oseba
Audi Q3,Audi,2017,184000,Dizel,Ročni,120,,Pravna oseba
Audi A6,Audi,2019,140200,Dizel,Avtomatski,245,29900,Pravna oseba
Audi A4,Audi,2018,244000,Dizel,Avtomatski,190,,Pravna oseba
BYD SEAL 6,BYD,,,Hibrid,Avtomatski,197,,Pravna oseba
BYD SEAL 6,BYD,,,Hibrid,Avtomatski,197,,Pravna oseba
BYD SEAL 6,BYD,,,Hibrid,Avtomatski,197,,Pravna oseba
BYD SEAL,BYD,,,,Avtomatski,530,,Pravna oseba
BYD SEAL,BYD,,,,Avtomatski,530,,Pravna oseba
BYD SEAL,BYD,,,,Avtomatski,530,,Pravna oseba
BYD SEAL,BYD,,,,Avtomatski,530,,Pravna oseba
BYD SEAL,BYD,,,,Avtomatski,530,,Pravna oseba
BYD SEAL,BYD,,,,Avtomatski,530,,Pravna oseba
BYD SEAL,BYD,,,,Avtomatski,530,,Pravna oseba
BYD SEAL,BYD,,,,Avtomatski,530,,Pravna oseba
BYD SEAL,BYD,,,,Avtomatski,530,,Pravna oseba
BYD SEAL,BYD,,,,Avtomatski,530,,Pravna oseba
BYD SEAL,BYD,,,,Avtomatski,313,,Pravna oseba
BYD SEAL,BYD,,,,Avtomatski,313,,Pravna oseba
BYD SEAL,BYD,,,,Avtomatski,313,,Pravna oseba
BYD SEAL,BYD,,,,Avtomatski,313,,Pravna oseba
BYD SEAL,BYD,,,,Avtomatski,313,,Pravna oseba
BYD SEAL,BYD,,,,Avtomatski,313,,Pravna oseba
BYD SEAL,BYD,,,,Avtomatski,313,,Pravna oseba
BYD SEAL,BYD,,,,Avtomatski,313,,Pravna oseba
BYD SEAL,BYD,,,,Avtomatski,313,,Pravna oseba
BYD SEAL,BYD,,,,Avtomatski,313,,Pravna oseba
BYD DOLPHIN SURF,BYD,,,,Avtomatski,156,25300,Pravna oseba
BYD DOLPHIN SURF,BYD,,,,Avtomatski,156,25300,Pravna oseba
BYD DOLPHIN SURF,BYD,,,,Avtomatski,156,25300,Pravna oseba
BYD DOLPHIN SURF,BYD,,,,Avtomatski,156,25300,Pravna oseba
BYD DOLPHIN SURF,BYD,,,,Avtomatski,88,22400,Pravna oseba
BYD DOLPHIN SURF,BYD,,,,Avtomatski,88,22400,Pravna oseba
BYD DOLPHIN SURF,BYD,,,,Avtomatski,88,22400,Pravna oseba
BYD DOLPHIN SURF,BYD,,,,Avtomatski,88,22400,Pravna oseba
BYD DOLPHIN SURF,BYD,,,,Avtomatski,88,18990,Pravna oseba
BYD DOLPHIN SURF,BYD,,,,Avtomatski,88,18990,Pravna oseba
BYD DOLPHIN SURF,BYD,,,,Avtomatski,88,18990,Pravna oseba
BYD DOLPHIN SURF,BYD,,,,Avtomatski,88,18990,Pravna oseba
BYD DOLPHIN SURF,BYD,,,,Avtomatski,88,18990,Pravna oseba
BYD ATTO 2,BYD,,,Hibrid,Avtomatski,212,,Pravna oseba
BYD ATTO 2,BYD,,,Hibrid,Avtomatski,212,,Pravna oseba
BYD ATTO 2,BYD,,,Hibrid,Avtomatski,212,,Pravna oseba
BYD ATTO 2,BYD,,,Hibrid,Avtomatski,212,,Pravna oseba
BYD ATTO 2,BYD,,,Hibrid,Avtomatski,212,,Pravna oseba
BYD ATTO 2,BYD,,,Hibrid,Avtomatski,212,,Pravna oseba
BYD ATTO 2,BYD,,,Hibrid,Avtomatski,212,,Pravna oseba
BYD ATTO 2,BYD,,,Hibrid,Avtomatski,212,,Pravna oseba
BYD ATTO 2,BYD,,,Hibrid,Avtomatski,166,,Pravna oseba
BYD ATTO 2,BYD,,,Hibrid,Avtomatski,166,,Pravna oseba
BYD ATTO 2,BYD,,,Hibrid,Avtomatski,166,,Pravna oseba
BYD ATTO 2,BYD,,,Hibrid,Avtomatski,166,,Pravna oseba
BYD ATTO 2,BYD,,,,Avtomatski,204,,Pravna oseba
BYD ATTO 2,BYD,,,,Avtomatski,204,,Pravna oseba
BYD ATTO 2,BYD,,,,Avtomatski,204,,Pravna oseba
BYD ATTO 2,BYD,,,,Avtomatski,204,,Pravna oseba
BYD ATTO 2,BYD,,,,Avtomatski,204,,Pravna oseba
BYD ATTO 2,BYD,,,,Avtomatski,204,,Pravna oseba
BYD SEALION 7,BYD,,,,Avtomatski,530,,Pravna oseba
BYD SEALION 7,BYD,,,,Avtomatski,530,,Pravna oseba
BYD SEALION 7,BYD,,,,Avtomatski,530,,Pravna oseba
BYD ATTO 2,BYD,,,,Avtomatski,204,,Pravna oseba
BYD ATTO 2,BYD,,,,Avtomatski,204,,Pravna oseba
BYD ATTO 2,BYD,,,,Avtomatski,204,,Pravna oseba
BYD SEALION 7,BYD,,,,Avtomatski,530,,Pravna oseba
BYD SEALION 7,BYD,,,,Avtomatski,530,,Pravna oseba
BYD SEALION 7,BYD,,,,Avtomatski,530,,Pravna oseba
BYD SEALION 7,BYD,,,,Avtomatski,530,,Pravna oseba
BYD SEALION 7,BYD,,,,Avtomatski,530,,Pravna oseba
BYD SEALION 7,BYD,,,,Avtomatski,530,,Pravna oseba
BYD SEALION 7,BYD,,,,Avtomatski,530,,Pravna oseba
BYD SEALION 7,BYD,,,,Avtomatski,530,,Pravna oseba
BYD SEALION 7,BYD,,,,Avtomatski,530,,Pravna oseba
BYD SEALION 7,BYD,,,,Avtomatski,530,,Pravna oseba
BYD SEALION 7,BYD,,,,Avtomatski,530,,Pravna oseba
BYD SEALION 7,BYD,,,,Avtomatski,530,,Pravna oseba
BYD SEALION 7,BYD,,,,Avtomatski,530,,Pravna oseba
BYD SEALION 7,BYD,,,,Avtomatski,530,,Pravna oseba
BYD SEALION 7,BYD,,,,Avtomatski,313,,Pravna oseba
BYD SEALION 7,BYD,,,,Avtomatski,313,,Pravna oseba
BYD SEALION 7,BYD,,,,Avtomatski,313,,Pravna oseba
BYD SEALION 7,BYD,,,,Avtomatski,313,,Pravna oseba
BYD SEALION 7,BYD,,,,Avtomatski,313,,Pravna oseba
BYD SEALION 7,BYD,,,,Avtomatski,313,,Pravna oseba
BYD SEALION 7,BYD,,,,Avtomatski,313,,Pravna oseba
BYD SEALION 7,BYD,,,,Avtomatski,313,,Pravna oseba
BYD SEAL U,BYD,,,Hibrid,Avtomatski,197,,Pravna oseba
BYD SEAL U,BYD,,,Hibrid,Avtomatski,324,,Pravna oseba
BYD SEAL U,BYD,,,Hibrid,Avtomatski,197,,Pravna oseba
BYD SEAL U,BYD,,,Hibrid,Avtomatski,197,,Pravna oseba
BYD Sealion 5,BYD,,,Hibrid,Avtomatski,197,,Pravna oseba
BYD Sealion 5,BYD,,,Hibrid,Avtomatski,197,,Pravna oseba
BYD Sealion 5,BYD,,,Hibrid,Avtomatski,197,,Pravna oseba
BYD Sealion 5,BYD,,,Hibrid,Avtomatski,197,,Pravna oseba
BYD Sealion 5,BYD,,,Hibrid,Avtomatski,197,,Pravna oseba
BYD Sealion 5,BYD,,,Hibrid,Avtomatski,197,,Pravna oseba
BYD Sealion 5,BYD,,,Hibrid,Avtomatski,197,,Pravna oseba
BYD Sealion 5,BYD,,,Hibrid,Avtomatski,197,,Pravna oseba
BYD Sealion 5,BYD,,,Hibrid,Avtomatski,197,,Pravna oseba
BYD Sealion 5,BYD,,,Hibrid,Avtomatski,197,,Pravna oseba
BYD Sealion 5,BYD,,,Hibrid,Avtomatski,197,,Pravna oseba
BYD Sealion 5,BYD,,,Hibrid,Avtomatski,197,,Pravna oseba
BYD Sealion 5,BYD,,,Hibrid,Avtomatski,197,,Pravna oseba
BYD Sealion 5,BYD,,,Hibrid,Avtomatski,197,,Pravna oseba
BYD Sealion 5,BYD,,,Hibrid,Avtomatski,197,,Pravna oseba
BYD Sealion 5,BYD,,,Hibrid,Avtomatski,197,,Pravna oseba
BYD SEAL U,BYD,,,Hibrid,Avtomatski,324,,Pravna oseba
BYD SEAL U,BYD,,,Hibrid,Avtomatski,324,,Pravna oseba
BYD SEAL U,BYD,,,Hibrid,Avtomatski,324,,Pravna oseba
BYD SEAL U,BYD,,,Hibrid,Avtomatski,324,,Pravna oseba
BYD SEAL U,BYD,,,Hibrid,Avtomatski,324,,Pravna oseba
BYD SEAL U,BYD,,,Hibrid,Avtomatski,324,,Pravna oseba
BYD SEAL U,BYD,,,Hibrid,Avtomatski,197,,Pravna oseba
BYD SEAL U,BYD,,,Hibrid,Avtomatski,197,,Pravna oseba
BYD SEAL U,BYD,,,Hibrid,Avtomatski,197,,Pravna oseba
BYD SEAL U,BYD,,,Hibrid,Avtomatski,197,,Pravna oseba
BYD SEAL U,BYD,,,Hibrid,Avtomatski,197,,Pravna oseba
BYD SEAL U,BYD,,,Hibrid,Avtomatski,197,,Pravna oseba
BYD SEAL U,BYD,,,,Avtomatski,218,,Pravna oseba
BYD SEAL U,BYD,,,,Avtomatski,218,,Pravna oseba
BYD SEAL U,BYD,,,,Avtomatski,218,,Pravna oseba
BYD SEAL U,BYD,,,,Avtomatski,218,,Pravna oseba
BYD SEAL U,BYD,,,,Avtomatski,218,,Pravna oseba
BYD SEAL U,BYD,,,,Avtomatski,218,,Pravna oseba
BYD SEAL U,BYD,,,,Avtomatski,218,,Pravna oseba
BYD SEAL U,BYD,,,,Avtomatski,218,,Pravna oseba
BYD SEAL U,BYD,,,,Avtomatski,218,,Pravna oseba
BYD SEAL U,BYD,,,,Avtomatski,218,,Pravna oseba
BYD SEAL U,BYD,,,,Avtomatski,218,,Pravna oseba
BYD SEAL 6,BYD,,,Hibrid,Avtomatski,197,,Pravna oseba
BYD SEAL 6,BYD,,,Hibrid,Avtomatski,197,,Pravna oseba
BYD SEAL 6,BYD,,,Hibrid,Avtomatski,197,,Pravna oseba
BYD SEAL 6,BYD,,,Hibrid,Avtomatski,197,,Pravna oseba
BYD SEAL 6,BYD,,,Hibrid,Avtomatski,197,,Pravna oseba
BYD SEAL 6,BYD,,,Hibrid,Avtomatski,197,,Pravna oseba
BYD SEAL 6,BYD,,,Hibrid,Avtomatski,197,,Pravna oseba
BYD SEAL U,BYD,,,,Avtomatski,218,,Pravna oseba
BYD SEAL 6,BYD,,,Hibrid,Avtomatski,197,,Pravna oseba
BYD SEAL 6,BYD,,,Hibrid,Avtomatski,197,,Pravna oseba
BYD SEAL 6,BYD,,,Hibrid,Avtomatski,197,,Pravna oseba
BYD SEAL 6,BYD,,,Hibrid,Avtomatski,197,,Pravna oseba
BYD SEAL 6,BYD,,,Hibrid,Avtomatski,197,,Pravna oseba
BYD SEAL 6,BYD,,,Hibrid,Avtomatski,197,,Pravna oseba
BYD SEAL 6,BYD,,,Hibrid,Avtomatski,197,,Pravna oseba
BYD SEAL 6,BYD,,,Hibrid,Avtomatski,197,,Pravna oseba
BYD SEAL 6,BYD,,,Hibrid,Avtomatski,197,,Pravna oseba
BYD SEAL 6,BYD,,,Hibrid,Avtomatski,197,,Pravna oseba
BYD SEAL 6,BYD,,,Hibrid,Avtomatski,197,,Pravna oseba
BYD SEAL 6,BYD,,,Hibrid,Avtomatski,197,,Pravna oseba
BYD SEAL 6,BYD,,,Hibrid,Avtomatski,197,,Pravna oseba
BYD SEAL 6,BYD,,,Hibrid,Avtomatski,197,,Pravna oseba
BYD SEAL 6,BYD,,,Hibrid,Avtomatski,197,,Pravna oseba
BYD SEAL 6,BYD,,,Hibrid,Avtomatski,197,,Pravna oseba
BYD SEAL 6,BYD,,,Hibrid,Avtomatski,197,,Pravna oseba
BYD SEAL 6,BYD,,,Hibrid,Avtomatski,197,,Pravna oseba
BYD SEAL 6,BYD,,,Hibrid,Avtomatski,197,,Pravna oseba
BYD SEAL 6,BYD,,,Hibrid,Avtomatski,197,,Pravna oseba
BYD SEAL 6,BYD,,,Hibrid,Avtomatski,197,,Pravna oseba
BYD SEAL 6,BYD,,,Hibrid,Avtomatski,197,,Pravna oseba
BYD SEAL 6,BYD,,,Hibrid,Avtomatski,197,,Pravna oseba
BYD SEAL 6,BYD,,,Hibrid,Avtomatski,197,,Pravna oseba
Audi Q5,Audi,2017,224074,Dizel,Avtomatski,190,20990,Pravna oseba
Škoda Octavia,Škoda,2012,319913,Dizel,Ročni,140,,Pravna oseba
Volkswagen Passat,Volkswagen,2016,301500,Dizel,Ročni,150,8990,Pravna oseba
Volvo XC60,Volvo,2022,94403,Dizel,Avtomatski,235,33222,Pravna oseba
BMW Serija 2,BMW,2016,250000,Dizel,Avtomatski,190,8000,Fizična oseba
Renault Clio,Renault,2023,41367,Bencin,Ročni,91,12999,Pravna oseba
Omoda 7,Omoda,,,Hibrid,Avtomatski,143,34990,Pravna oseba
Citroën C3,Citroën,2016,131000,Dizel,Ročni,99,6390,Pravna oseba
BMW Serija 1,BMW,2014,149950,Bencin,Ročni,136,8800,Fizična oseba
BMW Serija 5,BMW,2014,306374,Dizel,Avtomatski,150,6999,Pravna oseba
Volkswagen Passat,Volkswagen,2015,298000,Dizel,Avtomatski,150,9490,Pravna oseba
Hyundai ix20,Hyundai,2013,136000,Bencin,Ročni,90,5790,Pravna oseba
Hyundai ix20,Hyundai,2013,136000,Bencin,Ročni,90,5790,Pravna oseba
Mazda Mazda3,Mazda,2016,263000,Dizel,Ročni,150,8500,Fizična oseba
Renault Clio,Renault,2018,62588,Bencin,Ročni,90,8870,Pravna oseba
Mercedes-Benz C-Razred,Mercedes-Benz,2016,237852,Dizel,Avtomatski,170,11940,Pravna oseba
Volkswagen Tiguan,Volkswagen,2022,96712,Dizel,Avtomatski,150,23999,Pravna oseba
Fiat Tipo,Fiat,2019,127051,Bencin,Ročni,95,,Pravna oseba
Mercedes-Benz GLB-Razred,Mercedes-Benz,2025,6029,Dizel,Avtomatski,150,39990,Pravna oseba
Volvo XC40,Volvo,2019,152104,Dizel,Avtomatski,150,18980,Pravna oseba
Volkswagen Arteon Shooting Brake,Volkswagen,2022,95689,Dizel,Avtomatski,150,24980,Pravna oseba
Mercedes-Benz B-Razred,Mercedes-Benz,2023,54252,Dizel,Avtomatski,116,23990,Pravna oseba
BMW serija 3 Touring:,BMW,2021,160170,Dizel,Avtomatski,190,18980,Pravna oseba
DS DS 7 Crossback,DS,2020,151200,Dizel,Avtomatski,131,18880,Pravna oseba
Mercedes-Benz GLA-Razred,Mercedes-Benz,2016,96742,Dizel,Ročni,109,15990,Pravna oseba
Mercedes-Benz B-Razred,Mercedes-Benz,2026,2278,Bencin,Avtomatski,136,31490,Pravna oseba
Volkswagen Passat,Volkswagen,2021,166438,Dizel,Avtomatski,200,20990,Pravna oseba
Volkswagen Passat,Volkswagen,2021,166438,Dizel,Avtomatski,200,20990,Pravna oseba
Opel Grandland X,Opel,2018,121890,Bencin,Ročni,131,9490,Pravna oseba
Volkswagen Touareg,Volkswagen,2020,180100,Dizel,Ročni,286,32900,Pravna oseba
Volkswagen Arteon,Volkswagen,2024,73440,Dizel,Avtomatski,150,33400,Pravna oseba
Volkswagen Up!,Volkswagen,2019,145833,Bencin,Ročni,90,7950,Pravna oseba
Audi Q5,Audi,2018,170187,Dizel,Avtomatski,190,23990,Pravna oseba
Volkswagen Passat,Volkswagen,2021,205288,Dizel,Avtomatski,150,14290,Pravna oseba
Mercedes-Benz CLA-Razred,Mercedes-Benz,2026,1,,Avtomatski,272,,Pravna oseba
Mercedes-Benz E-Razred,Mercedes-Benz,2013,106060,Dizel,Avtomatski,170,,Pravna oseba
BMW X2,BMW,2025,15900,Dizel,Avtomatski,150,46990,Pravna oseba
Audi A5,Audi,2022,139090,Dizel,Avtomatski,163,28490,Pravna oseba
Škoda Octavia,Škoda,2018,118108,Bencin,Avtomatski,150,15890,Pravna oseba
Volkswagen Passat,Volkswagen,2025,24980,Dizel,Avtomatski,150,33690,Pravna oseba
Renault Clio,Renault,2015,99875,Bencin,Ročni,73,5990,Pravna oseba
Volkswagen Golf,Volkswagen,2018,169754,Dizel,Avtomatski,184,16690,Pravna oseba
Volkswagen Golf,Volkswagen,2018,169754,Dizel,Avtomatski,184,16690,Pravna oseba
Volkswagen T-Roc,Volkswagen,2021,143208,Bencin,Avtomatski,150,17390,Pravna oseba
Volkswagen Passat,Volkswagen,2021,147923,Dizel,Avtomatski,150,16990,Pravna oseba
Škoda Octavia,Škoda,2018,171455,Dizel,Avtomatski,116,9990,Pravna oseba
Volkswagen Passat,Volkswagen,2022,140295,Dizel,Avtomatski,150,18490,Pravna oseba
Škoda Kamiq,Škoda,2025,22939,Bencin,Ročni,95,16990,Pravna oseba
Volkswagen Passat,Volkswagen,2019,172872,Dizel,Avtomatski,150,13990,Pravna oseba
Volkswagen Passat,Volkswagen,2019,169262,Dizel,Avtomatski,150,13990,Pravna oseba
Volkswagen Passat,Volkswagen,2021,157147,Dizel,Avtomatski,150,16890,Pravna oseba
Škoda Octavia,Škoda,2020,141975,Dizel,Avtomatski,150,13190,Pravna oseba
Volkswagen Golf,Volkswagen,2018,169754,Dizel,Avtomatski,184,16990,Pravna oseba
Mercedes-Benz GLE-Razred,Mercedes-Benz,2021,160000,Dizel,Avtomatski,272,48900,Pravna oseba
Hyundai Bayon,Hyundai,2025,5000,Bencin,Ročni,79,16480,Pravna oseba
Škoda Kodiaq,Škoda,2022,103931,Dizel,Avtomatski,150,26980,Pravna oseba
BMW Serija 3,BMW,2025,58463,Dizel,Avtomatski,190,43990,Pravna oseba
BMW Serija 3,BMW,2025,58463,Dizel,Avtomatski,190,43990,Pravna oseba
Volvo XC40,Volvo,2021,116199,Bencin,Avtomatski,129,20990,Pravna oseba
Mercedes-Benz E-Razred,Mercedes-Benz,2019,233000,Dizel,Avtomatski,194,28950,Pravna oseba
Mercedes-Benz V-Razred,Mercedes-Benz,2018,169000,Dizel,Avtomatski,190,33950,Pravna oseba
Volvo XC40,Volvo,2019,129000,Dizel,Avtomatski,190,22950,Pravna oseba
BMW serija 8 Gran Coupe:,BMW,2019,200000,Dizel,Avtomatski,340,46950,Pravna oseba
BMW serija X7:,BMW,2019,131000,Dizel,Avtomatski,400,69950,Pravna oseba
Renault Talisman,Renault,2017,230000,Dizel,Avtomatski,160,Cena po dogovoru,Pravna oseba
Mercedes-Benz A-Razred,Mercedes-Benz,2020,,Bencin,Avtomatski,421,Cena po dogovoru,Pravna oseba
BMW serija 1:,BMW,2020,163000,Dizel,Avtomatski,150,23950,Pravna oseba
BMW serija 3 Touring:,BMW,2022,155000,Dizel,Avtomatski,150,23950,Pravna oseba
Opel Astra,Opel,2014,,Bencin,Ročni,280,Cena po dogovoru,Pravna oseba
Volkswagen Golf Variant,Volkswagen,2019,212000,Dizel,Avtomatski,150,9950,Pravna oseba
Volkswagen CrossPolo,Volkswagen,2016,,Dizel,Ročni,90,Cena po dogovoru,Pravna oseba
BMW serija 4 Coupe:,BMW,2023,,Dizel,Avtomatski,340,Cena po dogovoru,Pravna oseba
Volkswagen Passat Variant,Volkswagen,2021,172000,Dizel,Avtomatski,239,20950,Pravna oseba
Volvo XC90,Volvo,2017,273000,Dizel,Avtomatski,235,17950,Pravna oseba
Hyundai Kona,Hyundai,2022,177000,Dizel,Avtomatski,136,13950,Pravna oseba
Citroën C5 X,Citroën,2023,51000,Bencin,Avtomatski,131,14950,Pravna oseba
Mercedes-Benz E-Razred,Mercedes-Benz,2016,145000,Dizel,Avtomatski,136,16950,Pravna oseba
Volkswagen Golf Variant,Volkswagen,2015,,Dizel,Avtomatski,184,Cena po dogovoru,Pravna oseba
Audi A3,Audi,2017,,Dizel,Ročni,150,Cena po dogovoru,Pravna oseba
BMW serija 5:,BMW,2017,259000,Dizel,Avtomatski,190,20950,Pravna oseba
Volkswagen Passat Alltrack,Volkswagen,2021,243000,Dizel,Avtomatski,200,18950,Pravna oseba
Audi S3 Cabriolet,Audi,2017,179000,Bencin,Avtomatski,310,19950,Pravna oseba
BMW serija 3 Gran Turismo:,BMW,2016,330000,Dizel,Ročni,150,7950,Pravna oseba
BMW serija 3:,BMW,2012,277000,Dizel,Ročni,116,5950,Pravna oseba
Mazda Mazda6,Mazda,2013,257000,Dizel,Ročni,150,5950,Pravna oseba
Volkswagen Polo,Volkswagen,2018,167000,Dizel,Ročni,95,9950,Pravna oseba
BMW serija 3 Touring:,BMW,2015,,Dizel,Avtomatski,150,Cena po dogovoru,Pravna oseba
Volkswagen Passat Variant,Volkswagen,2022,127780,Dizel,Avtomatski,150,18780,Pravna oseba
Volkswagen Passat Variant,Volkswagen,2024,79865,Bencin,Avtomatski,150,26980,Pravna oseba
Audi A6 Avant,Audi,2015,232982,Dizel,Avtomatski,204,11500,Pravna oseba
Audi Q5,Audi,2017,177000,Dizel,Avtomatski,150,19850,Pravna oseba
Ford Focus,Ford,2021,157386,Dizel,Avtomatski,120,9690,Pravna oseba
Mercedes-Benz CLS Shooting Brake,Mercedes-Benz,,,,Avtomatski,224,,Pravna oseba
Mercedes-Benz CLA-Razred,Mercedes-Benz,2024,11372,Dizel,Avtomatski,150,34488,Pravna oseba
Mercedes-Benz A-Razred,Mercedes-Benz,2017,142881,Bencin,Avtomatski,122,,Pravna oseba
Peugeot 5008,Peugeot,2025,13103,Bencin,Avtomatski,145,29988,Pravna oseba
Peugeot 308,Peugeot,2025,17392,Dizel,Avtomatski,131,21988,Pravna oseba
Peugeot 308,Peugeot,2025,15222,Dizel,Avtomatski,131,21988,Pravna oseba
Peugeot 308,Peugeot,2025,40819,Dizel,Avtomatski,131,18488,Pravna oseba
Peugeot 208,Peugeot,2025,9488,Bencin,Avtomatski,110,18988,Pravna oseba
Peugeot 2008,Peugeot,2025,14239,Bencin,Ročni,101,17488,Pravna oseba
Peugeot 2008,Peugeot,2025,3496,Bencin,Ročni,101,18488,Pravna oseba
Mitsubishi Outlander,Mitsubishi,2020,226427,Bencin,Avtomatski,150,,Pravna oseba
Leapmotor T03,Leapmotor,2025,11176,,Avtomatski,95,10988,Pravna oseba
Alfa Romeo Junior,Alfa,2025,20009,Bencin,Avtomatski,136,19988,Pravna oseba
BMW Serija 3,BMW,2021,175000,Dizel,Avtomatski,190,19900,Fizična oseba
BMW serija 5 Touring:,BMW,2015,223000,Dizel,Ročni,190,8650,Pravna oseba
BMW serija X1:,BMW,2016,163011,Dizel,Avtomatski,150,13850,Pravna oseba
Audi A4 Avant,Audi,2016,214045,Dizel,Ročni,136,11850,Pravna oseba
Peugeot 2008,Peugeot,2015,132000,Bencin,Ročni,110,5800,Pravna oseba
Opel Astra,Opel,2012,225000,Dizel,Ročni,110,2950,Pravna oseba
Peugeot 108,Peugeot,2015,122000,Bencin,Ročni,82,6350,Pravna oseba
Citroën C3 Aircross,Citroën,2018,145000,Bencin,Ročni,110,7300,Pravna oseba
Škoda Octavia,Škoda,2023,136000,Dizel,Avtomatski,150,21850,Pravna oseba
Škoda Octavia,Škoda,2022,159000,Dizel,Avtomatski,150,18850,Pravna oseba
Volkswagen Passat Variant,Volkswagen,2014,255000,Dizel,Avtomatski,140,8250,Pravna oseba
Suzuki SX4 S-Cross,Suzuki,2017,199000,Bencin,Ročni,111,7850,Pravna oseba
Suzuki SX4 S-Cross,Suzuki,2017,199000,Bencin,Ročni,111,7850,Pravna oseba
Citroën C4,Citroën,2013,262000,Dizel,Ročni,116,3700,Fizična oseba
Audi A6,Audi,2017,173000,Dizel,Avtomatski,190,17850,Pravna oseba
Audi A4,Audi,2017,247000,Dizel,Avtomatski,190,14490,Pravna oseba
Citroën C3,Citroën,2018,71000,Bencin,Ročni,82,6400,Fizična oseba
Volkswagen Golf,Volkswagen,2017,235704,Dizel,Ročni,116,7999,Pravna oseba
Audi A4,Audi,2019,190373,Dizel,Avtomatski,150,17990,Pravna oseba
Audi A7 Limousine,Audi,2016,179500,Dizel,Avtomatski,272,21490,Pravna oseba
BMW Serija 3,BMW,2025,25425,Dizel,Avtomatski,190,45990,Pravna oseba
Mercedes-Benz GLE-Razred,Mercedes-Benz,2026,3800,Bencin,Avtomatski,435,114990,Pravna oseba
Toyota RAV4,Toyota,2023,84337,Hibrid,Avtomatski,178,,Pravna oseba
Smart Smart fortwo,Smart,2017,91932,Bencin,Ročni,90,9990,Pravna oseba
Nissan Townstar,Nissan,2023,105069,Bencin,Ročni,131,16490,Pravna oseba
KIA EV6,KIA,2022,100500,,Ročni,320,33000,Fizična oseba
Renault Twingo,Renault,2021,73106,Bencin,Ročni,65,7888,Pravna oseba
Renault Megane,Renault,2017,143866,Dizel,Ročni,110,8555,Pravna oseba
Volkswagen Beetle,Volkswagen,2015,80000,Bencin,Ročni,105,13650,Pravna oseba
Volkswagen Passat,Volkswagen,2015,250978,Dizel,Avtomatski,239,Cena po dogovoru,Pravna oseba
Škoda Karoq,Škoda,2024,49353,Bencin,Avtomatski,150,26850,Pravna oseba
BMW Serija 3,BMW,2017,240000,Dizel,Avtomatski,190,14940,Pravna oseba
Volkswagen Tiguan,Volkswagen,2023,96597,Dizel,Avtomatski,150,27980,Pravna oseba
MINI Countryman Cooper,MINI,2021,144400,Dizel,Avtomatski,150,,Pravna oseba
BMW serija 3:,BMW,2015,195000,Bencin,Avtomatski,245,17490,Pravna oseba
Audi A6,Audi,2020,120536,Dizel,Avtomatski,286,27900,Fizična oseba
Mercedes-Benz V-Razred,Mercedes-Benz,2019,149980,Dizel,Avtomatski,190,37980,Pravna oseba
Ford B-MAX,Ford,2013,165500,Bencin,Ročni,101,3300,Fizična oseba
Škoda Octavia,Škoda,2013,245000,Dizel,Ročni,105,,Pravna oseba
Audi A3,Audi,2022,43341,Bencin,Ročni,150,20999,Pravna oseba
BMW X1,BMW,2025,44837,Dizel,Avtomatski,197,46990,Pravna oseba
Peugeot Rifter,Peugeot,2019,225000,Dizel,Avtomatski,131,10850,Pravna oseba
Volkswagen Beetle,Volkswagen,2013,180193,Bencin,Ročni,105,8490,Pravna oseba
Seat Ateca,Seat,2017,110500,Bencin,Ročni,150,,Pravna oseba
Opel Mokka,Opel,2021,110319,Bencin,Ročni,131,11990,Pravna oseba
Opel Corsa,Opel,2022,54287,Bencin,Avtomatski,131,11490,Pravna oseba
Nissan Navara,Nissan,2019,149747,Dizel,Avtomatski,190,23990,Pravna oseba
Mercedes-Benz V-Razred,Mercedes-Benz,,,Dizel,Avtomatski,237,,Pravna oseba
Mercedes-Benz V-Razred,Mercedes-Benz,,,Dizel,Avtomatski,237,,Pravna oseba
Mercedes-Benz V-Razred,Mercedes-Benz,,,Dizel,Avtomatski,237,,Pravna oseba
Mercedes-Benz V-Razred,Mercedes-Benz,,,Dizel,Avtomatski,237,,Pravna oseba
Mercedes-Benz G-Razred,Mercedes-Benz,2025,10255,Dizel,Avtomatski,367,,Pravna oseba
Mercedes-Benz GLE-Razred,Mercedes-Benz,2017,206971,Dizel,Avtomatski,258,23490,Pravna oseba
Mercedes-Benz GLE-Razred,Mercedes-Benz,,,Bencin,Avtomatski,435,,Pravna oseba
Mercedes-Benz GLC-Razred,Mercedes-Benz,,,,Avtomatski,489,,Pravna oseba
Mercedes-Benz GLC-Razred,Mercedes-Benz,,,Dizel,Avtomatski,197,74490,Pravna oseba
Mercedes-Benz GLC-Razred,Mercedes-Benz,,,Dizel,Avtomatski,197,,Pravna oseba
Mercedes-Benz GLC-Razred,Mercedes-Benz,,,Dizel,Avtomatski,197,,Pravna oseba
Mercedes-Benz GLC-Razred,Mercedes-Benz,2025,10954,Dizel,Avtomatski,197,64990,Pravna oseba
Mercedes-Benz GLC-Razred,Mercedes-Benz,,,Dizel,Avtomatski,197,,Pravna oseba
Mercedes-Benz GLC-Razred,Mercedes-Benz,,,Dizel,Avtomatski,197,,Pravna oseba
Mercedes-Benz GLC-Razred,Mercedes-Benz,,,Dizel,Avtomatski,197,,Pravna oseba
Mercedes-Benz GLC-Razred,Mercedes-Benz,,,Dizel,Avtomatski,197,,Pravna oseba
Mercedes-Benz GLC-Razred,Mercedes-Benz,2023,31550,Dizel,Avtomatski,197,55990,Pravna oseba
Mercedes-Benz GLC-Razred,Mercedes-Benz,2020,235254,Dizel,Avtomatski,194,29990,Pravna oseba
Mercedes-Benz GLC-Razred,Mercedes-Benz,2025,1,Dizel,Avtomatski,197,68490,Pravna oseba
Mercedes-Benz GLC-Razred,Mercedes-Benz,2026,17500,Dizel,Avtomatski,197,,Pravna oseba
Mercedes-Benz GLC-Razred,Mercedes-Benz,,,Dizel,Avtomatski,197,,Pravna oseba
Mercedes-Benz GLC-Razred,Mercedes-Benz,2025,9000,Dizel,Avtomatski,197,63990,Pravna oseba
Mercedes-Benz GLB-Razred,Mercedes-Benz,2026,1,Bencin,Avtomatski,163,,Pravna oseba
Mercedes-Benz GLA-Razred,Mercedes-Benz,2025,7021,Dizel,Avtomatski,150,41990,Pravna oseba
Mercedes-Benz GLA-Razred,Mercedes-Benz,,,Bencin,Avtomatski,163,,Pravna oseba
Mercedes-Benz GLA-Razred,Mercedes-Benz,2025,9154,Bencin,Avtomatski,163,41490,Pravna oseba
Mercedes-Benz GLA-Razred,Mercedes-Benz,2026,9000,Bencin,Avtomatski,136,39990,Pravna oseba
Mercedes-Benz GLA-Razred,Mercedes-Benz,,,Bencin,Avtomatski,136,,Pravna oseba
Mercedes-Benz E-Razred,Mercedes-Benz,2023,20190,Dizel,Avtomatski,200,50990,Pravna oseba
Mercedes-Benz E-Razred,Mercedes-Benz,2018,95233,Dizel,Avtomatski,194,21990,Pravna oseba
Mercedes-Benz E-Razred,Mercedes-Benz,2021,60438,Dizel,Avtomatski,160,36990,Pravna oseba
Mercedes-Benz EQS,Mercedes-Benz,2022,150000,,Avtomatski,292,44000,Pravna oseba
Mercedes-Benz C-Razred,Mercedes-Benz,2025,12171,Dizel,Avtomatski,265,46490,Pravna oseba
Mercedes-Benz C-Razred,Mercedes-Benz,2024,25000,Dizel,Avtomatski,197,37990,Pravna oseba
Mercedes-Benz C-Razred,Mercedes-Benz,2023,41960,Bencin,Avtomatski,170,29490,Pravna oseba
Mercedes-Benz CLA-Razred,Mercedes-Benz,2026,1000,Bencin,Avtomatski,163,54990,Pravna oseba
Mercedes-Benz CLA-Razred,Mercedes-Benz,,,,Avtomatski,224,,Pravna oseba
Mercedes-Benz CLA-Razred,Mercedes-Benz,,,Bencin,Avtomatski,163,,Pravna oseba
Mercedes-Benz CLA-Razred,Mercedes-Benz,2026,1000,Bencin,Avtomatski,163,,Pravna oseba
Mercedes-Benz CLA-Razred,Mercedes-Benz,,,Bencin,Avtomatski,136,,Pravna oseba
Mercedes-Benz CLA-Razred,Mercedes-Benz,,,Bencin,Avtomatski,136,,Pravna oseba
Mercedes-Benz CLA-Razred,Mercedes-Benz,2025,16579,Bencin,Avtomatski,190,,Pravna oseba
Mercedes-Benz CLA-Razred,Mercedes-Benz,2024,56783,Bencin,Avtomatski,136,26990,Pravna oseba
Mercedes-Benz CLA-Razred,Mercedes-Benz,,,Bencin,Avtomatski,163,,Pravna oseba
Mercedes-Benz CLA-Razred,Mercedes-Benz,,,Bencin,Avtomatski,136,,Pravna oseba
Mercedes-Benz B-Razred,Mercedes-Benz,2020,155898,Dizel,Ročni,116,14690,Pravna oseba
Mercedes-Benz A-Razred,Mercedes-Benz,2025,19588,Bencin,Avtomatski,136,32490,Pravna oseba
KIA Sportage,KIA,2025,11,Bencin,Avtomatski,160,28490,Pravna oseba
Audi A3,Audi,2020,115714,Dizel,Ročni,116,15990,Pravna oseba
Audi A6,Audi,2018,129500,Dizel,Avtomatski,286,32880,Pravna oseba
Mercedes-Benz CLA-Razred,Mercedes-Benz,,,Bencin,Avtomatski,136,,Pravna oseba
Alfa Romeo Stelvio,Alfa,2024,34542,Dizel,Avtomatski,209,36990,Pravna oseba
Cupra Formentor,Cupra,2025,8320,Bencin,Avtomatski,204,34900,Pravna oseba
KIA Rio,KIA,2020,47450,Bencin,Ročni,84,9970,Pravna oseba
Volkswagen Tiguan,Volkswagen,2022,118564,Dizel,Avtomatski,200,30990,Pravna oseba
Opel Insignia,Opel,2018,87938,Bencin,Ročni,140,11290,Pravna oseba
BMW serija 2 Active Tourer:,BMW,2015,266000,Dizel,Ročni,150,4490,Pravna oseba
Volkswagen Tiguan,Volkswagen,2021,104619,Bencin,Avtomatski,150,26490,Pravna oseba
Volkswagen T-Roc,Volkswagen,2022,117892,Dizel,Avtomatski,150,18990,Pravna oseba
Volkswagen Tiguan Allspace,Volkswagen,2023,99988,Dizel,Avtomatski,200,30990,Pravna oseba
Mercedes-Benz E-Razred,Mercedes-Benz,2011,305600,Dizel,Avtomatski,170,7999,Pravna oseba
BMW serija 2 Gran Coupe:,BMW,2021,225000,Dizel,Avtomatski,140,15450,Pravna oseba
Mercedes-Benz GLE-Razred,Mercedes-Benz,2018,293500,Dizel,Avtomatski,204,26490,Pravna oseba
Audi A6,Audi,2018,160000,Dizel,Avtomatski,286,26350,Pravna oseba
Mercedes-Benz CLA-Razred,Mercedes-Benz,2023,143956,Dizel,Avtomatski,150,,Pravna oseba
Mitsubishi Eclipse Cross,Mitsubishi,2022,19000,Hibrid,Avtomatski,188,24990,Pravna oseba
Mercedes-Benz GLB-Razred,Mercedes-Benz,2025,18676,Bencin,Avtomatski,163,,Pravna oseba
Mercedes-Benz GLB-Razred,Mercedes-Benz,2025,24284,Dizel,Avtomatski,150,,Pravna oseba
Mercedes-Benz GLC-Razred,Mercedes-Benz,2025,34494,Bencin,Avtomatski,204,48990,Pravna oseba
Mercedes-Benz E-Razred,Mercedes-Benz,2024,55983,Dizel,Avtomatski,200,43990,Pravna oseba
Mercedes-Benz GLC-Razred,Mercedes-Benz,2026,7915,Dizel,Avtomatski,200,63990,Pravna oseba
KIA XCeed,KIA,2021,41413,Bencin,Ročni,120,16299,Pravna oseba
KIA XCeed,KIA,2025,30161,Bencin,Avtomatski,140,22999,Pravna oseba
KIA Sportage,KIA,2025,13738,Bencin,Avtomatski,150,25799,Pravna oseba
Hyundai i20,Hyundai,2019,74793,Bencin,Ročni,75,9999,Pravna oseba
KIA XCeed,KIA,2025,18857,Bencin,Ročni,140,21899,Pravna oseba
KIA Sportage,KIA,2025,11944,Bencin,Avtomatski,160,25999,Pravna oseba
KIA XCeed,KIA,2025,14549,Bencin,Avtomatski,140,23499,Pravna oseba
Ford Focus,Ford,2018,159000,Dizel,Ročni,95,7900,Fizična oseba
Mercedes-Benz A-Razred,Mercedes-Benz,2008,213402,Bencin,Ročni,95,2490,Pravna oseba
BMW X3,BMW,2018,175000,Dizel,Avtomatski,265,26950,Pravna oseba
Volkswagen Golf,Volkswagen,2025,23812,Bencin,Ročni,116,22480,Pravna oseba
Volkswagen T-Roc,Volkswagen,2022,128342,Dizel,Avtomatski,150,19880,Pravna oseba
Volkswagen Touran,Volkswagen,2022,149096,Dizel,Avtomatski,150,20480,Pravna oseba
Volvo XC60,Volvo,2021,135254,Dizel,Avtomatski,197,30980,Pravna oseba
Audi Q5,Audi,2022,107318,Dizel,Avtomatski,204,32980,Pravna oseba
Volkswagen Tiguan,Volkswagen,2024,59002,Dizel,Avtomatski,150,32980,Pravna oseba
Volkswagen Passat Variant,Volkswagen,2023,134928,Dizel,Avtomatski,150,21980,Pravna oseba
Volkswagen Passat Variant,Volkswagen,2022,130969,Dizel,Avtomatski,150,19980,Pravna oseba
Volkswagen Golf Variant,Volkswagen,2022,144013,Dizel,Avtomatski,150,15980,Pravna oseba
Volkswagen Golf Variant,Volkswagen,2023,136489,Dizel,Avtomatski,200,23980,Pravna oseba
Škoda Octavia,Škoda,2023,110761,Dizel,Avtomatski,200,25980,Pravna oseba
Škoda Karoq,Škoda,2018,215823,Dizel,Ročni,116,12980,Pravna oseba
MINI Cooper,MINI,2021,74001,,Avtomatski,184,15980,Pravna oseba
Fiat 500X,Fiat,2019,84000,Bencin,Ročni,120,9980,Pravna oseba
Renault Mégane,Renault,2010,228000,Bencin,Ročni,131,2590,Pravna oseba
BMW X1,BMW,2025,30638,Dizel,Avtomatski,150,44900,Pravna oseba
BMW X1,BMW,2025,30617,Dizel,Avtomatski,150,44900,Pravna oseba
Volkswagen Polo,Volkswagen,,,Bencin,Ročni,95,19462,Pravna oseba
Volkswagen Taigo,Volkswagen,,,Bencin,Avtomatski,150,25925,Pravna oseba
Volkswagen Tiguan,Volkswagen,,,Dizel,Avtomatski,150,43472,Pravna oseba
Volkswagen California,Volkswagen,,,Dizel,Avtomatski,150,68298,Pravna oseba
Volkswagen Passat,Volkswagen,,,Dizel,Avtomatski,193,45951,Pravna oseba
Volkswagen Golf,Volkswagen,,,Bencin,Avtomatski,265,38584,Pravna oseba
Volkswagen ID.Buzz,Volkswagen,,,,Avtomatski,286,,Pravna oseba
Volkswagen Tiguan,Volkswagen,,,Bencin,Avtomatski,150,42227,Pravna oseba
Volkswagen Tayron,Volkswagen,,,Dizel,Avtomatski,193,51594,Pravna oseba
Volkswagen ID.7,Volkswagen,,,,Avtomatski,286,51994,Pravna oseba
Volkswagen T-Roc,Volkswagen,,,Bencin,Avtomatski,150,35990,Pravna oseba
Volkswagen Caddy,Volkswagen,,,Dizel,Ročni,102,33378,Pravna oseba
Volkswagen T-Roc,Volkswagen,,,Bencin,Avtomatski,150,35436,Pravna oseba
Volkswagen Tiguan,Volkswagen,,,Hibrid,Avtomatski,272,51990,Pravna oseba
Volkswagen Tiguan,Volkswagen,,,Bencin,Avtomatski,150,42920,Pravna oseba
Volkswagen Tiguan,Volkswagen,,,Dizel,Avtomatski,150,50379,Pravna oseba
Volkswagen Tiguan,Volkswagen,,,Bencin,Avtomatski,150,49227,Pravna oseba
Volkswagen Tiguan,Volkswagen,,,Dizel,Avtomatski,193,55971,Pravna oseba
Volkswagen Tiguan,Volkswagen,,,Bencin,Avtomatski,150,37908,Pravna oseba
Volkswagen Taigo,Volkswagen,,,Bencin,Avtomatski,150,26703,Pravna oseba
Volkswagen Caravelle,Volkswagen,,,Dizel,Avtomatski,150,59321,Pravna oseba
Volkswagen Tiguan,Volkswagen,,,Bencin,Avtomatski,150,44575,Pravna oseba
Volkswagen Multivan,Volkswagen,,,Dizel,Avtomatski,150,60026,Pravna oseba
Volkswagen Tiguan,Volkswagen,,,Dizel,Avtomatski,150,47466,Pravna oseba
Volkswagen Tiguan,Volkswagen,,,Dizel,Avtomatski,150,49990,Pravna oseba
Volkswagen Golf,Volkswagen,,,Bencin,Avtomatski,150,28049,Pravna oseba
Volkswagen Golf,Volkswagen,,,Bencin,Avtomatski,150,32270,Pravna oseba
Volkswagen Multivan,Volkswagen,,,Dizel,Avtomatski,150,63479,Pravna oseba
Volkswagen Tiguan,Volkswagen,,,Dizel,Avtomatski,150,48580,Pravna oseba
Volkswagen Tiguan,Volkswagen,,,Bencin,Avtomatski,150,44815,Pravna oseba
Volkswagen Caddy,Volkswagen,,,Dizel,Ročni,102,30179,Pravna oseba
Volkswagen Golf,Volkswagen,,,Bencin,Avtomatski,150,34249,Pravna oseba
Volkswagen Golf,Volkswagen,,,Bencin,Avtomatski,150,31977,Pravna oseba
Volkswagen T-Roc,Volkswagen,2025,16585,Dizel,Avtomatski,150,30990,Pravna oseba
Volkswagen Tiguan,Volkswagen,2026,4500,Bencin,Avtomatski,150,38950,Pravna oseba
Volkswagen Passat,Volkswagen,,,Bencin,Avtomatski,150,37495,Pravna oseba
Volkswagen Passat,Volkswagen,,,Dizel,Avtomatski,150,39852,Pravna oseba
Volkswagen Passat,Volkswagen,,,Dizel,Avtomatski,150,37882,Pravna oseba
Volkswagen Tayron,Volkswagen,,,Dizel,Avtomatski,193,52351,Pravna oseba
Volkswagen Touran,Volkswagen,2024,37900,Bencin,Avtomatski,150,29990,Pravna oseba
Volkswagen T-Roc,Volkswagen,,,Bencin,Avtomatski,150,29993,Pravna oseba
Volkswagen Tayron,Volkswagen,,,Dizel,Avtomatski,150,46943,Pravna oseba
Volkswagen T-Roc,Volkswagen,,,Bencin,Avtomatski,116,29330,Pravna oseba
Volkswagen T-Roc,Volkswagen,,,Bencin,Avtomatski,150,34692,Pravna oseba
Volkswagen Tayron,Volkswagen,,,Bencin,Avtomatski,150,39970,Pravna oseba
Volkswagen Tiguan,Volkswagen,2025,6818,Bencin,Avtomatski,150,40990,Pravna oseba
Volkswagen -,Volkswagen,,,,Avtomatski,211,,Pravna oseba
Volkswagen Tayron,Volkswagen,,,Dizel,Avtomatski,150,48338,Pravna oseba
Volkswagen Tiguan,Volkswagen,,,Dizel,Avtomatski,193,49997,Pravna oseba
Volkswagen -,Volkswagen,,,,Avtomatski,211,,Pravna oseba
Volkswagen T-Cross,Volkswagen,,,Bencin,Ročni,116,22267,Pravna oseba
Volkswagen Tayron,Volkswagen,,,Bencin,Avtomatski,204,47950,Pravna oseba
Volkswagen Golf,Volkswagen,,,Bencin,Avtomatski,150,27998,Pravna oseba
Volkswagen T-Roc,Volkswagen,,,Bencin,Avtomatski,116,28931,Pravna oseba
Volkswagen Tiguan,Volkswagen,,,Dizel,Avtomatski,150,45991,Pravna oseba
Volkswagen Tiguan,Volkswagen,2025,17500,Bencin,Avtomatski,150,31990,Pravna oseba
Volkswagen T-Roc,Volkswagen,,,Bencin,Avtomatski,150,39270,Pravna oseba
Volkswagen Tayron,Volkswagen,,,Dizel,Avtomatski,150,49983,Pravna oseba
Volkswagen Sharan,Volkswagen,2017,149483,Dizel,Avtomatski,150,Cena po dogovoru,Pravna oseba
Audi Q3,Audi,2021,128121,Bencin,Avtomatski,150,28990,Pravna oseba
Audi A4,Audi,2023,72174,Bencin,Avtomatski,204,26990,Pravna oseba
Škoda Superb,Škoda,2020,106800,Dizel,Avtomatski,150,23990,Pravna oseba
Audi A4,Audi,2023,43430,Bencin,Avtomatski,204,28990,Pravna oseba
Volkswagen T-Roc,Volkswagen,2024,42509,Bencin,Avtomatski,300,31990,Pravna oseba
Cupra Formentor,Cupra,2022,53372,Bencin,Avtomatski,150,23990,Pravna oseba
Škoda Fabia,Škoda,2024,43318,Bencin,Avtomatski,110,16990,Pravna oseba
Volkswagen Arteon,Volkswagen,2023,89549,Dizel,Avtomatski,150,27990,Pravna oseba
Volkswagen Tiguan Allspace,Volkswagen,2023,103235,Dizel,Avtomatski,200,32990,Pravna oseba
Volkswagen Tiguan,Volkswagen,2022,73620,Dizel,Avtomatski,150,24990,Pravna oseba
Volkswagen T-Roc,Volkswagen,2023,135375,Dizel,Avtomatski,150,23990,Pravna oseba
Volkswagen Tiguan,Volkswagen,2025,11841,Bencin,Avtomatski,150,39990,Pravna oseba
Volkswagen Tiguan,Volkswagen,2025,18940,Dizel,Avtomatski,150,39990,Pravna oseba
Volkswagen Tiguan,Volkswagen,2023,84430,Bencin,Avtomatski,150,24490,Pravna oseba
Škoda Kodiaq,Škoda,2023,94741,Dizel,Avtomatski,150,31990,Pravna oseba
BMW Serija 3,BMW,2024,14440,Bencin,Avtomatski,184,39990,Pravna oseba
Volkswagen T-Cross,Volkswagen,2019,40304,Bencin,Ročni,116,14990,Pravna oseba
Dacia Jogger,Dacia,2023,38285,Bencin,Ročni,110,14990,Pravna oseba
Volkswagen Golf,Volkswagen,2025,13420,Bencin,Avtomatski,150,27490,Pravna oseba
Volkswagen Passat,Volkswagen,2022,128431,Dizel,Avtomatski,150,19990,Pravna oseba
Volkswagen Golf,Volkswagen,2024,26904,Bencin,Avtomatski,150,23990,Pravna oseba
Audi A3,Audi,2022,116753,Dizel,Avtomatski,150,23990,Pravna oseba
Volkswagen Tiguan,Volkswagen,2025,36780,Dizel,Avtomatski,150,38990,Pravna oseba
Volkswagen Passat,Volkswagen,2021,158933,Dizel,Avtomatski,150,20990,Pravna oseba
Volkswagen Tayron,Volkswagen,2025,23000,Dizel,Avtomatski,193,48990,Pravna oseba
Volkswagen T-Roc,Volkswagen,2022,44954,Bencin,Avtomatski,150,21990,Pravna oseba
Volkswagen Tiguan,Volkswagen,2025,25525,Dizel,Avtomatski,150,39990,Pravna oseba
Volkswagen Tiguan,Volkswagen,2021,62000,Bencin,Ročni,131,21990,Pravna oseba
Škoda Kodiaq,Škoda,2023,134330,Bencin,Avtomatski,190,31990,Pravna oseba
Volkswagen Golf,Volkswagen,2025,32875,Bencin,Avtomatski,116,23990,Pravna oseba
Renault Scénic,Renault,2022,171341,Bencin,Ročni,140,12490,Pravna oseba
Volkswagen Tiguan,Volkswagen,2025,26658,Bencin,Avtomatski,150,38990,Pravna oseba
Škoda Octavia,Škoda,2019,178223,Dizel,Avtomatski,150,12290,Pravna oseba
Mercedes-Benz S-Razred,Mercedes-Benz,2025,13514,Dizel,Avtomatski,367,115900,Pravna oseba
Škoda Karoq,Škoda,2020,149949,Dizel,Avtomatski,150,17990,Pravna oseba
Volkswagen Tiguan,Volkswagen,2025,16838,Bencin,Avtomatski,150,39990,Pravna oseba
Volkswagen Taigo,Volkswagen,2024,30729,Bencin,Ročni,116,17990,Pravna oseba
Audi S3,Audi,2018,103922,Bencin,Avtomatski,400,33990,Pravna oseba
Volkswagen Golf,Volkswagen,2024,43688,Bencin,Avtomatski,150,26990,Pravna oseba
Volkswagen Golf,Volkswagen,2016,116649,Bencin,Ročni,125,12990,Pravna oseba
Volkswagen Arteon,Volkswagen,2023,100544,Bencin,Avtomatski,190,27990,Pravna oseba
Volkswagen Passat,Volkswagen,2021,138236,Bencin,Avtomatski,150,22490,Pravna oseba
Volkswagen Taigo,Volkswagen,2023,32344,Bencin,Avtomatski,110,17990,Pravna oseba
Seat Ateca,Seat,2023,109820,Dizel,Avtomatski,150,19990,Pravna oseba
Audi Q2,Audi,2023,65145,Bencin,Avtomatski,150,21990,Pravna oseba
Audi Q5,Audi,2023,122056,Dizel,Avtomatski,204,33990,Pravna oseba
Volkswagen T-Roc,Volkswagen,2021,98900,Dizel,Avtomatski,190,21490,Pravna oseba
Volkswagen Tiguan,Volkswagen,2024,37800,Dizel,Avtomatski,200,34990,Pravna oseba
BMW Serija 1,BMW,2020,79615,Bencin,Avtomatski,140,18990,Pravna oseba
Volkswagen T-Roc,Volkswagen,2023,50548,Dizel,Avtomatski,150,22990,Pravna oseba
Ford Focus,Ford,2020,168541,Dizel,Ročni,95,8990,Pravna oseba
Volkswagen Tiguan,Volkswagen,2023,76227,Dizel,Avtomatski,150,26990,Pravna oseba
Audi Q3,Audi,2022,100475,Bencin,Avtomatski,150,28990,Pravna oseba
Volkswagen T-Roc,Volkswagen,2023,49537,Bencin,Ročni,110,20990,Pravna oseba
Volkswagen Touran,Volkswagen,2022,112475,Dizel,Avtomatski,150,22990,Pravna oseba
Škoda Octavia,Škoda,2023,81653,Dizel,Ročni,116,16990,Pravna oseba
Škoda Kodiaq,Škoda,2023,99652,Bencin,Avtomatski,150,29990,Pravna oseba
Volkswagen Passat,Volkswagen,2020,172300,Dizel,Avtomatski,150,14490,Pravna oseba
Škoda Superb,Škoda,2020,115955,Bencin,Avtomatski,272,25990,Pravna oseba
Škoda Enyaq,Škoda,2022,78657,,Avtomatski,179,21990,Pravna oseba
Audi A1,Audi,2021,82409,Bencin,Avtomatski,110,16490,Pravna oseba
Citroën C5 X,Citroën,2023,47020,Bencin,Avtomatski,179,22990,Pravna oseba
Audi Q3,Audi,2023,30612,Bencin,Avtomatski,150,31990,Pravna oseba
Volkswagen Touran,Volkswagen,2024,46200,Bencin,Avtomatski,150,28990,Pravna oseba
Škoda Kodiaq,Škoda,2022,111154,Bencin,Avtomatski,150,26990,Pravna oseba
Volkswagen Touran,Volkswagen,2024,49400,Bencin,Avtomatski,150,29990,Pravna oseba
BMW X6,BMW,2021,93700,Bencin,Avtomatski,625,71900,Pravna oseba
Volkswagen T-Cross,Volkswagen,2026,1,Bencin,Avtomatski,116,24990,Pravna oseba
Renault Koleos,Renault,2020,188268,Dizel,Avtomatski,190,14990,Pravna oseba
BMW X1,BMW,2023,57119,Bencin,Avtomatski,136,32990,Pravna oseba
Honda HR-V,Honda,2024,9572,Bencin,Avtomatski,107,29900,Pravna oseba
KIA Sportage,KIA,2025,19542,Bencin,Ročni,160,24799,Pravna oseba
BMW Serija 1,BMW,2022,112417,Bencin,Ročni,178,23990,Pravna oseba
Škoda Superb,Škoda,2020,115600,Hibrid,Avtomatski,156,20990,Pravna oseba
Mercedes-Benz B-Razred,Mercedes-Benz,2018,188900,Bencin,Avtomatski,156,14990,Pravna oseba
Citroën C3,Citroën,2019,104990,Bencin,Ročni,83,6490,Pravna oseba
BMW serija 3:,BMW,2019,176000,Dizel,Avtomatski,150,18950,Pravna oseba
Audi Q5,Audi,2016,235000,Dizel,Avtomatski,190,14850,Pravna oseba
Ford C-Max,Ford,2016,159000,Dizel,Ročni,120,6600,Pravna oseba
BMW X5,BMW,2017,167876,Dizel,Avtomatski,258,24900,Fizična oseba
Seat Altea,Seat,2015,144000,Dizel,Ročni,105,7400,Fizična oseba
Mercedes-Benz GLC-Razred,Mercedes-Benz,2020,105214,Bencin,Avtomatski,197,32300,Fizična oseba
Volkswagen Polo,Volkswagen,2014,135645,Bencin,Avtomatski,90,8500,Fizična oseba
Land Rover Range Rover Evoque,Land,2014,161405,Dizel,Avtomatski,150,11990,Pravna oseba
Renault Scenic,Renault,2017,219000,Dizel,Ročni,131,7490,Pravna oseba
Audi A5 Sportback,Audi,2010,380000,Dizel,Ročni,190,5990,Pravna oseba
Mercedes-Benz GLK-Razred,Mercedes-Benz,2011,325994,Dizel,Avtomatski,170,5999,Pravna oseba
Volkswagen T-Roc,Volkswagen,2019,137999,Dizel,Ročni,150,17990,Pravna oseba
Honda ZR-V,Honda,,,Hibrid,Avtomatski,184,,Pravna oseba
BMW M3 Limousine,BMW,2015,128000,Bencin,Avtomatski,431,47490,Pravna oseba
BMW 5 Series ActiveHybrid,BMW,2011,236000,Bencin,Ročni,306,11990,Pravna oseba
Volkswagen Caddy,Volkswagen,2022,57728,Dizel,Avtomatski,102,31790,Pravna oseba
Škoda Octavia,Škoda,2022,54000,Bencin,Avtomatski,245,26990,Pravna oseba
BMW Serija 4,BMW,2025,31606,Dizel,Avtomatski,190,47850,Pravna oseba
Hyundai i20,Hyundai,2023,29828,Bencin,Ročni,83,29828,Pravna oseba
Volkswagen Touran,Volkswagen,2023,206671,Dizel,Avtomatski,150,17990,Pravna oseba
KIA Sportage,KIA,2022,72950,Bencin,Ročni,150,20990,Pravna oseba
Ford Transit,Ford,2023,158967,Dizel,Avtomatski,120,16999,Pravna oseba
Seat Leon,Seat,2014,257800,Dizel,Avtomatski,150,7990,Pravna oseba
Opel Corsa,Opel,2017,116000,Bencin,Ročni,75,6499,Fizična oseba
Volvo S90,Volvo,2017,168000,Dizel,Avtomatski,190,19350,Pravna oseba
BMW Serija 2,BMW,2025,28568,Bencin,Avtomatski,136,30780,Pravna oseba
BMW Serija 2,BMW,2025,48435,Bencin,Avtomatski,136,29900,Pravna oseba
BMW X2,BMW,2025,45850,Dizel,Avtomatski,150,43990,Pravna oseba
Dacia Sandero,Dacia,,,Bencin,Ročni,101,Cena po dogovoru,Pravna oseba
KIA Sportage,KIA,,,Bencin,Avtomatski,150,28299,Pravna oseba
Škoda Kamiq,Škoda,2025,17900,Bencin,Avtomatski,116,17300,Fizična oseba
Ford Galaxy,Ford,,52000,Dizel,Avtomatski,140,1790,Fizična oseba
Volkswagen Golf,Volkswagen,2019,185500,Dizel,Avtomatski,184,18000,Fizična oseba
Volkswagen Arteon,Volkswagen,2019,166000,Dizel,Avtomatski,190,23500,Fizična oseba
Volkswagen Golf,Volkswagen,2022,159000,Dizel,Avtomatski,150,23850,Pravna oseba
BMW X5,BMW,2016,224210,Hibrid,Avtomatski,313,17500,Fizična oseba
Audi A4,Audi,2020,194335,Bencin,Avtomatski,150,16690,Pravna oseba
Peugeot 208,Peugeot,2022,57531,Bencin,Ročni,75,9190,Pravna oseba
KIA Sportage,KIA,2023,141200,Dizel,Avtomatski,136,19490,Pravna oseba
BMW X4,BMW,2024,30700,Dizel,Avtomatski,190,52880,Pravna oseba
Mazda MX-5,Mazda,2020,79800,Bencin,Ročni,132,22880,Pravna oseba
BMW X6,BMW,2013,218400,Dizel,Avtomatski,381,18980,Pravna oseba
BMW Serija 2,BMW,2023,61997,Bencin,Avtomatski,136,27480,Pravna oseba
BMW Serija 2,BMW,2024,64073,Bencin,Avtomatski,136,29490,Pravna oseba
Mercedes-Benz ML-Razred,Mercedes-Benz,2014,219650,Dizel,Avtomatski,204,,Pravna oseba
Hyundai Bayon,Hyundai,2026,1660,Bencin,Avtomatski,90,19490,Pravna oseba
Mitsubishi Outlander,Mitsubishi,,,Hibrid,Avtomatski,306,,Pravna oseba
Honda CR-V,Honda,,,Hibrid,Avtomatski,184,,Pravna oseba
Toyota Yaris,Toyota,2020,93465,Hibrid,Avtomatski,101,12990,Pravna oseba
Ford EcoSport,Ford,,54360,Bencin,Ročni,125,14890,Pravna oseba
Ford Puma,Ford,,63793,Bencin,Ročni,125,16990,Pravna oseba
Volkswagen Golf,Volkswagen,,36760,Bencin,Ročni,125,14490,Pravna oseba
Audi Q3 Sportback,Audi,2023,42498,Bencin,Avtomatski,150,33990,Pravna oseba
Renault Scénic,Renault,2020,52787,Bencin,Avtomatski,140,17990,Pravna oseba
BMW Serija 2,BMW,2023,61997,Bencin,Avtomatski,136,27480,Pravna oseba
BMW Serija 2,BMW,2025,36132,Bencin,Avtomatski,136,29990,Pravna oseba
BMW Serija 2,BMW,2025,64073,Bencin,Avtomatski,136,29490,Pravna oseba
BMW 5 Series ActiveHybrid,BMW,2025,25478,Dizel,Avtomatski,197,Cena po dogovoru,Pravna oseba
Audi A5,Audi,2017,113800,Dizel,Avtomatski,286,27990,Pravna oseba
BMW Serija 3,BMW,2025,42961,Dizel,Avtomatski,190,44890,Pravna oseba
Ford E-Transit Custom,Ford,2021,108000,Dizel,Avtomatski,185,,Pravna oseba
BMW Serija 3,BMW,2025,42961,Dizel,Avtomatski,190,44890,Pravna oseba
Honda ZR-V,Honda,2026,500,Hibrid,Avtomatski,184,37400,Pravna oseba
Changan CS55 Plus,Changan,,,Bencin,Avtomatski,181,,Pravna oseba
Ford Explorer,Ford,,30087,,Avtomatski,,39990,Pravna oseba
Audi RS Q3,Audi,2014,214000,Bencin,Avtomatski,310,21990,Pravna oseba
Volkswagen Transporter,Volkswagen,2014,312322,Dizel,Ročni,102,12200,Pravna oseba
Dongfeng Box,Dongfeng,,,,Avtomatski,95,,Pravna oseba
Forthing Forthing T5 EVO,Forthing,,,Bencin,Avtomatski,177,28900,Pravna oseba
Forthing Forthing T5 EVO,Forthing,,,Bencin,Avtomatski,177,28900,Pravna oseba
Forthing S7,Forthing,,,,Avtomatski,218,,Pravna oseba
Dongfeng Box,Dongfeng,,,,Avtomatski,95,,Pravna oseba
Forthing Forthing U Tour,Forthing,,,Bencin,Avtomatski,177,29900,Pravna oseba
Forthing Forthing T5 EVO,Forthing,2026,4876,Bencin,Avtomatski,177,26990,Pravna oseba
KIA Pro_Ceed,KIA,2014,182134,Bencin,Ročni,204,,Pravna oseba
Dongfeng Box,Dongfeng,,,,Avtomatski,95,,Pravna oseba
Forthing Forthing T5 EVO,Forthing,,,Bencin,Avtomatski,177,28900,Pravna oseba
Dongfeng Mage,Dongfeng,,,Bencin,Avtomatski,204,24900,Pravna oseba
Forthing Forthing T5 EVO,Forthing,,,Bencin,Avtomatski,177,28900,Pravna oseba
Forthing Forthing T5 EVO,Forthing,,,Bencin,Avtomatski,177,28900,Pravna oseba
Dongfeng Mage,Dongfeng,,,Bencin,Avtomatski,204,24900,Pravna oseba
Forthing Forthing U Tour,Forthing,,,Bencin,Avtomatski,177,29900,Pravna oseba
Forthing Forthing T5 EVO,Forthing,,,Bencin,Avtomatski,177,28900,Pravna oseba
Peugeot 2008,Peugeot,2017,97678,Bencin,Ročni,110,5900,Pravna oseba
Forthing Forthing T5 EVO,Forthing,,,Bencin,Avtomatski,177,28900,Pravna oseba
Forthing Forthing T5 EVO,Forthing,,,Bencin,Avtomatski,177,28900,Pravna oseba
BMW Serija 3,BMW,2020,233960,Hibrid,Avtomatski,190,19999,Pravna oseba
KIA ProCeed,KIA,2022,74571,Bencin,Avtomatski,160,21990,Pravna oseba
KIA Sportage,KIA,2022,64477,Bencin,Ročni,150,19870,Pravna oseba
BMW X5,BMW,2017,165888,Dizel,Avtomatski,258,26490,Pravna oseba
Ford Tourneo,Ford,2025,17000,Bencin,Ročni,125,20550,Pravna oseba
Ford Puma,Ford,2022,63000,Bencin,Ročni,125,19290,Pravna oseba
Ford Mondeo,Ford,2007,143302,Dizel,Ročni,140,Cena po dogovoru,Pravna oseba
Baic X7,Baic,,,Bencin,Avtomatski,177,31900,Pravna oseba
Baic BJ30,Baic,,,Hibrid,Avtomatski,280,35900,Pravna oseba
Baic BJ30,Baic,,,Hibrid,Avtomatski,154,35900,Pravna oseba
Opel Corsa,Opel,2025,16945,Bencin,Ročni,101,,Pravna oseba
BMW Serija 3,BMW,2019,171204,Dizel,Avtomatski,190,25490,Pravna oseba
Changan Deepal S05,Changan,,,,Avtomatski,272,39990,Pravna oseba
Changan CS75 Plus,Changan,,,Bencin,Avtomatski,181,,Pravna oseba
Changan CS75 Plus,Changan,,,Bencin,Avtomatski,181,,Pravna oseba
Changan CS75 Plus,Changan,,,Bencin,Avtomatski,181,,Pravna oseba
Audi A5,Audi,2022,80000,Dizel,Avtomatski,163,29950,Pravna oseba
Changan CS55 Plus,Changan,,,Bencin,Avtomatski,181,,Pravna oseba
Changan CS55 Plus,Changan,,,Bencin,Avtomatski,181,,Pravna oseba
Changan CS55 Plus,Changan,,,Bencin,Avtomatski,181,,Pravna oseba
Changan CS55 Plus,Changan,,,Bencin,Avtomatski,181,,Pravna oseba
Changan CS55 Plus,Changan,,,Bencin,Avtomatski,181,,Pravna oseba
Citroën C4 Grand Picasso,Citroën,2016,168719,Dizel,Ročni,120,7690,Pravna oseba
Ford Tourneo Connect,Ford,,15300,Hibrid,Avtomatski,150,33990,Pravna oseba
Škoda Karoq,Škoda,2023,178182,Dizel,Ročni,116,15990,Pravna oseba
Mercedes-Benz C-Razred,Mercedes-Benz,2019,197000,Dizel,Avtomatski,160,13990,Pravna oseba
Audi Q3,Audi,2021,78808,Dizel,Avtomatski,150,27990,Pravna oseba
BMW serija 3:,BMW,2020,131134,Dizel,Avtomatski,150,22990,Pravna oseba
Opel Zafira,Opel,2016,187286,Bencin,Ročni,140,5990,Pravna oseba
Volkswagen T-Roc,Volkswagen,2020,146546,Bencin,Ročni,150,16790,Pravna oseba
Volkswagen Passat,Volkswagen,2016,312075,Dizel,Ročni,150,,Pravna oseba
Citroën C4 Grand SpaceTourer,Citroën,2018,212482,Dizel,Ročni,150,8199,Pravna oseba
Volkswagen Tiguan,Volkswagen,2018,178596,Dizel,Avtomatski,150,17940,Pravna oseba
Volkswagen Amarok,Volkswagen,,,Dizel,Avtomatski,241,65831,Pravna oseba
Volkswagen Taigo,Volkswagen,2026,10768,Bencin,Ročni,116,21000,Pravna oseba
Volkswagen Golf,Volkswagen,2017,124072,Dizel,Ročni,116,11990,Pravna oseba
Seat Altea Freetrack,Seat,2012,207100,Dizel,Ročni,140,6690,Pravna oseba
Audi A1,Audi,2011,85749,Bencin,Ročni,86,7999,Pravna oseba
BMW Serija 7,BMW,2022,72000,Dizel,Ročni,286,49990,Pravna oseba
Suzuki e Vitara,Suzuki,,,,Avtomatski,184,39500,Pravna oseba
Volkswagen Tiguan,Volkswagen,2022,65929,Bencin,Avtomatski,190,30999,Pravna oseba
Volkswagen Tiguan,Volkswagen,2023,117186,Dizel,Avtomatski,150,,Pravna oseba
Renault Megane E-tech,Renault,2023,17980,,Avtomatski,131,18900,Pravna oseba
Volkswagen Tiguan,Volkswagen,2025,28047,Dizel,Avtomatski,150,,Pravna oseba
Volkswagen Tiguan,Volkswagen,2025,23446,Dizel,Avtomatski,150,,Pravna oseba
Toyota Corolla,Toyota,2022,120986,Bencin,Ročni,116,16400,Pravna oseba
Volkswagen Taigo,Volkswagen,2025,22000,Bencin,Ročni,116,,Pravna oseba
Volkswagen Passat,Volkswagen,2022,89000,Dizel,Avtomatski,150,,Pravna oseba
Volkswagen Passat,Volkswagen,2025,24742,Bencin,Avtomatski,150,,Pravna oseba
Volkswagen Golf,Volkswagen,2022,59204,Bencin,Ročni,131,,Pravna oseba
Volkswagen Caddy,Volkswagen,2023,149270,Dizel,Ročni,122,,Pravna oseba
BMW Serija 5,BMW,2025,50396,Dizel,Avtomatski,286,62990,Pravna oseba
BMW Serija 5,BMW,2024,73007,Dizel,Avtomatski,197,50990,Pravna oseba
Renault Kangoo,Renault,2022,158000,Dizel,Ročni,95,,Pravna oseba
Peugeot 2008,Peugeot,2021,124066,Dizel,Avtomatski,131,,Pravna oseba
Opel Zafira,Opel,2016,125038,Bencin,Ročni,140,,Pravna oseba
Opel Grandland X,Opel,2019,111000,Dizel,Ročni,131,,Pravna oseba
Opel Astra,Opel,2023,51000,Bencin,Ročni,110,,Pravna oseba
MINI One,MINI,2019,63000,Bencin,Ročni,102,,Pravna oseba
MG Marvel R,MG,2022,98062,,Avtomatski,179,,Pravna oseba
Mercedes-Benz GLC-Razred,Mercedes-Benz,2023,129000,Dizel,Avtomatski,220,,Pravna oseba
Mercedes-Benz EQA,Mercedes-Benz,2022,78406,,Avtomatski,190,29999,Pravna oseba
Mercedes-Benz EQA,Mercedes-Benz,2023,42496,,Avtomatski,190,,Pravna oseba
Mercedes-Benz A-Razred,Mercedes-Benz,2023,91477,Bencin,Avtomatski,177,,Pravna oseba
Mazda CX-5,Mazda,2023,85000,Dizel,Avtomatski,150,,Pravna oseba
Fiat Tipo,Fiat,2021,108003,Dizel,Ročni,95,,Pravna oseba
Citroën C5 Aircross,Citroën,2022,101711,Dizel,Avtomatski,131,,Pravna oseba
Seat Leon,Seat,2021,111819,Bencin,Avtomatski,150,14299,Pravna oseba
BMW X3,BMW,2023,122000,Dizel,Avtomatski,286,,Pravna oseba
BMW X3,BMW,2021,63200,Bencin,Avtomatski,184,,Pravna oseba
Mercedes-Benz B-Razred,Mercedes-Benz,2019,186000,Dizel,Avtomatski,150,17990,Pravna oseba
BMW X3,BMW,2023,121000,Dizel,Avtomatski,190,,Pravna oseba
Audi A6 Avant,Audi,2021,98953,Dizel,Avtomatski,204,25990,Pravna oseba
Volkswagen Tiguan Allspace,Volkswagen,2022,48190,Dizel,Avtomatski,200,32990,Pravna oseba
BMW X3,BMW,2022,97297,Dizel,Avtomatski,190,,Pravna oseba
Volvo XC60,Volvo,2022,102875,Dizel,Avtomatski,197,31990,Pravna oseba
Volvo XC60,Volvo,2018,196976,Dizel,Avtomatski,190,19990,Pravna oseba
BMW Serija 5,BMW,2021,124516,Hibrid,Avtomatski,184,,Pravna oseba
BMW serija 2 Gran Coupe:,BMW,2021,139045,Dizel,Avtomatski,116,,Pravna oseba
BMW Serija 2,BMW,2023,133976,Dizel,Avtomatski,150,,Pravna oseba
Audi A6 Avant,Audi,2019,88072,Dizel,Avtomatski,286,33790,Pravna oseba
Jeep Wrangler,Jeep,2022,20486,Hibrid,Avtomatski,381,49990,Pravna oseba
Volvo XC60,Volvo,2016,156412,Dizel,Avtomatski,190,20490,Pravna oseba
Volkswagen Tiguan,Volkswagen,2020,182290,Dizel,Avtomatski,150,20990,Pravna oseba
Volkswagen Caddy,Volkswagen,2018,158333,Dizel,Ročni,102,17990,Pravna oseba
BMW serija X1:,BMW,2010,322000,Dizel,Ročni,143,4990,Pravna oseba
Audi e-tron,Audi,2022,33344,,Avtomatski,408,,Pravna oseba
BMW serija 2 Active Tourer:,BMW,2015,217000,Dizel,Ročni,150,6990,Pravna oseba
Audi e-tron,Audi,2022,86569,,Avtomatski,313,,Pravna oseba
Audi A6 Avant,Audi,2022,96612,Dizel,Avtomatski,204,27490,Pravna oseba
Audi A6 Allroad,Audi,2021,151158,Dizel,Avtomatski,204,,Pravna oseba
Volkswagen Tiguan Allspace,Volkswagen,2023,130982,Dizel,Avtomatski,150,29990,Pravna oseba
Citroën C4 Grand Picasso,Citroën,2015,260000,Dizel,Avtomatski,116,4490,Pravna oseba
Ford Ranger,Ford,2020,75055,Dizel,Avtomatski,212,32000,Pravna oseba
Audi e-tron,Audi,2023,96312,,Avtomatski,408,,Pravna oseba
Audi e-tron,Audi,2022,46764,,Avtomatski,313,,Pravna oseba
Audi e-tron,Audi,2022,46764,,Avtomatski,313,,Pravna oseba
Volkswagen Golf,Volkswagen,2014,136273,Dizel,Ročni,150,10990,Pravna oseba
Ford Kuga,Ford,,11495,Hibrid,Avtomatski,179,27990,Pravna oseba
Ford Tourneo Custom,Ford,,25577,Hibrid,Avtomatski,232,49990,Pravna oseba
Škoda Octavia,Škoda,2018,239000,Bencin,Ročni,116,7490,Pravna oseba
Volkswagen Golf,Volkswagen,2022,114000,Bencin,Ročni,131,17650,Pravna oseba
Škoda Superb,Škoda,2024,65158,Dizel,Avtomatski,150,34999,Pravna oseba
Mercedes-Benz C-Razred,Mercedes-Benz,2019,239000,Dizel,Ročni,136,18990,Pravna oseba
BMW Serija 3,BMW,2017,142000,Dizel,Ročni,150,16500,Fizična oseba
Seat Leon,Seat,2023,104649,Dizel,Ročni,150,19999,Pravna oseba
Volkswagen T-Roc,Volkswagen,2019,33500,Dizel,Avtomatski,150,20990,Pravna oseba
Volkswagen Touran,Volkswagen,2023,145949,Dizel,Avtomatski,150,22490,Pravna oseba
Škoda Karoq,Škoda,2023,86150,Bencin,Avtomatski,150,23890,Pravna oseba
Škoda Karoq,Škoda,2021,112209,Bencin,Avtomatski,150,19890,Pravna oseba
Ford Mondeo,Ford,2022,119339,Dizel,Avtomatski,150,18490,Pravna oseba
Ford Mondeo,Ford,2022,119339,Dizel,Avtomatski,150,18490,Pravna oseba
Citroën C5,Citroën,2023,110564,Dizel,Avtomatski,131,18490,Pravna oseba
Audi A6,Audi,2019,193000,Dizel,Avtomatski,204,21990,Pravna oseba
Renault Kadjar,Renault,2020,164000,Dizel,Ročni,116,11490,Pravna oseba
Omoda 9,Omoda,,,Hibrid,Avtomatski,605,,Pravna oseba
Omoda 9,Omoda,,,Hibrid,Avtomatski,605,,Pravna oseba
Audi A5 Sportback,Audi,2017,242000,Dizel,Avtomatski,150,16850,Pravna oseba
Toyota Aygo X,Toyota,,,Hibrid,Avtomatski,92,21450,Pravna oseba
BMW X5,BMW,2022,122451,Dizel,Avtomatski,286,47500,Pravna oseba
BMW Serija 5,BMW,2018,105925,Dizel,Avtomatski,231,23990,Pravna oseba
Volkswagen Caddy,Volkswagen,2020,66154,Dizel,Avtomatski,102,,Pravna oseba
Lexus RX,Lexus,2023,24841,Hibrid,Avtomatski,190,56990,Pravna oseba
KIA Optima,KIA,2017,225000,Dizel,Avtomatski,141,10450,Pravna oseba
Škoda Superb,Škoda,2020,127429,Hibrid,Avtomatski,218,16990,Pravna oseba
MG MG3,MG,2025,40199,Bencin,Ročni,116,13990,Pravna oseba
MG MG3,MG,2025,40199,Bencin,Ročni,116,13990,Pravna oseba
Seat Leon,Seat,2017,156437,Dizel,Avtomatski,110,8900,Pravna oseba
Mazda CX-5,Mazda,2017,213142,Dizel,Avtomatski,175,12999,Pravna oseba
Volvo XC90,Volvo,2007,348000,Dizel,Avtomatski,185,4000,Fizična oseba
Fiat 500,Fiat,2019,41007,Bencin,Ročni,69,10490,Pravna oseba
Škoda Octavia,Škoda,2020,185000,Dizel,Avtomatski,150,16950,Pravna oseba
Hyundai ix35,Hyundai,2015,192140,Dizel,Ročni,136,9990,Pravna oseba
Volkswagen ID.Buzz,Volkswagen,,,,Avtomatski,286,,Pravna oseba
Volkswagen Golf,Volkswagen,,,Bencin,Avtomatski,150,31700,Pravna oseba
Volkswagen ID.4,Volkswagen,,,,Avtomatski,170,34757,Pravna oseba
Volkswagen ID.4,Volkswagen,,,,Avtomatski,170,,Pravna oseba
Volkswagen T-Roc,Volkswagen,,,Bencin,Avtomatski,150,39999,Pravna oseba
Volkswagen Passat,Volkswagen,,,Hibrid,Avtomatski,204,38990,Pravna oseba
Volkswagen ID.3,Volkswagen,,,,Avtomatski,170,34238,Pravna oseba
Volkswagen ID.7,Volkswagen,,,,Avtomatski,286,52037,Pravna oseba
Volkswagen ID.7,Volkswagen,,,,Avtomatski,286,52037,Pravna oseba
Volkswagen Tiguan,Volkswagen,,,Hibrid,Avtomatski,204,40500,Pravna oseba
Volkswagen Tayron,Volkswagen,,,Dizel,Avtomatski,193,64000,Pravna oseba
Volkswagen Tayron,Volkswagen,,,Bencin,Avtomatski,150,39900,Pravna oseba
Volkswagen Taigo,Volkswagen,,,Bencin,Avtomatski,116,23800,Pravna oseba
Volkswagen T-Cross,Volkswagen,2019,73765,Bencin,Ročni,95,13670,Pravna oseba
Citroën C3,Citroën,2018,86997,Bencin,Ročni,82,6999,Pravna oseba
MINI Cooper,MINI,2012,167000,Bencin,Avtomatski,184,7290,Pravna oseba
Ford Ranger,Ford,2023,102000,Dizel,Avtomatski,170,28990,Pravna oseba
Volkswagen Taigo,Volkswagen,2026,5000,Bencin,Ročni,116,24590,Pravna oseba
Volkswagen T-Roc,Volkswagen,2026,4000,Bencin,Avtomatski,150,32790,Pravna oseba
BMW i3,BMW,2021,94977,,Avtomatski,184,22990,Pravna oseba
BMW X1,BMW,2023,82477,Hibrid,Avtomatski,136,33990,Pravna oseba
BMW X1,BMW,2024,78027,Bencin,Avtomatski,218,34990,Pravna oseba
Volkswagen Passat,Volkswagen,,,Bencin,Avtomatski,150,42542,Pravna oseba
Volkswagen Passat,Volkswagen,,,Bencin,Avtomatski,150,42542,Pravna oseba
Volkswagen ID.3,Volkswagen,2024,21000,,Avtomatski,204,31990,Pravna oseba
Volkswagen T-Cross,Volkswagen,2025,7500,Bencin,Ročni,116,22499,Pravna oseba
Volkswagen Passat,Volkswagen,2025,40000,Hibrid,Avtomatski,204,39999,Pravna oseba
Volkswagen ID.3,Volkswagen,2024,21000,,Avtomatski,204,34999,Pravna oseba
Škoda Kodiaq,Škoda,2025,15000,Bencin,Avtomatski,150,38490,Pravna oseba
Volkswagen Touran,Volkswagen,2026,13000,Dizel,Ročni,122,31900,Pravna oseba
Volkswagen Tayron,Volkswagen,2025,17000,Bencin,Avtomatski,150,38999,Pravna oseba
Volkswagen T-Roc,Volkswagen,2025,7000,Bencin,Avtomatski,150,34999,Pravna oseba
Volkswagen Tiguan,Volkswagen,2025,22000,Bencin,Avtomatski,150,39490,Pravna oseba
Nissan X-Trail,Nissan,2026,1500,Hibrid,Avtomatski,158,45970,Pravna oseba
Škoda Kodiaq,Škoda,2022,87100,Bencin,Avtomatski,150,28999,Pravna oseba
Mercedes-Benz A-Razred,Mercedes-Benz,2020,122519,Bencin,Avtomatski,163,19988,Pravna oseba
Renault Symbioz,Renault,,,Hibrid,Avtomatski,145,29490,Pravna oseba
Dacia Duster,Dacia,,,Bencin,Ročni,140,20980,Pravna oseba
Renault Symbioz,Renault,,,Hibrid,Avtomatski,145,29490,Pravna oseba
Dacia Duster,Dacia,,,Bencin,Ročni,140,20980,Pravna oseba
Ford Transit,Ford,2023,158967,Dizel,Avtomatski,120,16999,Pravna oseba
Audi A8,Audi,2025,28846,Hibrid,Avtomatski,462,79990,Pravna oseba
Peugeot 5008,Peugeot,2023,35154,Bencin,Ročni,131,18990,Pravna oseba
Audi A6,Audi,2021,130264,Dizel,Avtomatski,204,24990,Pravna oseba
Audi Q3,Audi,2022,42000,Bencin,Avtomatski,150,28490,Pravna oseba
Ford Mondeo,Ford,2015,199100,Dizel,Ročni,116,,Pravna oseba
Opel Mokka,Opel,2024,30000,,,136,21500,Fizična oseba
Citroën C4,Citroën,2024,79974,Bencin,Avtomatski,131,15890,Pravna oseba
Peugeot 308,Peugeot,2019,153987,Bencin,Ročni,110,6450,Pravna oseba
Audi A6,Audi,2025,27028,Dizel,Avtomatski,204,52990,Pravna oseba
BMW Serija 3,BMW,2021,152000,Dizel,Avtomatski,150,22990,Pravna oseba
Audi A6,Audi,2025,27220,Dizel,Avtomatski,204,50490,Pravna oseba
Audi A8,Audi,2022,127648,Dizel,Avtomatski,286,47750,Pravna oseba
BMW Serija 1,BMW,2025,39700,Bencin,Avtomatski,156,33890,Pravna oseba
BMW Serija 5,BMW,2025,50396,Dizel,Avtomatski,286,62990,Pravna oseba
Forthing V9,Forthing,,,Hibrid,Avtomatski,272,42900,Pravna oseba
Dacia Sandero,Dacia,,,Bencin,Ročni,110,Cena po dogovoru,Pravna oseba
Dacia Duster,Dacia,,,Bencin,Ročni,140,Cena po dogovoru,Pravna oseba
Renault Symbioz,Renault,,,Bencin,Ročni,140,Cena po dogovoru,Pravna oseba
Renault Symbioz,Renault,,,Bencin,Ročni,140,24940,Pravna oseba
Renault Symbioz,Renault,,,Hibrid,Ročni,140,24470,Pravna oseba
Renault Symbioz,Renault,,,Bencin,Ročni,190,Cena po dogovoru,Pravna oseba
Audi A6,Audi,2025,24931,Dizel,Avtomatski,204,50490,Pravna oseba
KG Mobility Musso,KG,,,Dizel,Avtomatski,203,41999,Pravna oseba
Audi A4 Avant,Audi,2019,231000,Dizel,Avtomatski,150,14850,Pravna oseba
KIA Stonic,KIA,2022,39357,Bencin,Ročni,84,12999,Pravna oseba
Volkswagen Passat,Volkswagen,2021,179913,Dizel,Avtomatski,122,19900,Pravna oseba
BMW serija 7:,BMW,2020,92217,Dizel,Avtomatski,286,41800,Pravna oseba
Audi A4 Avant,Audi,2011,368132,Dizel,Ročni,170,4450,Pravna oseba
Opel Corsa,Opel,2022,83231,Bencin,Ročni,75,9490,Pravna oseba
Audi A3,Audi,2014,310224,Dizel,Ročni,105,7500,Pravna oseba
Audi A4,Audi,2015,276267,Dizel,Ročni,150,9990,Pravna oseba
Citroën Berlingo,Citroën,2019,173137,Dizel,Ročni,102,12490,Pravna oseba
Opel Corsa,Opel,2024,29437,Bencin,Ročni,101,14640,Pravna oseba
Audi Q3,Audi,2012,209267,Dizel,Ročni,136,10990,Pravna oseba
Audi A4 Avant,Audi,2018,234010,Dizel,Ročni,190,12490,Pravna oseba
Audi A4,Audi,2017,328013,Dizel,Ročni,122,12990,Pravna oseba
Mercedes-Benz C-Razred,Mercedes-Benz,2015,279827,Dizel,Ročni,116,8200,Pravna oseba
Audi A3,Audi,2019,211000,Dizel,Avtomatski,150,14900,Pravna oseba
Renault Megane,Renault,2018,154582,Dizel,Ročni,110,8690,Pravna oseba
Volkswagen Golf,Volkswagen,2015,267476,Dizel,Ročni,150,9500,Pravna oseba
Opel Grandland,Opel,2025,28780,Bencin,Avtomatski,136,24990,Pravna oseba
Škoda Octavia,Škoda,2016,213510,Dizel,Avtomatski,110,7780,Pravna oseba
Škoda Karoq,Škoda,2023,96142,Dizel,Avtomatski,116,21980,Pravna oseba
Seat Arona,Seat,2022,169070,Bencin,Avtomatski,150,14880,Pravna oseba
Renault Clio,Renault,2019,34523,Bencin,Ročni,76,8480,Pravna oseba
Peugeot 3008,Peugeot,2017,181776,Dizel,Ročni,120,10980,Pravna oseba
Peugeot 3008,Peugeot,2021,163614,Dizel,Ročni,131,14980,Pravna oseba
Peugeot 3008,Peugeot,2021,68681,Bencin,Avtomatski,131,17980,Pravna oseba
Peugeot 2008,Peugeot,2023,124472,Bencin,Avtomatski,131,13980,Pravna oseba
Mazda Mazda3,Mazda,2019,114739,Dizel,Avtomatski,116,14980,Pravna oseba
Hyundai Elantra,Hyundai,2012,172324,Bencin,Ročni,132,5980,Pravna oseba
Ford Puma,Ford,2021,94900,Bencin,Ročni,125,13980,Pravna oseba
Ford Focus,Ford,2020,159452,Dizel,Avtomatski,120,8980,Pravna oseba
Ford Focus,Ford,2020,149786,Dizel,Avtomatski,120,9980,Pravna oseba
DS DS 7 Crossback,DS,2019,118000,Dizel,Avtomatski,131,17880,Pravna oseba
DS DS 4,DS,2023,61685,Bencin,Avtomatski,131,18980,Pravna oseba
DS DS 4,DS,2022,71302,Bencin,Avtomatski,131,18980,Pravna oseba
Citroën C4 Grand Picasso,Citroën,2015,239909,Dizel,Avtomatski,116,5980,Pravna oseba
Citroën C4 Grand Picasso,Citroën,2016,198786,Dizel,Ročni,120,5480,Pravna oseba
Citroën C4,Citroën,2022,53105,Bencin,Ročni,131,12980,Pravna oseba
Citroën C3 Aircross,Citroën,2021,98978,Dizel,Avtomatski,120,12480,Pravna oseba
Audi A3,Audi,2021,87949,Hibrid,Avtomatski,204,20980,Pravna oseba
Alfa Romeo Tonale,Alfa,2024,95117,Bencin,Avtomatski,131,20980,Pravna oseba
Audi A6,Audi,2019,146000,Dizel,Avtomatski,286,23990,Pravna oseba
Volkswagen Tiguan,Volkswagen,2022,49199,Bencin,Ročni,131,23999,Pravna oseba
Audi A3,Audi,2017,36000,Bencin,Avtomatski,190,17900,Pravna oseba
Mercedes-Benz C-Razred,Mercedes-Benz,2014,259000,Dizel,Ročni,136,13850,Pravna oseba
BMW serija X5:,BMW,2025,9000,Bencin,Avtomatski,625,149950,Pravna oseba
Volkswagen Arteon Shooting Brake,Volkswagen,2022,129000,Dizel,Avtomatski,200,29950,Pravna oseba
Volkswagen Tiguan,Volkswagen,2021,152000,Dizel,Avtomatski,150,28890,Pravna oseba
Volkswagen Arteon Shooting Brake,Volkswagen,2022,115020,Dizel,Avtomatski,190,28850,Pravna oseba
Volkswagen Tiguan,Volkswagen,2021,144000,Dizel,Avtomatski,150,27900,Pravna oseba
Volkswagen Arteon Shooting Brake,Volkswagen,2022,138000,Dizel,Avtomatski,150,26850,Pravna oseba
Audi Q5,Audi,2019,215000,Dizel,Avtomatski,190,23850,Pravna oseba
Volkswagen Golf Variant,Volkswagen,2021,149000,Dizel,Avtomatski,150,23850,Pravna oseba
Škoda Octavia,Škoda,2022,125000,Dizel,Avtomatski,150,24850,Pravna oseba
Volvo XC60,Volvo,2019,195000,Dizel,Avtomatski,190,22850,Pravna oseba
Volkswagen Golf Variant,Volkswagen,2022,145000,Dizel,Avtomatski,150,20850,Pravna oseba
Volkswagen Passat Variant,Volkswagen,2020,176000,Dizel,Avtomatski,150,20850,Pravna oseba
Volkswagen Golf Variant,Volkswagen,2022,179000,Dizel,Avtomatski,150,19850,Pravna oseba
Volkswagen Tiguan,Volkswagen,2021,159080,Dizel,Ročni,122,19850,Pravna oseba
BMW serija 5 Touring:,BMW,2017,215000,Dizel,Avtomatski,231,17850,Pravna oseba
Opel Mokka,Opel,2021,110000,Bencin,Ročni,101,13900,Pravna oseba
Volkswagen Golf Variant,Volkswagen,2021,165000,Dizel,Avtomatski,150,19950,Pravna oseba
Mercedes-Benz CLA-Razred,Mercedes-Benz,2017,69106,Bencin,Ročni,122,17950,Pravna oseba
Volkswagen Touran,Volkswagen,2018,195120,Dizel,Ročni,150,17850,Pravna oseba
Volkswagen Passat Alltrack,Volkswagen,2017,165072,Dizel,Ročni,150,16850,Pravna oseba
Volkswagen Caddy,Volkswagen,2018,90000,Dizel,Ročni,102,15950,Pravna oseba
Mercedes-Benz C-Razred,Mercedes-Benz,2017,206421,Dizel,Avtomatski,136,15900,Pravna oseba
Volkswagen Caddy,Volkswagen,2019,165020,Dizel,Ročni,102,15900,Pravna oseba
Mercedes-Benz E-Razred,Mercedes-Benz,2015,181000,Dizel,Avtomatski,136,Cena po dogovoru,Pravna oseba
Audi A6 Avant,Audi,2016,254141,Dizel,Avtomatski,150,14850,Pravna oseba
Hyundai Tucson,Hyundai,2019,129000,Dizel,Ročni,116,14850,Pravna oseba
Audi A4 Avant,Audi,2016,250074,Dizel,Avtomatski,190,13850,Pravna oseba
Škoda Octavia,Škoda,2017,219061,Dizel,Ročni,184,13850,Pravna oseba
Volkswagen Passat Variant,Volkswagen,2018,199000,Dizel,Avtomatski,150,13850,Pravna oseba
Volkswagen Golf Sportsvan,Volkswagen,2018,208000,Bencin,Ročni,131,12600,Pravna oseba
Audi A6 Avant,Audi,2012,239000,Dizel,Avtomatski,177,11850,Pravna oseba
Volkswagen Golf,Volkswagen,2016,203000,Dizel,Ročni,150,11850,Pravna oseba
Opel Zafira,Opel,2017,125027,Dizel,Ročni,135,11850,Pravna oseba
Audi A6 Avant,Audi,2014,235056,Dizel,Ročni,136,10850,Pravna oseba
Audi Q5,Audi,2009,315000,Dizel,Avtomatski,170,8900,Pravna oseba
KIA Proceed,KIA,2020,199020,Dizel,Avtomatski,136,10850,Pravna oseba
Opel Insignia,Opel,2014,207843,Dizel,Ročni,140,7350,Pravna oseba
Volkswagen Golf Variant,Volkswagen,2015,198137,Dizel,Ročni,110,7850,Pravna oseba
Volkswagen Passat CC,Volkswagen,2010,275000,Dizel,Ročni,140,6600,Pravna oseba
Volkswagen Jetta,Volkswagen,2014,179056,Dizel,Ročni,105,6950,Pravna oseba
Citroën Berlingo,Citroën,2014,159248,Dizel,Ročni,75,6650,Pravna oseba
Volkswagen Touran,Volkswagen,2011,285038,Dizel,Ročni,105,5300,Pravna oseba
Renault Clio,Renault,2011,245000,Dizel,Ročni,75,2300,Pravna oseba
Peugeot 508,Peugeot,2012,239000,Hibrid,Avtomatski,163,4900,Pravna oseba
Hyundai Trajet,Hyundai,2008,196000,Bencin,Ročni,140,2850,Pravna oseba
Renault Symbioz,Renault,,,Hibrid,Avtomatski,158,33640,Pravna oseba
Volkswagen Golf,Volkswagen,2021,155000,Dizel,Avtomatski,150,19450,Pravna oseba
Fiat 124 Spider,Fiat,2018,61174,Bencin,Avtomatski,140,23990,Pravna oseba
Omoda 9,Omoda,,,Hibrid,Avtomatski,605,,Pravna oseba
Audi A5,Audi,2015,234741,Dizel,Ročni,150,13940,Pravna oseba
Mercedes-Benz V-Razred,Mercedes-Benz,2026,31357,Dizel,Avtomatski,237,89988,Pravna oseba
Volkswagen Beetle,Volkswagen,2004,300000,Dizel,Ročni,101,1700,Fizična oseba
Renault Clio,Renault,2006,224273,Dizel,Ročni,68,1450,Fizična oseba
Peugeot 5008,Peugeot,2019,148800,Dizel,Avtomatski,131,,Pravna oseba
Peugeot 5008,Peugeot,2019,148800,Dizel,Avtomatski,131,,Pravna oseba
Peugeot 5008,Peugeot,2019,148800,Dizel,Avtomatski,131,,Pravna oseba
Volkswagen Sharan,Volkswagen,2012,256000,Dizel,Ročni,140,8150,Fizična oseba
Škoda Octavia,Škoda,2015,296498,Dizel,Avtomatski,150,7490,Pravna oseba
Volkswagen Golf,Volkswagen,2017,170982,Bencin,Ročni,110,9790,Pravna oseba
Mercedes-Benz GLC-Razred,Mercedes-Benz,2019,187537,Dizel,Avtomatski,163,27990,Pravna oseba
Ford Transit Courier,Ford,,19385,Bencin,,101,20990,Pravna oseba
Volkswagen Golf,Volkswagen,2016,137226,Bencin,Ročni,86,9490,Pravna oseba
Renault Clio,Renault,2016,146587,Bencin,Ročni,73,6790,Pravna oseba
Škoda Octavia,Škoda,2016,254000,Dizel,Avtomatski,110,7850,Pravna oseba
Mercedes-Benz B-Razred,Mercedes-Benz,2016,141927,Dizel,Ročni,136,10190,Pravna oseba
Opel Astra,Opel,2021,107897,Bencin,Ročni,110,Cena po dogovoru,Pravna oseba
Dacia Bigster,Dacia,,,Hibrid,Avtomatski,156,29940,Pravna oseba
Seat Tarraco,Seat,2021,140883,Bencin,Avtomatski,150,22444,Pravna oseba
Opel Zafira,Opel,2018,110824,Bencin,Ročni,140,9799,Pravna oseba
Volkswagen T-Roc,Volkswagen,2019,84775,Bencin,Ročni,116,14499,Pravna oseba
Fiat 500X,Fiat,2024,29663,Bencin,Ročni,120,,Pravna oseba
Mercedes-Benz GLC-Razred,Mercedes-Benz,2025,10224,Dizel,Avtomatski,269,,Pravna oseba
Mercedes-Benz GLB-Razred,Mercedes-Benz,2025,14329,Dizel,Avtomatski,190,,Pravna oseba
Mercedes-Benz GLB-Razred,Mercedes-Benz,2025,11299,Dizel,Avtomatski,150,41488,Pravna oseba
Peugeot 1007,Peugeot,2006,161000,Bencin,Avtomatski,109,799,Fizična oseba
Mercedes-Benz GLA-Razred,Mercedes-Benz,2024,23727,Dizel,Avtomatski,150,,Pravna oseba
Mercedes-Benz E-Razred,Mercedes-Benz,2024,26527,Hibrid,Avtomatski,313,,Pravna oseba
Mercedes-Benz E-Razred,Mercedes-Benz,2024,56540,Hibrid,Avtomatski,313,,Pravna oseba
BMW Serija 2,BMW,2017,179800,Dizel,Ročni,116,9350,Pravna oseba
Mercedes-Benz A-Razred,Mercedes-Benz,2018,71491,Bencin,Avtomatski,163,,Pravna oseba
KIA XCeed,KIA,2025,15778,Bencin,Avtomatski,140,23499,Pravna oseba
Jeep Avenger,Jeep,2025,15932,Bencin,Ročni,101,17988,Pravna oseba
Jeep Renegade,Jeep,2024,47903,Bencin,Avtomatski,131,17488,Pravna oseba
Citroën C3,Citroën,2026,4262,Bencin,Ročni,101,15988,Pravna oseba
Citroën C5 Aircross,Citroën,2026,12452,Bencin,Avtomatski,145,24998,Pravna oseba
Alfa Romeo Stelvio,Alfa,2026,14946,Bencin,Avtomatski,280,48488,Pravna oseba
Alfa Romeo Stelvio,Alfa,2025,12767,Bencin,Avtomatski,280,44988,Pravna oseba
Fiat Grande Panda,Fiat,2026,10610,Bencin,Avtomatski,110,17488,Pravna oseba
Alfa Romeo Junior,Alfa,2025,10115,Bencin,Avtomatski,144,24988,Pravna oseba
Volkswagen Passat,Volkswagen,2022,133900,Dizel,Avtomatski,200,27900,Pravna oseba
Nissan 100 NX,Nissan,1994,128500,Bencin,Ročni,102,4790,Pravna oseba
Volkswagen Sharan,Volkswagen,2012,235000,Dizel,Ročni,140,12990,Pravna oseba
Citroën C5 Aircross,Citroën,2022,76300,Dizel,Avtomatski,131,17990,Pravna oseba
BMW X1,BMW,2016,96350,Dizel,Ročni,150,16990,Pravna oseba
Volkswagen ID.5,Volkswagen,2023,72580,,Avtomatski,204,26500,Pravna oseba
Volkswagen Arteon,Volkswagen,2022,53721,Bencin,Avtomatski,320,34900,Pravna oseba
Nissan Qashqai,Nissan,2019,113482,Bencin,Avtomatski,159,13900,Pravna oseba
Mercedes-Benz GLE-Razred,Mercedes-Benz,2021,155101,Hibrid,Avtomatski,320,44900,Pravna oseba
Ford Tourneo,Ford,2020,230586,Dizel,Ročni,185,17900,Pravna oseba
Audi A5,Audi,2024,24500,Dizel,Avtomatski,204,54888,Pravna oseba
Mercedes-Benz GLC-Razred,Mercedes-Benz,2018,80670,Dizel,Avtomatski,170,29900,Pravna oseba
BMW X7,BMW,2023,155502,Dizel,Avtomatski,352,71900,Pravna oseba
Citroën C5 X,Citroën,2024,65619,Bencin,Avtomatski,131,21990,Pravna oseba
Mercedes-Benz B-Razred,Mercedes-Benz,2010,311885,Dizel,Ročni,109,2550,Pravna oseba
Fiat 500C,Fiat,2023,21835,Bencin,Ročni,69,11990,Pravna oseba
Mazda Mazda6,Mazda,2014,186000,Dizel,Ročni,150,,Pravna oseba
Škoda Octavia,Škoda,2021,85806,Dizel,Ročni,116,17999,Pravna oseba
BMW Serija 3,BMW,2023,95576,Dizel,Avtomatski,190,34990,Pravna oseba
Volkswagen Golf,Volkswagen,2021,117656,Dizel,Avtomatski,200,23999,Pravna oseba
Audi A4,Audi,2017,318000,Dizel,Avtomatski,272,12980,Pravna oseba
BMW i5,BMW,2023,43304,,Avtomatski,340,44010,Pravna oseba
Audi Q3,Audi,2014,289245,Dizel,Ročni,140,8990,Pravna oseba
Volkswagen Golf,Volkswagen,2021,179000,Dizel,Ročni,116,14990,Pravna oseba
Audi A3,Audi,2021,176000,Dizel,Avtomatski,150,20990,Pravna oseba
Audi A6,Audi,2020,135881,Dizel,Avtomatski,204,,Pravna oseba
MG MG HS,MG,2025,12950,Hibrid,Avtomatski,224,29990,Pravna oseba
Volkswagen Golf,Volkswagen,2019,150183,Dizel,Ročni,116,16990,Pravna oseba
MG MG HS,MG,,,Hibrid,Avtomatski,224,26990,Pravna oseba
MG MG HS,MG,,,Hibrid,Avtomatski,224,27490,Pravna oseba
MG MG HS,MG,,,Hibrid,Avtomatski,224,27490,Pravna oseba
MG MG HS,MG,,,Hibrid,Avtomatski,224,27490,Pravna oseba
MG MG HS,MG,,,Hibrid,Avtomatski,224,29990,Pravna oseba
KIA Stonic,KIA,,,Bencin,Ročni,79,16649,Pravna oseba
KG Mobility Korando,KG,,,Bencin,Ročni,163,,Pravna oseba
KG Mobility Korando,KG,,,Bencin,Avtomatski,163,,Pravna oseba
MG MGS5 EV,MG,,,,Avtomatski,231,33990,Pravna oseba
Volkswagen Golf,Volkswagen,2018,98200,Bencin,Ročni,110,11490,Pravna oseba
Alfa Romeo Tonale,Alfa,2023,74000,Bencin,Avtomatski,131,,Pravna oseba
Citroën Berlingo,Citroën,2017,245000,Dizel,Ročni,99,5500,Fizična oseba
Opel Crossland,Opel,2019,85940,Bencin,Ročni,110,Cena po dogovoru,Pravna oseba
Fiat Tipo,Fiat,2018,101208,Bencin,Ročni,95,6870,Pravna oseba
KIA Stonic,KIA,2019,60819,Bencin,Ročni,99,12000,Fizična oseba
Mercedes-Benz EQE,Mercedes-Benz,2023,57451,,Avtomatski,245,44980,Pravna oseba
Voyah Free,Voyah,2026,30,,Avtomatski,489,49990,Pravna oseba
Renault Clio,Renault,,,Hibrid,Avtomatski,158,27140,Pravna oseba
BMW X1,BMW,2024,81739,Dizel,Avtomatski,197,39990,Pravna oseba
BMW Serija 5,BMW,2024,57481,Dizel,Avtomatski,197,55890,Pravna oseba
Geely Coolray,Geely,2024,41098,Bencin,Avtomatski,174,19990,Pravna oseba
KIA Sportage,KIA,2025,24,Bencin,Avtomatski,160,27488,Pravna oseba
KIA Sportage,KIA,2025,13,Bencin,Avtomatski,160,27488,Pravna oseba
Volvo XC60,Volvo,2023,97043,Dizel,Avtomatski,197,,Pravna oseba
Volvo XC60,Volvo,2024,39897,Bencin,Avtomatski,197,,Pravna oseba
DS DS 4,DS,2025,11821,Bencin,Avtomatski,131,21988,Pravna oseba
Lamborghini Huracan,Lamborghini,2024,3800,Bencin,Avtomatski,640,338850,Pravna oseba
Audi A3,Audi,2016,198000,Dizel,Ročni,110,8850,Pravna oseba
BMW X6,BMW,2024,26484,Dizel,Avtomatski,352,82990,Pravna oseba
Alfa Romeo Stelvio,Alfa,2024,28434,Dizel,Avtomatski,209,35988,Pravna oseba
BMW Serija 5,BMW,2020,126843,Dizel,Avtomatski,193,29990,Pravna oseba
Audi A3,Audi,2021,149500,Bencin,Avtomatski,110,,Pravna oseba
BMW X1,BMW,2024,81739,Dizel,Ročni,197,39990,Pravna oseba
Citroën C3,Citroën,2017,154000,Bencin,Ročni,82,5450,Pravna oseba
Renault 5 E-tech,Renault,,,,Avtomatski,122,30940,Pravna oseba
Renault Clio,Renault,2017,75746,Bencin,Ročni,73,7890,Pravna oseba
BMW serija 5 Touring:,BMW,2014,352000,Dizel,Avtomatski,184,6999,Pravna oseba
Mercedes-Benz C-Razred,Mercedes-Benz,,68391,Bencin,Avtomatski,170,28390,Pravna oseba
Volkswagen Passat,Volkswagen,2015,276000,Dizel,Avtomatski,150,12950,Pravna oseba
Opel Astra,Opel,2014,259852,Dizel,Ročni,136,4990,Pravna oseba
Nissan Juke,Nissan,2024,26082,Bencin,Ročni,114,17999,Pravna oseba
Citroën C3,Citroën,2017,112000,Bencin,Ročni,82,6490,Pravna oseba
Ford Puma,Ford,,14390,Bencin,Ročni,125,17990,Pravna oseba
KIA Optima,KIA,2017,225000,Dizel,Avtomatski,141,10450,Pravna oseba
MINI Cooper,MINI,2022,208000,Bencin,Ročni,136,10980,Pravna oseba
Opel Mokka,Opel,2022,222000,Bencin,Avtomatski,131,9490,Pravna oseba
Volkswagen Golf,Volkswagen,2015,227500,Dizel,Ročni,184,10990,Pravna oseba
Škoda Octavia,Škoda,2022,120520,Dizel,Ročni,150,17999,Pravna oseba
Peugeot 2008,Peugeot,2025,28168,Bencin,Avtomatski,145,22000,Pravna oseba
Mazda MX-5,Mazda,2019,62000,Bencin,Ročni,184,26900,Pravna oseba
Mercedes-Benz CLA-Razred,Mercedes-Benz,2016,279900,Dizel,Ročni,136,Cena po dogovoru,Pravna oseba
Mercedes-Benz E-Razred,Mercedes-Benz,2017,148817,Dizel,Avtomatski,194,,Pravna oseba
Mercedes-Benz GLC-Razred,Mercedes-Benz,2024,12421,Dizel,Avtomatski,269,,Pravna oseba
Mercedes-Benz GLC-Razred,Mercedes-Benz,2024,3916,Dizel,Avtomatski,269,,Pravna oseba
Citroën C5 X,Citroën,2022,72805,Bencin,Avtomatski,131,13988,Pravna oseba
BMW Serija 2,BMW,2018,107521,Bencin,Avtomatski,192,,Pravna oseba
Suzuki Swift,Suzuki,2023,69519,Bencin,Ročni,83,16990,Pravna oseba
Volkswagen T-Cross,Volkswagen,,,Bencin,Ročni,116,,Pravna oseba
Geely CoolRay,Geely,2024,21423,Bencin,Avtomatski,174,22999,Pravna oseba
Volkswagen Golf,Volkswagen,,,Bencin,Avtomatski,150,31627,Pravna oseba
Volkswagen Golf,Volkswagen,,,Bencin,Avtomatski,150,31905,Pravna oseba
Volkswagen Passat,Volkswagen,2016,138000,Dizel,Ročni,150,14490,Fizična oseba
Fiat 500,Fiat,2022,89900,Bencin,Ročni,71,10990,Pravna oseba
Seat Alhambra,Seat,2019,172082,Dizel,Avtomatski,177,19800,Pravna oseba
BMW Serija 1,BMW,2023,105981,Bencin,Avtomatski,136,20990,Pravna oseba
Ford Mondeo,Ford,2021,155305,Dizel,Avtomatski,150,13490,Pravna oseba
KIA Sportage,KIA,2021,67605,Bencin,Ročni,132,17999,Pravna oseba
Opel Astra,Opel,2022,,Bencin,Ročni,170,1000,Fizična oseba
Geely StarRay EM-i,Geely,,,Hibrid,Avtomatski,99,,Pravna oseba
Geely StarRay EM-i,Geely,,,Hibrid,Avtomatski,218,,Pravna oseba
Geely StarRay EM-i,Geely,,,Hibrid,Avtomatski,218,,Pravna oseba
Geely StarRay EM-i,Geely,,,Bencin,Avtomatski,99,,Pravna oseba
Geely StarRay EM-i,Geely,,,Hibrid,Avtomatski,99,,Pravna oseba
Renault Clio,Renault,2020,83041,Bencin,Ročni,101,10350,Pravna oseba
Mercedes-Benz A-Razred,Mercedes-Benz,2016,173519,Dizel,Avtomatski,136,,Pravna oseba
Seat Leon,Seat,2001,247180,Bencin,Ročni,75,Cena po dogovoru,Pravna oseba
Peugeot 307,Peugeot,2004,236292,Dizel,Ročni,107,Cena po dogovoru,Pravna oseba
Peugeot 3008,Peugeot,2014,132000,Bencin,Ročni,156,,Pravna oseba
Peugeot,Peugeot,2023,58000,Bencin,Avtomatski,131,18000,Fizična oseba
Volkswagen Polo,Volkswagen,2021,66668,Bencin,Ročni,95,,Pravna oseba
Citroën C3 Aircross,Citroën,2019,114500,Bencin,Avtomatski,110,,Pravna oseba
Mercedes-Benz GLC-Razred,Mercedes-Benz,2025,14587,Dizel,Avtomatski,197,,Pravna oseba
Volkswagen Tiguan,Volkswagen,2023,41600,Dizel,Ročni,150,,Pravna oseba
Hyundai Veloster,Hyundai,2012,64800,Bencin,Ročni,140,,Pravna oseba
MINI Countryman,MINI,2018,183352,Hibrid,Avtomatski,136,,Pravna oseba
Audi A4,Audi,2017,150200,Dizel,Avtomatski,190,,Pravna oseba
Mercedes-Benz E-Razred,Mercedes-Benz,2022,29695,Dizel,Avtomatski,160,,Pravna oseba
Mercedes-Benz C-Razred,Mercedes-Benz,2023,125740,Dizel,Avtomatski,186,,Pravna oseba
Mazda CX-60,Mazda,2023,72633,Dizel,Avtomatski,200,,Pravna oseba
BMW X1,BMW,2023,106444,Hibrid,Avtomatski,204,,Pravna oseba
Toyota Corolla,Toyota,2020,66400,Bencin,Ročni,116,,Pravna oseba
Audi SQ5,Audi,2020,113108,Dizel,Avtomatski,347,,Pravna oseba
KIA XCeed,KIA,,,Bencin,Avtomatski,150,27099,Pravna oseba
Alfa Romeo Stelvio,Alfa,2021,149300,Dizel,Avtomatski,190,,Pravna oseba
MG MG4,MG,2023,115897,,Avtomatski,204,,Pravna oseba
Audi e-tron,Audi,2022,28777,,Avtomatski,313,,Pravna oseba
Seat Leon,Seat,2023,146713,Dizel,Ročni,116,,Pravna oseba
Volkswagen Touareg,Volkswagen,2024,25516,Dizel,Avtomatski,231,,Pravna oseba
KIA Sportage,KIA,,,Dizel,Avtomatski,136,31299,Pravna oseba
Volkswagen Golf,Volkswagen,2018,177750,Dizel,Avtomatski,184,,Pravna oseba
Opel Crossland X,Opel,2018,185450,Dizel,Ročni,120,,Pravna oseba
Alfa Romeo Giulia,Alfa,2021,130325,Dizel,Avtomatski,190,,Pravna oseba
Audi A5,Audi,2020,151067,Bencin,Avtomatski,245,,Pravna oseba
Seat Leon,Seat,2021,74244,Bencin,Ročni,150,,Pravna oseba
Mercedes-Benz EQC,Mercedes-Benz,2023,78634,,Avtomatski,408,,Pravna oseba
Renault Talisman,Renault,2019,162612,Dizel,Avtomatski,160,,Pravna oseba
Renault Espace,Renault,2023,86134,Hibrid,Avtomatski,173,,Pravna oseba
MINI 3-vratni,MINI,2004,160000,Bencin,Ročni,116,6900,Fizična oseba
Seat Altea,Seat,2012,236784,Dizel,Ročni,105,,Pravna oseba
Opel Crossland X,Opel,2017,30900,Bencin,Avtomatski,110,8900,Fizična oseba
KIA Ceed,KIA,2020,1,Bencin,Ročni,101,9690,Pravna oseba
KIA Sportage,KIA,2018,154869,Dizel,Ročni,116,Cena po dogovoru,Pravna oseba
KIA Ceed,KIA,2020,1,Bencin,Ročni,101,9690,Pravna oseba
BMW Serija 4,BMW,2022,123426,Dizel,Avtomatski,190,32990,Pravna oseba
Peugeot 408,Peugeot,2026,1,Bencin,Avtomatski,136,36990,Pravna oseba
Audi A3,Audi,2018,186124,Dizel,Avtomatski,184,18990,Pravna oseba
Volkswagen Passat Variant,Volkswagen,2020,220000,Dizel,Avtomatski,150,14990,Pravna oseba
BMW serija 2 Coupe:,BMW,2019,68000,Dizel,Ročni,190,22990,Pravna oseba
BMW Serija 3,BMW,2021,205056,Dizel,Avtomatski,150,20990,Pravna oseba
Renault Captur,Renault,2017,105302,Bencin,Ročni,90,8150,Pravna oseba
Renault Symbioz,Renault,,,Bencin,Avtomatski,141,29490,Pravna oseba
Jeep Compass,Jeep,2020,83125,Bencin,Ročni,140,13990,Pravna oseba
Chevrolet Trax,Chevrolet,2013,160000,Dizel,Ročni,131,5990,Pravna oseba
Renault Clio,Renault,2014,67308,Bencin,Ročni,73,6800,Pravna oseba
Dacia Duster,Dacia,,,Hibrid,Avtomatski,158,26560,Pravna oseba
Ford Kuga,Ford,2021,67333,Dizel,Ročni,150,19390,Pravna oseba
Opel Corsa,Opel,2022,51537,Bencin,Ročni,75,9990,Pravna oseba
Suzuki S-Cross,Suzuki,2024,57757,Bencin,Ročni,110,22700,Pravna oseba
Peugeot 208,Peugeot,2015,182877,Dizel,Ročni,68,3990,Pravna oseba
Dacia Sandero,Dacia,2022,45314,Bencin,Ročni,67,9090,Pravna oseba
Mercedes-Benz A-Razred,Mercedes-Benz,2019,211400,Dizel,Avtomatski,116,12490,Pravna oseba
Mitsubishi ASX,Mitsubishi,2016,101186,Dizel,Ročni,114,8490,Pravna oseba
Renault Captur,Renault,2020,127816,Bencin,Avtomatski,131,13690,Pravna oseba
Ford Mondeo,Ford,2019,248625,Dizel,Avtomatski,190,6690,Pravna oseba
Suzuki SX4 S-Cross,Suzuki,2021,103888,Bencin,Ročni,129,17490,Pravna oseba
Hyundai i10,Hyundai,2022,37374,Bencin,Ročni,84,10200,Pravna oseba
Nissan Micra,Nissan,,,,Avtomatski,150,22700,Pravna oseba
MG MG HS,MG,,,Bencin,Avtomatski,170,26990,Pravna oseba
Renault Captur,Renault,2026,4899,Bencin,Ročni,91,19720,Pravna oseba
Renault Clio,Renault,2019,122425,Bencin,Ročni,90,8490,Pravna oseba
Renault Captur,Renault,2015,187337,Bencin,Ročni,90,5990,Pravna oseba
Renault Clio,Renault,2020,117712,Bencin,Avtomatski,131,13900,Pravna oseba
Renault Captur,Renault,2018,201683,Bencin,Ročni,90,8200,Pravna oseba
Renault Rafale,Renault,2025,17272,Hibrid,Avtomatski,300,41490,Pravna oseba
MG MG HS,MG,,,Hibrid,Avtomatski,143,30490,Pravna oseba
MG MGS5 EV,MG,,,,Avtomatski,231,27290,Pravna oseba
Renault Captur,Renault,2025,5778,Bencin,Ročni,91,19995,Pravna oseba
Renault Scenic E-tech,Renault,,,,Avtomatski,170,27720,Pravna oseba
Hyundai i10,Hyundai,2018,19910,Bencin,Ročni,87,9200,Pravna oseba
Renault Twingo,Renault,,,,Avtomatski,82,12980,Pravna oseba
MG MG ZS,MG,,,Bencin,Ročni,116,16990,Pravna oseba
MG MG ZS,MG,,,Bencin,Ročni,116,19390,Pravna oseba
MG MG ZS,MG,,,Hibrid,Avtomatski,197,23390,Pravna oseba
Suzuki Swift,Suzuki,2018,121000,Bencin,Ročni,90,10770,Pravna oseba
Renault Clio,Renault,,,Dizel,Ročni,101,16990,Pravna oseba
Renault Symbioz,Renault,2026,3688,Bencin,Ročni,140,24500,Pravna oseba
Dacia Duster,Dacia,,,Hibrid,Avtomatski,140,26570,Pravna oseba
Dacia Bigster,Dacia,2026,7000,Bencin,Ročni,140,24571,Pravna oseba
Dacia Sandero,Dacia,2026,2000,Bencin,Avtomatski,122,18071,Pravna oseba
Dacia Sandero,Dacia,,,Bencin,Avtomatski,122,21320,Pravna oseba
Peugeot 2008,Peugeot,2020,116706,Bencin,Avtomatski,131,13200,Pravna oseba
Mazda Mazda6,Mazda,2015,232530,Dizel,Ročni,150,5990,Pravna oseba
MG MG ZS,MG,,,Bencin,Ročni,116,16990,Pravna oseba
Renault Mégane Conquest,Renault,,,Hibrid,Avtomatski,94,23790,Pravna oseba
Nissan X-Trail,Nissan,,,Bencin,Avtomatski,163,34900,Pravna oseba
Renault Mégane,Renault,2018,219263,Dizel,Ročni,110,7500,Pravna oseba
MG MGS5 EV,MG,,,,Avtomatski,231,27290,Pravna oseba
Nissan Qashqai,Nissan,,,Bencin,Ročni,140,23900,Pravna oseba
Renault Koleos,Renault,2019,107009,Dizel,Avtomatski,177,19900,Pravna oseba
Renault Captur,Renault,2024,45853,Bencin,Ročni,91,14990,Pravna oseba
Renault Clio,Renault,,,Bencin,Avtomatski,114,23090,Pravna oseba
Peugeot 208,Peugeot,2018,92953,Bencin,Ročni,83,5490,Pravna oseba
Nissan Qashqai,Nissan,2025,5008,Bencin,Avtomatski,158,30950,Pravna oseba
Renault Scénic,Renault,2019,150456,Dizel,Ročni,120,12900,Pravna oseba
Renault Clio,Renault,2020,86364,Bencin,Ročni,72,9900,Pravna oseba
Renault Austral,Renault,,,Bencin,Avtomatski,199,38630,Pravna oseba
Renault Twingo,Renault,,,,Avtomatski,82,11790,Pravna oseba
Opel Mokka,Opel,2023,33093,Bencin,Avtomatski,131,17850,Pravna oseba
Renault Mégane Conquest,Renault,2022,95497,Bencin,Avtomatski,140,18500,Pravna oseba
Renault Clio,Renault,2025,25246,Bencin,Ročni,91,15300,Pravna oseba
Opel Crossland X,Opel,2018,108473,Bencin,Ročni,110,8790,Pravna oseba
Renault Rafale,Renault,2026,1,Hibrid,Avtomatski,200,35500,Pravna oseba
Dacia Bigster,Dacia,,,Bencin,Ročni,140,25090,Pravna oseba
Suzuki Vitara,Suzuki,,,Bencin,Ročni,110,25550,Pravna oseba
Renault Twingo,Renault,,,,Avtomatski,82,11190,Pravna oseba
Renault Twingo,Renault,,,,Avtomatski,82,11790,Pravna oseba
Renault Twingo,Renault,,,,Avtomatski,82,14600,Pravna oseba
Renault 4 E-tech,Renault,,,,Avtomatski,150,27190,Pravna oseba
Dacia Sandero,Dacia,,,Bencin,Ročni,101,14750,Pravna oseba
Nissan Qashqai,Nissan,,,Bencin,Avtomatski,158,30900,Pravna oseba
Nissan Qashqai,Nissan,,,Bencin,Ročni,140,27950,Pravna oseba
Nissan Juke,Nissan,,,Bencin,Ročni,114,19700,Pravna oseba
MG MG ZS,MG,,,Bencin,Ročni,116,19390,Pravna oseba
MG MG ZS,MG,,,Bencin,Ročni,116,19390,Pravna oseba
Suzuki Vitara,Suzuki,,,Bencin,Ročni,110,24250,Pravna oseba
Nissan X-Trail,Nissan,,,Bencin,Avtomatski,163,33250,Pravna oseba
Nissan Qashqai,Nissan,2024,5700,Bencin,Avtomatski,158,29500,Pravna oseba
Renault Koleos,Renault,2022,154912,Bencin,Avtomatski,158,23950,Pravna oseba
Nissan Juke,Nissan,,,Bencin,Ročni,114,21200,Pravna oseba
Renault 5 E-tech,Renault,,,,Avtomatski,122,21974,Pravna oseba
MG MGS5 EV,MG,,,,Avtomatski,231,27290,Pravna oseba
Renault Captur,Renault,,,Bencin,Avtomatski,158,24890,Pravna oseba
Renault Clio,Renault,,,Bencin,Ročni,114,17909,Pravna oseba
Mercedes-Benz B-Razred,Mercedes-Benz,,,Bencin,Avtomatski,163,35535,Pravna oseba
Mercedes-Benz B-Razred,Mercedes-Benz,,,Bencin,Avtomatski,163,35535,Pravna oseba
Renault Clio,Renault,,,Bencin,Ročni,91,17520,Pravna oseba
Renault Austral,Renault,,,Bencin,Avtomatski,150,30790,Pravna oseba
Dacia Sandero,Dacia,2022,45314,Bencin,Ročni,67,9200,Pravna oseba
Dacia Bigster,Dacia,,,Bencin,Ročni,131,29940,Pravna oseba
Mercedes-Benz A-Razred,Mercedes-Benz,,,Bencin,Avtomatski,136,39712,Pravna oseba
Renault Clio,Renault,,,Bencin,Ročni,79,17420,Pravna oseba
Nissan Qashqai,Nissan,,,Bencin,Ročni,140,23900,Pravna oseba
MG MG ZS,MG,,,Bencin,Ročni,106,16400,Pravna oseba
Renault Clio,Renault,,,Bencin,Ročni,114,20390,Pravna oseba
Renault Clio,Renault,,,Hibrid,Avtomatski,160,25790,Pravna oseba
Renault Clio,Renault,,,Bencin,Ročni,114,20890,Pravna oseba
Dacia Bigster,Dacia,,,Hibrid,Avtomatski,156,29640,Pravna oseba
Dacia Duster,Dacia,,,Hibrid,Avtomatski,156,27060,Pravna oseba
Suzuki S-Cross,Suzuki,,,Bencin,Ročni,110,26830,Pravna oseba
Nissan X-Trail,Nissan,,,Bencin,Avtomatski,213,43100,Pravna oseba
Renault 5 E-tech,Renault,,,,Avtomatski,150,33790,Pravna oseba
MG MG3,MG,,,Hibrid,Avtomatski,194,16540,Pravna oseba
Renault Scenic E-tech,Renault,,,,Avtomatski,170,30180,Pravna oseba
Suzuki S-Cross,Suzuki,,,Bencin,Avtomatski,110,27380,Pravna oseba
Renault 5 E-tech,Renault,,,,Avtomatski,150,34740,Pravna oseba
Renault Symbioz,Renault,,,Bencin,Ročni,140,26190,Pravna oseba
Dacia Bigster,Dacia,,,Plin,Ročni,140,26490,Pravna oseba
Nissan Qashqai,Nissan,,,Bencin,Avtomatski,158,32400,Pravna oseba
Nissan Qashqai,Nissan,,,Bencin,Avtomatski,158,32800,Pravna oseba
Renault 4 E-tech,Renault,2026,1,,Avtomatski,150,30850,Pravna oseba
Dacia Sandero,Dacia,,,Bencin,Ročni,91,15690,Pravna oseba
Renault Captur,Renault,,,Bencin,Ročni,140,22280,Pravna oseba
Renault Captur,Renault,,,Bencin,Avtomatski,158,25330,Pravna oseba
Dacia Bigster,Dacia,,,Hibrid,Avtomatski,156,29890,Pravna oseba
Suzuki S-Cross,Suzuki,,,Bencin,Ročni,110,25330,Pravna oseba
Dacia Jogger,Dacia,,,Bencin,Ročni,110,19050,Pravna oseba
Dacia Bigster,Dacia,,,Bencin,Ročni,140,26240,Pravna oseba
MG MG HS,MG,,,Bencin,Avtomatski,170,28490,Pravna oseba
Dacia Bigster,Dacia,,,Bencin,Ročni,131,29490,Pravna oseba
Renault Symbioz,Renault,,,Bencin,Ročni,140,23890,Pravna oseba
Suzuki Vitara,Suzuki,,,Bencin,Ročni,110,26150,Pravna oseba
MG MG ZS,MG,,,Bencin,Ročni,116,19390,Pravna oseba
Suzuki Swift,Suzuki,,,Bencin,Ročni,83,16320,Pravna oseba
MG MG ZS,MG,,,Hibrid,Avtomatski,197,20590,Pravna oseba
Renault Symbioz,Renault,,,Hibrid,Avtomatski,145,Cena po dogovoru,Pravna oseba
Renault Rafale,Renault,,,Hibrid,Avtomatski,200,Cena po dogovoru,Pravna oseba
Audi A4,Audi,2019,165541,Dizel,Avtomatski,190,24800,Fizična oseba
Dacia Bigster,Dacia,,,Bencin,Ročni,140,Cena po dogovoru,Pravna oseba
Mazda CX-5,Mazda,2014,155000,Dizel,Ročni,150,8490,Pravna oseba
Renault Koleos,Renault,2018,92000,Dizel,Avtomatski,177,17950,Pravna oseba
Mercedes-Benz GLS-Razred,Mercedes-Benz,2016,233778,Dizel,Avtomatski,258,29990,Pravna oseba
Hyundai i10,Hyundai,2014,101997,Bencin,Ročni,65,7350,Pravna oseba
Volkswagen Passat,Volkswagen,2016,236000,Dizel,Ročni,120,7800,Fizična oseba
Renault Talisman,Renault,2020,85120,Bencin,Avtomatski,224,18550,Pravna oseba
Volkswagen Passat,Volkswagen,2023,96210,Dizel,Avtomatski,150,18350,Pravna oseba
BMW X5,BMW,2025,51800,Dizel,Avtomatski,298,,Pravna oseba
Honda HR-V,Honda,,,Hibrid,Avtomatski,131,,Pravna oseba
Volvo XC40,Volvo,2026,10000,Bencin,Avtomatski,163,33990,Pravna oseba
Volvo XC40,Volvo,2026,5000,Bencin,Avtomatski,163,39999,Pravna oseba
Forthing V9,Forthing,,,Hibrid,Avtomatski,154,42900,Pravna oseba
Nissan X-Trail,Nissan,2015,169620,Dizel,Ročni,131,9995,Pravna oseba
Volkswagen Golf,Volkswagen,2023,1,Dizel,Ročni,116,19450,Pravna oseba
Peugeot 308,Peugeot,2025,25356,Dizel,Avtomatski,131,21490,Pravna oseba
Mitsubishi ASX,Mitsubishi,,,Bencin,Avtomatski,140,,Pravna oseba
Volvo XC60,Volvo,2019,137420,Hibrid,Avtomatski,390,25990,Pravna oseba
Volvo XC60,Volvo,2022,74408,Bencin,Avtomatski,197,31499,Pravna oseba
Volvo XC90,Volvo,2024,32337,Dizel,Avtomatski,235,52499,Pravna oseba
Volvo XC90,Volvo,2023,83977,Dizel,Avtomatski,235,45699,Pravna oseba
Baic BJ30,Baic,,,Hibrid,Avtomatski,280,35900,Pravna oseba
Škoda Karoq,Škoda,2023,146813,Dizel,Avtomatski,150,22499,Pravna oseba
Volkswagen Passat,Volkswagen,2022,92302,Dizel,Avtomatski,150,22999,Pravna oseba
KIA Ceed,KIA,2018,73000,Bencin,Ročni,101,8500,Fizična oseba
Peugeot,Peugeot,2023,24791,Plin,Ročni,110,17590,Pravna oseba
Ford Tourneo,Ford,2004,370536,Dizel,Ročni,90,1999,Pravna oseba
Renault Grand Scenic,Renault,2017,224650,Dizel,Ročni,131,9290,Pravna oseba
Mercedes-Benz CLA-Razred,Mercedes-Benz,,,,Avtomatski,224,47645,Pravna oseba
Mercedes-Benz CLA-Razred,Mercedes-Benz,,,,Avtomatski,224,38400,Pravna oseba
Nissan Qashqai,Nissan,,,Bencin,Avtomatski,158,30600,Pravna oseba
Dacia Sandero,Dacia,,,Bencin,Ročni,91,15950,Pravna oseba
Dacia Sandero,Dacia,,,Bencin,Ročni,110,15950,Pravna oseba
Dacia Sandero,Dacia,,,Bencin,Ročni,110,14650,Pravna oseba
Dacia Sandero,Dacia,,,Bencin,Ročni,110,17050,Pravna oseba
Renault 5 E-tech,Renault,,,,Avtomatski,150,31190,Pravna oseba
Dacia Sandero,Dacia,,,Bencin,Ročni,110,16490,Pravna oseba
Mercedes-Benz E-Razred,Mercedes-Benz,,,Dizel,Avtomatski,197,,Pravna oseba
Mercedes-Benz B-Razred,Mercedes-Benz,2026,500,Bencin,Avtomatski,163,,Pravna oseba
Renault Rafale,Renault,2025,10463,Hibrid,Avtomatski,199,39490,Pravna oseba
Renault Symbioz,Renault,,,Hibrid,Avtomatski,158,31590,Pravna oseba
Mercedes-Benz CLA-Razred,Mercedes-Benz,,,Bencin,Avtomatski,163,,Pravna oseba
Mercedes-Benz CLE,Mercedes-Benz,2024,31653,Bencin,Avtomatski,381,,Pravna oseba
Mercedes-Benz B-Razred,Mercedes-Benz,,,Bencin,Avtomatski,136,,Pravna oseba
Mercedes-Benz B-Razred,Mercedes-Benz,2026,100,Bencin,Avtomatski,163,,Pravna oseba
Suzuki Vitara,Suzuki,2022,91165,Bencin,Ročni,129,17450,Pravna oseba
Mercedes-Benz G-Razred,Mercedes-Benz,,,Bencin,Avtomatski,585,,Pravna oseba
Mercedes-Benz G-Razred,Mercedes-Benz,,,Bencin,Avtomatski,585,,Pravna oseba
Mercedes-Benz GLC-Razred,Mercedes-Benz,,,Dizel,Avtomatski,163,,Pravna oseba
Mercedes-Benz GLC-Razred,Mercedes-Benz,,,Dizel,Avtomatski,197,,Pravna oseba
Mercedes-Benz CLA-Razred,Mercedes-Benz,2026,11930,Bencin,Avtomatski,163,45790,Pravna oseba
Mercedes-Benz E-Razred,Mercedes-Benz,2024,13750,Dizel,Avtomatski,197,59500,Pravna oseba
Renault Twingo,Renault,,,,Avtomatski,80,11490,Pravna oseba
Mercedes-Benz S-Razred,Mercedes-Benz,,,Dizel,Avtomatski,367,,Pravna oseba
Opel Corsa,Opel,2019,146092,Bencin,Ročni,75,6190,Pravna oseba
Mercedes-Benz B-Razred,Mercedes-Benz,2026,39174,Bencin,Avtomatski,136,25950,Pravna oseba
Volvo XC60,Volvo,2024,54268,Dizel,Avtomatski,197,37772,Pravna oseba
Mercedes-Benz B-Razred,Mercedes-Benz,2025,39170,Bencin,Avtomatski,136,25950,Pravna oseba
Mercedes-Benz GLE-Razred,Mercedes-Benz,2026,6000,Dizel,Avtomatski,367,,Pravna oseba
Peugeot 2008,Peugeot,2025,9406,Bencin,Avtomatski,145,21790,Pravna oseba
Mercedes-Benz GLE-Razred,Mercedes-Benz,2026,3760,Dizel,Avtomatski,367,,Pravna oseba
Mercedes-Benz GLE-Razred,Mercedes-Benz,,,Dizel,Avtomatski,367,,Pravna oseba
Suzuki Vitara,Suzuki,,,Bencin,Ročni,109,,Pravna oseba
Renault 4 E-tech,Renault,,,,Avtomatski,150,,Pravna oseba
Dacia Duster,Dacia,,,Hibrid,Avtomatski,154,26570,Pravna oseba
Mercedes-Benz GLS-Razred,Mercedes-Benz,,,Dizel,Avtomatski,367,,Pravna oseba
Dacia Bigster,Dacia,,,Hibrid,Avtomatski,156,29990,Pravna oseba
Dacia Bigster,Dacia,2026,1,Bencin,Ročni,140,25340,Pravna oseba
Mercedes-Benz GLE-Razred,Mercedes-Benz,,,Bencin,Avtomatski,449,,Pravna oseba
Mercedes-Benz GLE-Razred,Mercedes-Benz,,,Dizel,Avtomatski,367,,Pravna oseba
Mercedes-Benz GLE-Razred,Mercedes-Benz,,,Bencin,Avtomatski,449,,Pravna oseba
Dacia Bigster,Dacia,2026,1,Bencin,Ročni,140,24520,Pravna oseba
Nissan Qashqai,Nissan,2017,175285,Bencin,Ročni,116,10999,Pravna oseba
Mercedes-Benz A-Razred,Mercedes-Benz,,,Bencin,Avtomatski,136,,Pravna oseba
Mercedes-Benz B-Razred,Mercedes-Benz,,,Bencin,Avtomatski,136,,Pravna oseba
Alpine A390,Alpine,2026,1500,,Avtomatski,401,72490,Pravna oseba
Mercedes-Benz GLE-Razred,Mercedes-Benz,2018,173384,Dizel,Avtomatski,272,31990,Pravna oseba
Peugeot Rifter,Peugeot,2019,225620,Dizel,Avtomatski,131,9490,Pravna oseba
Mercedes-Benz B-Razred,Mercedes-Benz,,,Bencin,Avtomatski,163,,Pravna oseba
Mercedes-Benz B-Razred,Mercedes-Benz,2026,100,Bencin,Avtomatski,163,,Pravna oseba
Suzuki Across,Suzuki,,,Hibrid,Avtomatski,185,41500,Pravna oseba
Volkswagen Tiguan,Volkswagen,2016,323484,Dizel,Avtomatski,150,11690,Pravna oseba
Opel Insignia,Opel,2016,255100,Dizel,Ročni,120,5990,Pravna oseba
Renault Austral,Renault,2023,50720,Hibrid,Avtomatski,200,26290,Pravna oseba
Mercedes-Benz GLA-Razred,Mercedes-Benz,2024,49456,Dizel,Avtomatski,150,39250,Pravna oseba
BMW Serija 2,BMW,2018,192080,Dizel,Ročni,116,8180,Pravna oseba
Mercedes-Benz E-Razred,Mercedes-Benz,2017,252300,Bencin,Avtomatski,245,23590,Pravna oseba
Suzuki Vitara,Suzuki,2017,133555,Bencin,Ročni,140,15390,Pravna oseba
Mercedes-Benz SL-Razred,Mercedes-Benz,2023,30000,Bencin,Avtomatski,476,119500,Pravna oseba
Nissan Juke,Nissan,2026,2341,Bencin,Ročni,114,20990,Pravna oseba
Renault Austral,Renault,2025,23256,Bencin,Avtomatski,158,,Pravna oseba
Mercedes-Benz GLE-Razred,Mercedes-Benz,2026,4001,Hibrid,Avtomatski,605,,Pravna oseba
MG MG HS,MG,,,Bencin,Avtomatski,170,26490,Pravna oseba
Mercedes-Benz AMG GT Coupe,Mercedes-Benz,2026,3500,Bencin,Avtomatski,421,,Pravna oseba
Mercedes-Benz CLE,Mercedes-Benz,2026,3500,Bencin,Avtomatski,449,,Pravna oseba
Mercedes-Benz GLE-Razred,Mercedes-Benz,2026,4000,Bencin,Avtomatski,605,,Pravna oseba
Mercedes-Benz CLE,Mercedes-Benz,2026,3500,Bencin,Avtomatski,449,,Pravna oseba
Nissan Qashqai,Nissan,2026,18004,Bencin,Avtomatski,158,,Pravna oseba
Nissan Qashqai,Nissan,2026,18007,Bencin,Avtomatski,158,,Pravna oseba
Nissan Qashqai,Nissan,2026,18005,Bencin,Avtomatski,158,,Pravna oseba
Nissan Qashqai,Nissan,2026,18002,Bencin,Avtomatski,158,,Pravna oseba
Nissan Qashqai,Nissan,2026,18001,Bencin,Avtomatski,158,,Pravna oseba
Nissan Qashqai,Nissan,2026,18000,Bencin,Avtomatski,158,,Pravna oseba
Nissan Qashqai,Nissan,2026,18000,Bencin,Avtomatski,158,,Pravna oseba
Mercedes-Benz CLA-Razred,Mercedes-Benz,2026,1500,,Avtomatski,272,,Pravna oseba
Mercedes-Benz GLC-Razred,Mercedes-Benz,2026,5000,,Avtomatski,489,,Pravna oseba
Suzuki Swift,Suzuki,,,Bencin,Ročni,82,,Pravna oseba
Renault Mégane,Renault,2020,145052,Dizel,Ročni,131,11550,Pravna oseba
Dacia Jogger,Dacia,2022,75788,Bencin,Ročni,91,10990,Pravna oseba
Suzuki Swift,Suzuki,,,Bencin,Ročni,82,,Pravna oseba
Mercedes-Benz B-Razred,Mercedes-Benz,2025,38774,Bencin,Avtomatski,136,25950,Pravna oseba
Mercedes-Benz GLB-Razred,Mercedes-Benz,,,,Avtomatski,272,,Pravna oseba
Mercedes-Benz GLC-Razred,Mercedes-Benz,,,,Avtomatski,489,,Pravna oseba
Mercedes-Benz GLC-Razred,Mercedes-Benz,,,,Avtomatski,489,,Pravna oseba
Mercedes-Benz V-Razred,Mercedes-Benz,2026,1600,Dizel,Avtomatski,237,,Pravna oseba
Mercedes-Benz GLC-Razred,Mercedes-Benz,2026,1590,Dizel,Avtomatski,163,,Pravna oseba
BMW Serija 5,BMW,2018,195000,Dizel,Avtomatski,265,22990,Pravna oseba
Mercedes-Benz C-Razred,Mercedes-Benz,2016,295200,Dizel,Avtomatski,170,11290,Pravna oseba
Mercedes-Benz GLB-Razred,Mercedes-Benz,2026,2000,Bencin,Avtomatski,190,,Pravna oseba
Hyundai Tucson,Hyundai,2018,64959,Dizel,Ročni,136,16490,Pravna oseba
Mercedes-Benz CLA-Razred,Mercedes-Benz,,,Bencin,Avtomatski,163,,Pravna oseba
Suzuki Vitara,Suzuki,,,Bencin,Ročni,110,,Pravna oseba
MG MG ZS,MG,2023,58900,Bencin,Avtomatski,111,14500,Pravna oseba
Nissan X-Trail,Nissan,,,Bencin,Avtomatski,163,35000,Pravna oseba
Nissan X-Trail,Nissan,,,Bencin,Avtomatski,163,36800,Pravna oseba
Renault Clio,Renault,,,Dizel,Ročni,101,16990,Pravna oseba
Nissan Townstar,Nissan,,,Bencin,Ročni,131,25990,Pravna oseba
Nissan Micra,Nissan,,,,Avtomatski,150,,Pravna oseba
Suzuki Vitara,Suzuki,,,Bencin,Ročni,110,,Pravna oseba
Suzuki S-Cross,Suzuki,,,Bencin,Ročni,110,,Pravna oseba
MG MG ZS,MG,,,Hibrid,Avtomatski,102,19560,Pravna oseba
MG MG ZS,MG,,,Hibrid,Avtomatski,102,22990,Pravna oseba
Alpine A290,Alpine,,,,Avtomatski,220,43800,Pravna oseba
Alpine A390,Alpine,,,,Avtomatski,401,84700,Pravna oseba
Mercedes-Benz E-Razred,Mercedes-Benz,2024,13750,Dizel,Avtomatski,197,61490,Pravna oseba
Mercedes-Benz E-Razred,Mercedes-Benz,2023,43555,Hibrid,Avtomatski,204,48290,Pravna oseba
Nissan Qashqai,Nissan,2026,5800,Bencin,Avtomatski,158,28420,Pravna oseba
MG MG ZS,MG,,,Bencin,Ročni,116,16490,Pravna oseba
MG MG ZS,MG,,,Bencin,Ročni,116,19390,Pravna oseba
MG MG ZS,MG,,,Bencin,Ročni,116,19390,Pravna oseba
MG MG ZS,MG,,,Bencin,Ročni,116,,Pravna oseba
MG MG ZS,MG,,,Bencin,Ročni,116,16490,Pravna oseba
Nissan Juke,Nissan,2015,145413,Bencin,Ročni,116,7590,Pravna oseba
Nissan Qashqai,Nissan,,,Bencin,Ročni,140,23900,Pravna oseba
Nissan Qashqai,Nissan,,,Bencin,Ročni,140,23900,Pravna oseba
Nissan Qashqai,Nissan,,,Bencin,Ročni,140,23900,Pravna oseba
Nissan Qashqai,Nissan,,,Bencin,Ročni,140,,Pravna oseba
Nissan Qashqai,Nissan,,,Bencin,Ročni,140,23900,Pravna oseba
Nissan Qashqai,Nissan,,,Bencin,Ročni,140,23900,Pravna oseba
Nissan Qashqai,Nissan,,,Bencin,Ročni,140,23900,Pravna oseba
Nissan Qashqai,Nissan,,,Bencin,Ročni,140,23900,Pravna oseba
Mercedes-Benz GLE-Razred,Mercedes-Benz,2026,1995,Dizel,Avtomatski,367,,Pravna oseba
Renault Austral,Renault,,,Hibrid,Avtomatski,131,42130,Pravna oseba
Mercedes-Benz GLC-Razred,Mercedes-Benz,,,,Avtomatski,489,,Pravna oseba
MG MGS5 EV,MG,,,,Avtomatski,231,31990,Pravna oseba
MG MGS5 EV,MG,,,,Avtomatski,231,34990,Pravna oseba
Mercedes-Benz CLA-Razred,Mercedes-Benz,,,,Avtomatski,224,47645,Pravna oseba
Mercedes-Benz CLA-Razred,Mercedes-Benz,2026,1000,Bencin,Avtomatski,163,,Pravna oseba
Mercedes-Benz E-Razred,Mercedes-Benz,,,Dizel,Avtomatski,197,,Pravna oseba
Mercedes-Benz C-Razred,Mercedes-Benz,2016,88874,Dizel,Avtomatski,136,16990,Pravna oseba
MG MG5,MG,,,,Avtomatski,156,18690,Pravna oseba
Mercedes-Benz A-Razred,Mercedes-Benz,2025,2000,Bencin,Avtomatski,136,36890,Pravna oseba
Mercedes-Benz V-Razred,Mercedes-Benz,,,Dizel,Avtomatski,237,,Pravna oseba
Mercedes-Benz SL-Razred,Mercedes-Benz,,,Bencin,Avtomatski,585,,Pravna oseba
Alpine A390,Alpine,,,,Avtomatski,401,78800,Pravna oseba
Renault Twingo,Renault,,,,Avtomatski,82,,Pravna oseba
Suzuki Vitara,Suzuki,2025,10800,Bencin,Ročni,129,23250,Pravna oseba
Renault Twingo,Renault,,,,Avtomatski,82,,Pravna oseba
Nissan Juke,Nissan,2021,68900,Bencin,Avtomatski,117,15090,Pravna oseba
Citroën C5 Aircross,Citroën,2025,14016,Bencin,Ročni,131,19900,Pravna oseba
Mercedes-Benz A-Razred,Mercedes-Benz,2025,38990,Bencin,Avtomatski,136,27900,Pravna oseba
Mercedes-Benz A-Razred,Mercedes-Benz,2025,38870,Bencin,Avtomatski,136,27900,Pravna oseba
Chevrolet Trax,Chevrolet,2013,160310,Dizel,Ročni,131,5990,Pravna oseba
Mercedes-Benz GLE-Razred,Mercedes-Benz,2026,6100,Dizel,Avtomatski,367,,Pravna oseba
Mercedes-Benz A-Razred,Mercedes-Benz,2025,39110,Bencin,Avtomatski,136,27900,Pravna oseba
Renault Mégane,Renault,2021,51500,Bencin,Avtomatski,300,32990,Pravna oseba
Suzuki S-Cross,Suzuki,,,Bencin,Ročni,110,,Pravna oseba
Suzuki Vitara,Suzuki,2022,91165,Bencin,Ročni,129,18990,Pravna oseba
Renault Twingo,Renault,,,,Avtomatski,82,11790,Pravna oseba
Suzuki S-Cross,Suzuki,,,Bencin,Ročni,110,,Pravna oseba
Suzuki S-Cross,Suzuki,,,Bencin,Ročni,110,,Pravna oseba
Alpine A110,Alpine,,,Bencin,Ročni,374,Cena po dogovoru,Pravna oseba
Suzuki Vitara,Suzuki,,,Bencin,Ročni,110,,Pravna oseba
Mercedes-Benz C-Razred,Mercedes-Benz,2025,9000,Dizel,Avtomatski,163,43990,Pravna oseba
Renault Scénic,Renault,2017,159017,Bencin,Ročni,116,8990,Pravna oseba
Dacia Jogger,Dacia,,,Bencin,Ročni,110,21300,Pravna oseba
Renault Clio,Renault,,,Bencin,Avtomatski,109,29490,Pravna oseba
Dacia Sandero,Dacia,2026,1000,Bencin,Ročni,110,17590,Pravna oseba
Nissan Qashqai,Nissan,,,Bencin,Avtomatski,158,32100,Pravna oseba
Nissan Qashqai,Nissan,,,Bencin,Avtomatski,158,29400,Pravna oseba
Nissan Qashqai,Nissan,,,Bencin,Avtomatski,158,29400,Pravna oseba
Suzuki Swift,Suzuki,,,Bencin,Ročni,82,,Pravna oseba
Suzuki Swift,Suzuki,,,Bencin,Ročni,82,,Pravna oseba
Suzuki Swift,Suzuki,,,Bencin,Ročni,82,,Pravna oseba
Dacia Sandero,Dacia,,,Bencin,Ročni,110,15090,Pravna oseba
Renault Espace,Renault,,,Hibrid,Avtomatski,200,Cena po dogovoru,Pravna oseba
Renault Clio,Renault,,,Bencin,Ročni,91,19020,Pravna oseba
Alpine A110,Alpine,,,Bencin,Avtomatski,300,136930,Pravna oseba
Mercedes-Benz A-Razred,Mercedes-Benz,2025,10,Bencin,Avtomatski,136,36490,Pravna oseba
Mercedes-Benz E-Razred,Mercedes-Benz,2024,31700,Hibrid,Avtomatski,585,,Pravna oseba
Alpine A290,Alpine,2025,1,,Avtomatski,220,35690,Pravna oseba
Mercedes-Benz Vito,Mercedes-Benz,,,Dizel,Avtomatski,163,55990,Pravna oseba
Alpine A290,Alpine,,,,Avtomatski,220,,Pravna oseba
Nissan Qashqai,Nissan,,,Bencin,Avtomatski,158,34300,Pravna oseba
Mercedes-Benz CLA-Razred,Mercedes-Benz,2026,2000,Bencin,Avtomatski,163,48000,Pravna oseba
Renault Clio,Renault,,,Bencin,Ročni,114,19305,Pravna oseba
Alpine A110,Alpine,2022,29790,Bencin,Avtomatski,300,Cena po dogovoru,Pravna oseba
MG MGS5 EV,MG,,,,Avtomatski,231,,Pravna oseba
Nissan Juke,Nissan,,,Bencin,Avtomatski,114,22400,Pravna oseba
Renault Clio,Renault,,,Bencin,Ročni,114,19390,Pravna oseba
Renault Scénic,Renault,,,,Avtomatski,170,,Pravna oseba
Renault Clio,Renault,,,Hibrid,Avtomatski,160,28490,Pravna oseba
Renault Clio,Renault,,,Bencin,Avtomatski,258,164090,Pravna oseba
Nissan Qashqai,Nissan,,,Bencin,Avtomatski,158,Cena po dogovoru,Pravna oseba
Suzuki Vitara,Suzuki,,,Bencin,Ročni,110,,Pravna oseba
Alpine A290,Alpine,,,,Avtomatski,179,,Pravna oseba
Mercedes-Benz B-Razred,Mercedes-Benz,,,Bencin,Avtomatski,136,,Pravna oseba
Mercedes-Benz GLC-Razred,Mercedes-Benz,,,,Avtomatski,489,,Pravna oseba
Mercedes-Benz GLC-Razred,Mercedes-Benz,,,,Avtomatski,489,Cena po dogovoru,Pravna oseba
Alpine A390,Alpine,,,,Avtomatski,401,Cena po dogovoru,Pravna oseba
Mercedes-Benz B-Razred,Mercedes-Benz,,,Bencin,Avtomatski,136,33990,Pravna oseba
Dacia Duster,Dacia,,,Bencin,Ročni,131,24480,Pravna oseba
Nissan Qashqai,Nissan,,,Bencin,Avtomatski,158,34900,Pravna oseba
Suzuki Vitara,Suzuki,,,Bencin,Avtomatski,110,,Pravna oseba
Nissan Qashqai,Nissan,,,Bencin,Avtomatski,158,34800,Pravna oseba
Suzuki Vitara,Suzuki,,,Bencin,Avtomatski,110,,Pravna oseba
Renault 4 E-tech,Renault,,,,Avtomatski,150,34780,Pravna oseba
MG MG3,MG,,,Hibrid,Avtomatski,194,16800,Pravna oseba
Suzuki Vitara,Suzuki,,,Bencin,Ročni,110,26150,Pravna oseba
Nissan Townstar,Nissan,,,Bencin,Ročni,131,27840,Pravna oseba
Renault Symbioz,Renault,,,Bencin,Ročni,140,23490,Pravna oseba
Dacia Sandero,Dacia,,,Bencin,Ročni,91,13480,Pravna oseba
Renault Captur,Renault,,,Bencin,Ročni,91,20690,Pravna oseba
Renault 5 E-tech,Renault,,,,Avtomatski,150,33000,Pravna oseba
Renault 5 E-tech,Renault,,,,Avtomatski,122,,Pravna oseba
Renault 5 E-tech,Renault,,,,Avtomatski,150,25990,Pravna oseba
Nissan Qashqai,Nissan,,,Bencin,Avtomatski,158,,Pravna oseba
Renault Symbioz,Renault,,,Bencin,Ročni,140,27190,Pravna oseba
Opel Grandland,Opel,2024,29073,Bencin,Ročni,131,17990,Pravna oseba
Dacia Sandero,Dacia,,,Bencin,Ročni,110,15950,Pravna oseba
Nissan Qashqai,Nissan,,,Bencin,Avtomatski,158,31500,Pravna oseba
Suzuki Vitara,Suzuki,,,Bencin,Ročni,110,,Pravna oseba
MG MG HS,MG,,,Hibrid,Avtomatski,272,35090,Pravna oseba
Renault Espace,Renault,,,Hibrid,Avtomatski,200,Cena po dogovoru,Pravna oseba
Renault Symbioz,Renault,,,Bencin,Ročni,140,24990,Pravna oseba
Renault Scénic,Renault,,,,Avtomatski,218,Cena po dogovoru,Pravna oseba
Dacia Bigster,Dacia,,,Bencin,Ročni,131,28490,Pravna oseba
Dacia Bigster,Dacia,,,Bencin,Ročni,131,26720,Pravna oseba
Dacia Bigster,Dacia,,,Bencin,Ročni,140,21490,Pravna oseba
Audi A4,Audi,2022,119800,Dizel,Avtomatski,204,28990,Pravna oseba
BMW Serija 4,BMW,2014,169000,Bencin,Avtomatski,245,20990,Pravna oseba
Fiat Ducato,Fiat,2024,54203,Dizel,Ročni,179,,Pravna oseba
Renault Scenic E-tech,Renault,,,,Avtomatski,170,34190,Pravna oseba
Dacia Duster,Dacia,,,Bencin,Ročni,131,24480,Pravna oseba
Alpine A290,Alpine,,,,Avtomatski,220,43480,Pravna oseba
Dacia Duster,Dacia,,,Bencin,Ročni,131,22780,Pravna oseba
Renault Captur,Renault,,,Bencin,Ročni,140,22280,Pravna oseba
Nissan Qashqai,Nissan,,,Bencin,Avtomatski,158,Cena po dogovoru,Pravna oseba
Renault 5 E-tech,Renault,,,,Avtomatski,150,25490,Pravna oseba
Renault Captur,Renault,,,Bencin,Ročni,91,21730,Pravna oseba
MG MG HS,MG,,,Bencin,Avtomatski,170,31250,Pravna oseba
Renault Symbioz,Renault,,,Hibrid,Avtomatski,145,Cena po dogovoru,Pravna oseba
BMW Serija 2,BMW,2025,15164,Bencin,Avtomatski,136,34990,Pravna oseba
Mercedes-Benz Vito,Mercedes-Benz,2025,15560,Dizel,Avtomatski,163,59988,Pravna oseba
Land Rover Discovery,Land,2022,78233,Dizel,Avtomatski,163,23488,Pravna oseba
Jeep Wrangler,Jeep,2022,81093,Bencin,Avtomatski,272,39488,Pravna oseba
Jeep Compass,Jeep,2024,52462,Bencin,Avtomatski,131,21488,Pravna oseba
Peugeot 308,Peugeot,2025,37300,Dizel,Avtomatski,131,18488,Pravna oseba
Peugeot 308,Peugeot,2016,104574,Bencin,Ročni,131,,Pravna oseba
Mercedes-Benz B-Razred,Mercedes-Benz,2024,8289,Bencin,Avtomatski,136,25488,Pravna oseba
Mercedes-Benz B-Razred,Mercedes-Benz,2024,14392,Bencin,Avtomatski,136,24988,Pravna oseba
Opel Mokka,Opel,2016,76693,Bencin,Avtomatski,140,8988,Pravna oseba
DS DS 7,DS,2024,32032,Dizel,Avtomatski,131,26988,Pravna oseba
DS DS 7,DS,2025,10998,Hibrid,Avtomatski,200,40988,Pravna oseba
Citroën C5 Aircross,Citroën,2025,22172,Dizel,Avtomatski,131,22488,Pravna oseba
BMW X4,BMW,2024,32119,Dizel,Avtomatski,340,,Pravna oseba
BMW X3,BMW,2018,237605,Dizel,Avtomatski,190,,Pravna oseba
Alfa Romeo Giulia,Alfa,2025,37271,Dizel,Avtomatski,209,40488,Pravna oseba
BMW X3,BMW,2015,110726,Dizel,Ročni,150,Cena po dogovoru,Pravna oseba
Ford Mondeo,Ford,2005,255000,Dizel,Avtomatski,116,1100,Fizična oseba
Mercedes-Benz GLB-Razred,Mercedes-Benz,2025,12714,Dizel,Avtomatski,150,42990,Pravna oseba
Škoda Fabia,Škoda,2015,135781,Bencin,Ročni,90,5400,Pravna oseba
Volkswagen Passat,Volkswagen,2013,468988,Dizel,Avtomatski,140,5500,Pravna oseba
Audi A4,Audi,2016,170000,Dizel,Ročni,150,15790,Pravna oseba
BMW Serija 5,BMW,2019,183000,Dizel,Avtomatski,265,27490,Pravna oseba
Hongqi HS3,Hongqi,2025,10000,Bencin,Avtomatski,156,,Pravna oseba
KIA Stonic,KIA,2022,101524,Bencin,Ročni,84,9999,Pravna oseba
Fiat Panda,Fiat,,,Bencin,Ročni,65,11490,Pravna oseba
Geely Cityray,Geely,,,Bencin,Avtomatski,174,,Pravna oseba
Renault Captur,Renault,2019,64577,Bencin,Ročni,90,9500,Pravna oseba
Volkswagen Tiguan,Volkswagen,,,Dizel,Avtomatski,150,,Pravna oseba
Audi Q3,Audi,2021,87490,Dizel,Avtomatski,190,33990,Pravna oseba
Volkswagen Polo,Volkswagen,,,Bencin,Ročni,95,23850,Pravna oseba
Citroën C5 Aircross,Citroën,2022,123009,Hibrid,Avtomatski,224,16880,Pravna oseba
Volkswagen Sharan,Volkswagen,2016,249852,Dizel,Ročni,150,12940,Pravna oseba
Volkswagen Passat,Volkswagen,2015,269854,Dizel,Ročni,150,9995,Pravna oseba
Volkswagen CC,Volkswagen,2013,237412,Dizel,Ročni,140,9940,Pravna oseba
Škoda Octavia,Škoda,2023,139000,Dizel,Avtomatski,150,20990,Pravna oseba
Škoda Octavia,Škoda,2016,248752,Dizel,Ročni,150,8945,Pravna oseba
Škoda Octavia,Škoda,2015,244745,Dizel,Ročni,150,8990,Pravna oseba
Škoda Octavia,Škoda,2017,234715,Dizel,Ročni,150,9990,Pravna oseba
Mercedes-Benz E-Razred,Mercedes-Benz,2014,232854,Dizel,Avtomatski,136,12940,Pravna oseba
Citroën C4,Citroën,2017,194444,Dizel,Ročni,120,6690,Pravna oseba
BMW X6,BMW,2021,94000,Dizel,Avtomatski,286,65900,Pravna oseba
BMW Serija 5,BMW,2018,246985,Dizel,Avtomatski,265,20990,Pravna oseba
BMW Serija 5,BMW,2017,151000,Dizel,Avtomatski,400,34990,Pravna oseba
BMW Serija 5,BMW,2017,196859,Dizel,Avtomatski,190,17990,Pravna oseba
BMW Serija 3,BMW,2014,256985,Dizel,Ročni,143,8990,Pravna oseba
BMW Serija 3,BMW,2015,200000,Dizel,Avtomatski,143,9940,Pravna oseba
BMW Serija 1,BMW,2021,152000,Bencin,Avtomatski,140,19850,Pravna oseba
Volvo XC90,Volvo,2016,353852,Dizel,Avtomatski,190,15990,Pravna oseba
Audi A6,Audi,2015,266852,Dizel,Ročni,190,14800,Pravna oseba
Audi A6,Audi,2012,179856,Dizel,Avtomatski,177,13945,Pravna oseba
Audi A4,Audi,2016,239458,Dizel,Avtomatski,190,12940,Pravna oseba
Audi A4,Audi,2014,242896,Dizel,Ročni,143,7990,Pravna oseba
Audi A4,Audi,2019,188523,Dizel,Avtomatski,150,18800,Pravna oseba
Audi A4,Audi,2016,239852,Dizel,Avtomatski,190,15940,Pravna oseba
Audi A4,Audi,2014,189000,Dizel,Avtomatski,190,12490,Pravna oseba
KIA Sportage,KIA,2026,9172,Bencin,Avtomatski,150,27999,Pravna oseba
Geely StarRay,Geely,2026,5000,Bencin,Avtomatski,238,29799,Pravna oseba
Renault Captur,Renault,2018,50356,Bencin,Avtomatski,118,11500,Pravna oseba
Honda CR-V,Honda,2021,69900,Hibrid,Avtomatski,145,28690,Pravna oseba
KIA PV5,KIA,,,,Avtomatski,163,49599,Pravna oseba
KIA Ceed,KIA,,,Bencin,Ročni,101,17849,Pravna oseba
Volvo XC60,Volvo,2024,53138,Dizel,Avtomatski,197,35899,Pravna oseba
Volvo XC40,Volvo,2026,10000,Bencin,Avtomatski,163,33999,Pravna oseba
BMW M2,BMW,2019,108669,Bencin,Avtomatski,411,49490,Pravna oseba
BMW M2,BMW,2017,121173,Bencin,Avtomatski,370,39490,Pravna oseba
Volvo XC60,Volvo,2018,156298,Dizel,Avtomatski,190,21990,Pravna oseba
Volkswagen Tiguan,Volkswagen,2018,209020,Dizel,Avtomatski,150,13900,Pravna oseba
Jeep Compass,Jeep,2023,38816,Hibrid,Avtomatski,190,22990,Pravna oseba
Citroën C3,Citroën,2025,6385,Bencin,Ročni,101,13990,Pravna oseba
Renault Austral,Renault,,,Bencin,Avtomatski,150,34980,Pravna oseba
Renault Clio,Renault,,,Bencin,Ročni,114,19570,Pravna oseba
Renault Master,Renault,,,Dizel,Ročni,150,33510,Pravna oseba
Renault Clio,Renault,,,Bencin,Ročni,114,19970,Pravna oseba
Renault Clio,Renault,,,Bencin,Avtomatski,114,21270,Pravna oseba
BMW Serija 5,BMW,2025,38900,Dizel,Avtomatski,303,71900,Pravna oseba
BMW Serija 1,BMW,2025,25540,Bencin,Avtomatski,122,25900,Pravna oseba
BMW X1,BMW,2025,20900,Hibrid,Avtomatski,136,44900,Pravna oseba
Peugeot Boxer,Peugeot,2023,94983,Dizel,Ročni,140,18490,Pravna oseba
Renault Master,Renault,,,Dizel,Ročni,150,Cena po dogovoru,Pravna oseba
Citroën C3,Citroën,2026,12358,Bencin,Ročni,101,14990,Pravna oseba
Renault Master,Renault,,,Dizel,Ročni,150,Cena po dogovoru,Pravna oseba
Volkswagen Transporter,Volkswagen,2012,299000,Dizel,Ročni,102,7500,Pravna oseba
Fiat Doblo,Fiat,2023,78232,Dizel,Ročni,131,16990,Pravna oseba
Mercedes-Benz B-Razred,Mercedes-Benz,2012,199119,Dizel,Ročni,109,6699,Pravna oseba
Ford Mondeo,Ford,2022,223000,Dizel,Avtomatski,190,13990,Pravna oseba
Volkswagen Golf,Volkswagen,2023,119202,Bencin,Ročni,245,24900,Pravna oseba
Dacia Bigster,Dacia,,,Bencin,Ročni,140,26470,Pravna oseba
Škoda Superb,Škoda,2021,144241,Dizel,Ročni,150,17900,Pravna oseba
BMW M3 Touring,BMW,2010,331465,Dizel,Ročni,143,,Pravna oseba
Škoda Octavia,Škoda,2016,187635,Dizel,Ročni,90,6590,Pravna oseba
Volkswagen Golf,Volkswagen,2019,161000,Dizel,Avtomatski,150,14900,Fizična oseba
Škoda Octavia,Škoda,2019,237514,Dizel,Avtomatski,150,9900,Pravna oseba
Seat Leon,Seat,2020,150629,Bencin,Avtomatski,290,15900,Pravna oseba
Porsche Cayenne,Porsche,2020,106198,Hibrid,Avtomatski,462,59900,Pravna oseba
Porsche 911,Porsche,2020,58931,Bencin,Avtomatski,385,99999,Pravna oseba
Porsche 718,Porsche,2022,39150,Bencin,Avtomatski,420,89900,Pravna oseba
Peugeot 5008,Peugeot,2021,140383,Dizel,Ročni,131,14490,Pravna oseba
Peugeot 5008,Peugeot,2020,151886,Dizel,Ročni,131,13490,Pravna oseba
Opel Astra,Opel,2012,157429,Bencin,Ročni,120,4900,Pravna oseba
Mercedes-Benz GL-Razred,Mercedes-Benz,2015,183954,Bencin,Avtomatski,435,28500,Pravna oseba
Renault Clio,Renault,2004,253300,Bencin,Ročni,75,,Pravna oseba
Nissan Qashqai,Nissan,2007,232950,Bencin,Ročni,141,Cena po dogovoru,Pravna oseba
Audi A6,Audi,2018,242340,Dizel,Avtomatski,190,16995,Pravna oseba
SsangYong Rexton,SsangYong,2022,78679,Dizel,Avtomatski,203,27499,Pravna oseba
BMW serija 3:,BMW,2021,61050,Dizel,Avtomatski,190,29995,Pravna oseba
Audi A7,Audi,,233885,Dizel,Avtomatski,320,24000,Fizična oseba
Ford Explorer,Ford,,130118,Hibrid,Avtomatski,363,Cena po dogovoru,Pravna oseba
Škoda Kodiaq,Škoda,2019,179665,Dizel,Avtomatski,190,25990,Pravna oseba
KIA Picanto,KIA,,,Bencin,Ročni,79,16499,Pravna oseba
SsangYong Tivoli,SsangYong,,,Bencin,Avtomatski,163,20499,Pravna oseba
SsangYong Torres,SsangYong,,,,Avtomatski,207,36499,Pravna oseba
KIA EV6,KIA,,,,Avtomatski,325,53099,Pravna oseba
Volkswagen Golf,Volkswagen,2014,303295,Dizel,Ročni,150,7499,Pravna oseba
KIA XCeed,KIA,,,Bencin,Avtomatski,150,28899,Pravna oseba
Toyota Auris,Toyota,2018,29839,Hibrid,Avtomatski,136,16990,Pravna oseba
Mercedes-Benz C-Razred,Mercedes-Benz,2018,89343,Bencin,Avtomatski,510,48900,Pravna oseba
Mercedes-Benz A-Razred,Mercedes-Benz,2020,142751,Dizel,Avtomatski,116,17490,Pravna oseba
Mazda CX-60,Mazda,2022,61826,Hibrid,Avtomatski,328,30900,Pravna oseba
Land Rover Range Rover Sport,Land,2020,164089,Dizel,Avtomatski,249,26900,Pravna oseba
KIA Sportage,KIA,2022,77715,Dizel,Ročni,136,21990,Pravna oseba
KIA Rio,KIA,2022,50538,Bencin,Ročni,84,10900,Pravna oseba
KIA ProCeed,KIA,2022,83210,Bencin,Avtomatski,140,19900,Pravna oseba
KIA Niro,KIA,2024,16235,Hibrid,Avtomatski,141,22900,Pravna oseba
Jaguar XE,Jaguar,2019,53517,Dizel,Avtomatski,179,13900,Pravna oseba
Zeekr 7X,Zeekr,,,,Avtomatski,646,63990,Pravna oseba
Ford Kuga,Ford,2018,100689,Bencin,Avtomatski,182,12900,Pravna oseba
Fiat Doblo,Fiat,2023,76959,Dizel,Ročni,105,13500,Pravna oseba
Fiat 500,Fiat,2021,34431,Bencin,Ročni,71,10490,Pravna oseba
Zeekr 7X,Zeekr,,,,Avtomatski,421,56990,Pravna oseba
BMW X3,BMW,2021,116587,Dizel,Avtomatski,190,29490,Pravna oseba
BMW Serija 5,BMW,2017,272450,Dizel,Avtomatski,265,15900,Pravna oseba
BMW Serija 1,BMW,2016,237713,Dizel,Avtomatski,190,10900,Pravna oseba
Zeekr 001,Zeekr,,,,Avtomatski,272,58490,Pravna oseba
Audi RS6,Audi,2020,118277,Bencin,Avtomatski,600,74900,Pravna oseba
Audi Q5,Audi,2022,144326,Dizel,Avtomatski,163,26990,Pravna oseba
Mercedes-Benz C-Razred,Mercedes-Benz,2017,278454,Dizel,Avtomatski,170,14990,Pravna oseba
Audi A6,Audi,2017,240293,Dizel,Avtomatski,218,11890,Pravna oseba
Audi A5,Audi,2017,242411,Dizel,Avtomatski,218,16900,Pravna oseba
Audi A4,Audi,2021,100584,Bencin,Avtomatski,150,17990,Pravna oseba
Audi A6,Audi,2018,148000,Dizel,Avtomatski,286,39990,Fizična oseba
Audi A4,Audi,2012,167370,Dizel,Ročni,143,8890,Pravna oseba
Audi A4,Audi,2014,296797,Dizel,Ročni,150,5700,Pravna oseba
Audi A4 Allroad,Audi,2020,219155,Dizel,Avtomatski,190,20900,Pravna oseba
Alfa Romeo Stelvio,Alfa,2021,140000,Dizel,Avtomatski,209,26590,Pravna oseba
KIA Sportage,KIA,2026,5001,Bencin,Avtomatski,150,30999,Pravna oseba
Geely StarRay EM-i,Geely,,,Hibrid,Avtomatski,99,32990,Pravna oseba
Mitsubishi Grandis,Mitsubishi,,,Bencin,Ročni,140,,Pravna oseba
Citroën C5 Aircross,Citroën,2023,93451,Hibrid,Avtomatski,224,18180,Pravna oseba
KIA Ceed,KIA,2024,13161,Bencin,Ročni,101,17199,Pravna oseba
Geely CityRay,Geely,2025,5001,Bencin,Avtomatski,174,27999,Pravna oseba
SsangYong Musso,SsangYong,2023,45850,Dizel,Avtomatski,201,26499,Pravna oseba
BMW Serija 5,BMW,2023,133678,Dizel,Avtomatski,190,30000,Pravna oseba
MINI Clubman,MINI,2019,29000,Bencin,Avtomatski,136,16990,Pravna oseba
Toyota Verso,Toyota,2014,228000,Dizel,Ročni,111,6290,Pravna oseba
Opel Astra,Opel,2015,260000,Dizel,Ročni,110,3590,Pravna oseba
Škoda Octavia,Škoda,2019,228000,Dizel,Ročni,116,7690,Pravna oseba
Opel Astra,Opel,2016,142000,Dizel,Ročni,110,7190,Pravna oseba
Peugeot 2008,Peugeot,2017,117000,Dizel,Ročni,99,8590,Pravna oseba
Renault Clio,Renault,2010,143000,Bencin,Ročni,75,2790,Pravna oseba
Opel Corsa,Opel,2017,148000,Plin,Ročni,90,6590,Pravna oseba
Toyota Yaris,Toyota,2004,220000,Bencin,Ročni,87,1390,Pravna oseba
Mitsubishi Space Gear,Mitsubishi,2015,94000,Bencin,Ročni,80,5990,Pravna oseba
Renault Clio,Renault,2004,223000,Dizel,Ročni,82,1290,Pravna oseba
Volkswagen Polo,Volkswagen,2004,235000,Bencin,Ročni,64,990,Pravna oseba
Mazda Mazda2,Mazda,2004,161000,Bencin,Ročni,75,1690,Pravna oseba
Opel Meriva,Opel,2012,175000,Bencin,Ročni,120,3490,Pravna oseba
Mitsubishi Colt,Mitsubishi,2007,204000,Bencin,Ročni,95,1390,Pravna oseba
KIA Venga,KIA,2010,126000,Bencin,Ročni,90,4290,Pravna oseba
Renault Clio,Renault,2015,180000,Bencin,Ročni,90,5790,Pravna oseba
Renault Clio,Renault,2019,70000,Bencin,Avtomatski,131,13990,Pravna oseba
Opel Astra,Opel,2008,221000,Bencin,Ročni,90,1290,Pravna oseba
Opel Astra,Opel,2009,136000,Bencin,Ročni,116,3590,Pravna oseba
Renault Laguna,Renault,2008,377000,Dizel,Ročni,150,1590,Pravna oseba
Opel Corsa,Opel,2014,148500,Bencin,Ročni,86,4790,Pravna oseba
Renault Clio,Renault,2011,108000,Bencin,Ročni,101,4290,Pravna oseba
Opel Zafira,Opel,2015,192000,Bencin,Ročni,140,5990,Pravna oseba
KIA Rio,KIA,2014,155000,Bencin,Ročni,84,4990,Pravna oseba
Renault Twingo,Renault,2019,95000,Bencin,Ročni,69,6990,Pravna oseba
KIA Ceed,KIA,2013,94000,Dizel,Ročni,90,6290,Pravna oseba
Renault Scénic,Renault,2011,261000,Dizel,Ročni,131,2790,Pravna oseba
Hyundai Tucson,Hyundai,2004,163000,Dizel,Ročni,113,3990,Pravna oseba
Ford Fiesta,Ford,2007,202000,Bencin,Ročni,69,1390,Pravna oseba
Hyundai i20,Hyundai,2013,157000,Bencin,Ročni,84,5190,Pravna oseba
Subaru Outback,Subaru,2017,225000,Dizel,Avtomatski,150,9590,Pravna oseba
Opel Corsa,Opel,2007,119000,Bencin,Ročni,90,2690,Pravna oseba
Opel Zafira,Opel,2016,204000,Dizel,Ročni,120,5590,Pravna oseba
Peugeot 107,Peugeot,2011,95000,Bencin,Ročni,68,2990,Pravna oseba
Opel Zafira,Opel,2004,241000,Bencin,Ročni,101,1190,Pravna oseba
Renault Kadjar,Renault,2017,137000,Dizel,Ročni,131,11990,Pravna oseba
Suzuki Vitara,Suzuki,2019,58000,Bencin,Ročni,111,14990,Pravna oseba
Opel Crossland X,Opel,2018,157000,Bencin,Ročni,82,5490,Pravna oseba
Peugeot 208,Peugeot,2020,84000,Dizel,Ročni,102,10190,Pravna oseba
Renault Clio,Renault,2011,189000,Bencin,Ročni,75,1990,Pravna oseba
Opel Astra,Opel,2019,201000,Dizel,Avtomatski,136,6990,Pravna oseba
Škoda Octavia,Škoda,2024,40000,Bencin,Ročni,110,16990,Pravna oseba
Mercedes-Benz A-Razred,Mercedes-Benz,2014,292000,Dizel,Ročni,109,6990,Pravna oseba
Peugeot 108,Peugeot,2016,42000,Bencin,Ročni,69,6690,Pravna oseba
Jeep Patriot,Jeep,2009,270000,Dizel,Ročni,140,5190,Pravna oseba
Hyundai Santa Fe,Hyundai,2001,209000,Bencin,Ročni,145,2190,Pravna oseba
Hyundai ix35,Hyundai,2011,127000,Bencin,Ročni,163,7990,Pravna oseba
Honda Jazz,Honda,2009,80000,Bencin,Avtomatski,99,4990,Pravna oseba
Ford Kuga,Ford,2010,185000,Dizel,Ročni,140,6990,Pravna oseba
Ford Focus,Ford,2013,327000,Dizel,Ročni,116,2490,Pravna oseba
Citroën Xsara Picasso,Citroën,2007,185000,Bencin,Ročni,109,1990,Pravna oseba
Hyundai i30,Hyundai,2010,131500,Bencin,Ročni,109,3490,Pravna oseba
Fiat Tipo,Fiat,2021,49000,Bencin,Ročni,99,9490,Pravna oseba
Fiat 500,Fiat,2014,149500,Bencin,Ročni,69,5490,Pravna oseba
Fiat 500,Fiat,2013,144000,Bencin,Ročni,69,4390,Pravna oseba
Dacia Sandero,Dacia,2014,145002,Bencin,Ročni,90,4990,Pravna oseba
Dacia Logan,Dacia,2015,199000,Dizel,Ročni,75,4390,Pravna oseba
Citroën C4 SpaceTourer,Citroën,2019,151000,Dizel,Ročni,131,8490,Pravna oseba
Citroën C4,Citroën,2015,231000,Dizel,Avtomatski,92,5490,Pravna oseba
Citroën C3,Citroën,2021,61000,Bencin,Ročni,83,8990,Pravna oseba
Citroën C3,Citroën,2022,133000,Dizel,Ročni,102,8190,Pravna oseba
Citroën C3,Citroën,2014,154000,Bencin,Ročni,82,3390,Pravna oseba
Citroën C3,Citroën,2022,56000,Bencin,Ročni,83,9990,Pravna oseba
BMW i5 Touring,BMW,2024,57481,Dizel,Avtomatski,197,55890,Pravna oseba
Citroën C3,Citroën,2023,90000,Bencin,Ročni,83,8290,Pravna oseba
Citroën C2,Citroën,2006,65000,Bencin,Ročni,73,2690,Pravna oseba
Citroën Berlingo,Citroën,2011,196000,Dizel,Ročni,92,5590,Pravna oseba
Citroën Berlingo,Citroën,2006,184000,Dizel,Ročni,90,3990,Pravna oseba
Chevrolet Spark,Chevrolet,2012,129000,Bencin,Ročni,68,2990,Pravna oseba
Chevrolet Cruze,Chevrolet,2011,151000,Bencin,Ročni,124,3390,Pravna oseba
Chevrolet Orlando,Chevrolet,2012,178000,Dizel,Avtomatski,163,5490,Pravna oseba
Chevrolet Aveo,Chevrolet,2013,195000,Dizel,Ročni,75,2990,Pravna oseba
BMW Serija 2,BMW,2025,13653,Bencin,Avtomatski,122,29990,Pravna oseba
Audi S6,Audi,2020,170000,Dizel,Avtomatski,349,38590,Pravna oseba
Audi A4,Audi,2008,365000,Dizel,Avtomatski,143,4990,Pravna oseba
Alfa Romeo MiTo,Alfa,2011,269000,Dizel,Ročni,120,2790,Pravna oseba
Mercedes-Benz GLA-Razred,Mercedes-Benz,2025,11363,Dizel,Avtomatski,150,42990,Pravna oseba
Mercedes-Benz CLA-Razred,Mercedes-Benz,2025,15032,Bencin,Avtomatski,163,31990,Pravna oseba
Volvo XC40,Volvo,2026,3018,Bencin,Avtomatski,163,39890,Pravna oseba
Opel Crossland X,Opel,2018,218152,Bencin,Ročni,140,8490,Pravna oseba
DS DS 7,DS,2023,16139,Hibrid,Avtomatski,300,44488,Pravna oseba
Mercedes-Benz CLA Shooting Brake,Mercedes-Benz,2023,7462,Bencin,Avtomatski,163,37488,Pravna oseba
Mercedes-Benz C-Razred,Mercedes-Benz,2023,12692,Dizel,Avtomatski,163,39990,Pravna oseba
BMW X5,BMW,2022,222,Dizel,Avtomatski,286,33000,Pravna oseba
Renault Grand Scenic,Renault,2018,133502,Dizel,Ročni,160,18500,Pravna oseba
Mercedes-Benz C-Class,Mercedes-Benz,2023,180000,Dizel,Ročni,194,Cena po dogovoru,Pravna oseba
Audi A4,Audi,,,Dizel,Avtomatski,136,16100,Pravna oseba
BMW X6,BMW,2021,100310,Dizel,Avtomatski,340,55880,Pravna oseba
BMW X3,BMW,2020,123000,Hibrid,Avtomatski,184,29980,Pravna oseba
Smart Smart forfour,Smart,2015,128450,Bencin,Ročni,71,4980,Pravna oseba
Fiat Sedici,Fiat,2010,185315,Bencin,Ročni,120,4999,Pravna oseba
Hyundai Santa Fe,Hyundai,2015,244614,Dizel,Avtomatski,197,15490,Pravna oseba
Peugeot e-Rifter,Peugeot,2023,32653,,Avtomatski,136,23999,Pravna oseba
Mercedes-Benz GLA-Razred,Mercedes-Benz,2025,6371,Dizel,Avtomatski,150,,Pravna oseba
Mercedes-Benz GLA-Razred,Mercedes-Benz,2025,6310,Dizel,Avtomatski,150,,Pravna oseba
Mercedes-Benz GLA-Razred,Mercedes-Benz,2025,4883,Dizel,Avtomatski,150,,Pravna oseba
Mercedes-Benz GLA-Razred,Mercedes-Benz,2025,4859,Dizel,Avtomatski,150,,Pravna oseba
Mercedes-Benz GLA-Razred,Mercedes-Benz,2025,22290,Bencin,Avtomatski,163,,Pravna oseba
Opel Corsa-e,Opel,2022,38150,,Avtomatski,136,13799,Pravna oseba
Mercedes-Benz Vito,Mercedes-Benz,2025,38312,Dizel,Avtomatski,190,,Pravna oseba
Audi A6,Audi,2017,255448,Dizel,Avtomatski,218,15999,Pravna oseba
Ford Transit,Ford,2016,233000,Dizel,Ročni,155,10999,Pravna oseba
Mercedes-Benz C-Razred,Mercedes-Benz,2024,44058,Dizel,Avtomatski,163,30988,Pravna oseba
Mercedes-Benz CLS-Razred,Mercedes-Benz,2023,35606,Dizel,Avtomatski,265,,Pravna oseba
Mercedes-Benz CLA-Razred,Mercedes-Benz,2024,63257,Dizel,Avtomatski,190,30988,Pravna oseba
Mercedes-Benz CLA-Razred,Mercedes-Benz,2024,20685,Bencin,Avtomatski,163,29488,Pravna oseba
Mitsubishi Pajero,Mitsubishi,2017,185000,Dizel,Avtomatski,190,29800,Pravna oseba
Toyota RAV4,Toyota,2015,214000,Dizel,Ročni,124,10900,Pravna oseba
Mercedes-Benz CLA-Razred,Mercedes-Benz,2022,126867,Bencin,Avtomatski,163,23988,Pravna oseba
Volkswagen Caravelle,Volkswagen,2016,178000,Dizel,Ročni,102,15990,Pravna oseba
Volvo XC60,Volvo,2021,128000,Bencin,Avtomatski,197,25400,Pravna oseba
Peugeot Partner,Peugeot,2018,219000,Dizel,Ročni,99,5990,Pravna oseba
Mercedes-Benz GLE-Razred,Mercedes-Benz,2019,128000,Dizel,Avtomatski,245,41800,Pravna oseba
Mercedes-Benz GLE-Razred,Mercedes-Benz,2017,199600,Dizel,Avtomatski,204,23700,Pravna oseba
Jeep Cherokee,Jeep,2011,216000,Dizel,Avtomatski,200,10800,Pravna oseba
Mercedes-Benz CLA-Razred,Mercedes-Benz,2023,79542,Dizel,Avtomatski,150,26988,Pravna oseba
Ford S-MAX,Ford,2019,187000,Dizel,Avtomatski,150,9980,Pravna oseba
Mercedes-Benz CLA-Razred,Mercedes-Benz,2024,49314,Dizel,Avtomatski,116,27488,Pravna oseba
Mercedes-Benz B-Razred,Mercedes-Benz,2024,21150,Bencin,Avtomatski,136,24488,Pravna oseba
Mercedes-Benz B-Razred,Mercedes-Benz,2024,4245,Bencin,Avtomatski,136,25488,Pravna oseba
Peugeot 2008,Peugeot,2025,25337,Bencin,Avtomatski,131,16988,Pravna oseba
Jeep Avenger,Jeep,2024,25599,Bencin,Ročni,101,15988,Pravna oseba
Peugeot 2008,Peugeot,2020,54082,Bencin,Ročni,131,11999,Pravna oseba
Citroën C3,Citroën,2026,3565,Bencin,Ročni,101,14488,Pravna oseba
Citroën C3,Citroën,2025,11650,Bencin,Ročni,101,15988,Pravna oseba
Opel Combo,Opel,2020,151000,Dizel,Ročni,102,9850,Fizična oseba
BMW Z4,BMW,2025,24805,Bencin,Avtomatski,340,63990,Pravna oseba
Mercedes-Benz C-Razred,Mercedes-Benz,2018,171000,Dizel,Avtomatski,194,23490,Fizična oseba
Volvo V90,Volvo,2017,252000,Dizel,Avtomatski,150,10750,Fizična oseba
Volvo XC60,Volvo,2021,112868,Dizel,Avtomatski,197,27999,Pravna oseba
Audi A6 Allroad,Audi,2016,373238,Dizel,Avtomatski,272,10350,Pravna oseba
Hyundai Tucson,Hyundai,2021,130000,Dizel,Avtomatski,136,13000,Pravna oseba
BMW Serija 3,BMW,2014,125040,Dizel,Ročni,116,10450,Pravna oseba
BMW M3 Touring,BMW,2023,146497,Dizel,Avtomatski,190,32990,Pravna oseba
Renault Twingo,Renault,2008,206460,Bencin,Ročni,58,2490,Pravna oseba
Cupra Ateca,Cupra,2019,94300,Bencin,Avtomatski,300,23550,Pravna oseba
Volkswagen Tiguan,Volkswagen,2024,60129,Dizel,Avtomatski,200,38482,Pravna oseba
Volkswagen Tiguan,Volkswagen,2016,179901,Bencin,Ročni,125,14950,Pravna oseba
Mercedes-Benz GLE-Razred,Mercedes-Benz,2020,117674,Dizel,Avtomatski,245,43990,Pravna oseba
Renault Espace,Renault,2017,197830,Dizel,Avtomatski,160,8990,Pravna oseba
Mercedes-Benz GLC-Razred,Mercedes-Benz,2020,87931,Dizel,Avtomatski,245,39990,Pravna oseba
Mercedes-Benz GLB-Razred,Mercedes-Benz,2021,133704,Dizel,Avtomatski,150,28990,Pravna oseba
KIA Ceed,KIA,2024,40650,Bencin,Ročni,120,14990,Pravna oseba
Alfa Romeo Stelvio,Alfa,2020,72630,Dizel,Avtomatski,190,22990,Pravna oseba
Alfa Romeo Stelvio,Alfa,2024,13876,Dizel,Avtomatski,209,36990,Pravna oseba
Geely Cityray,Geely,2025,10200,Bencin,Avtomatski,174,,Pravna oseba
DS DS 3,DS,2025,17423,Bencin,Avtomatski,145,19990,Pravna oseba
Volkswagen Tiguan,Volkswagen,2019,272000,Dizel,Avtomatski,150,14790,Pravna oseba
Mercedes-Benz E-Razred,Mercedes-Benz,2006,64000,Dizel,Ročni,190,10980,Pravna oseba
Peugeot 207,Peugeot,2012,212000,Bencin,Ročni,95,2790,Pravna oseba
Renault Scénic,Renault,2021,182000,Dizel,Avtomatski,120,11980,Pravna oseba
Audi Q3,Audi,2017,191000,Dizel,Avtomatski,150,13980,Pravna oseba
Opel Mokka,Opel,2014,178000,Dizel,Ročni,131,7890,Pravna oseba
Ford Tourneo,Ford,2020,134026,Dizel,Ročni,75,7980,Pravna oseba
Ford Tourneo,Ford,2020,134000,Dizel,Ročni,75,7980,Pravna oseba
Škoda Karoq,Škoda,2022,179000,Dizel,Avtomatski,150,16980,Pravna oseba
Mercedes-Benz C-Razred,Mercedes-Benz,2019,185000,Dizel,Avtomatski,150,16980,Pravna oseba
Volkswagen Arteon,Volkswagen,2021,176000,Dizel,Avtomatski,200,20980,Pravna oseba
Audi A6,Audi,2023,88000,Dizel,Avtomatski,204,38980,Pravna oseba
Škoda Octavia,Škoda,2021,193000,Dizel,Avtomatski,150,15980,Pravna oseba
Audi A3,Audi,2021,259000,Dizel,Ročni,116,12980,Pravna oseba
Jeep Cherokee,Jeep,2015,275000,Dizel,Ročni,140,,Pravna oseba
Ford Focus,Ford,2022,193000,Bencin,Ročni,125,7980,Pravna oseba
Ford Tourneo,Ford,2020,152000,Dizel,Ročni,75,7980,Pravna oseba
Renault Scénic,Renault,2017,189004,Bencin,Ročni,131,6980,Pravna oseba
Renault Mégane,Renault,2021,138000,Hibrid,Avtomatski,158,11990,Pravna oseba
Opel Mokka,Opel,2021,113000,Bencin,Avtomatski,131,13490,Pravna oseba
Audi A4,Audi,2012,245000,Dizel,Ročni,143,,Pravna oseba
Volkswagen Golf,Volkswagen,2020,140000,Bencin,Ročni,150,,Pravna oseba
Škoda Superb,Škoda,2022,212000,Dizel,Avtomatski,150,19690,Pravna oseba
Mercedes-Benz V-Razred,Mercedes-Benz,2019,193250,Dizel,Avtomatski,190,36550,Pravna oseba
MINI Cabrio,MINI,2010,176150,Bencin,Ročni,98,6490,Pravna oseba
Škoda Superb,Škoda,2020,219000,Dizel,Ročni,150,14690,Pravna oseba
Peugeot 508,Peugeot,2020,144000,Dizel,Ročni,131,10980,Pravna oseba
Škoda Octavia,Škoda,2020,213000,Dizel,Avtomatski,150,13980,Pravna oseba
Volkswagen Caddy,Volkswagen,2020,125000,Dizel,Ročni,102,17980,Pravna oseba
Mercedes-Benz B-Razred,Mercedes-Benz,2023,177066,Dizel,Ročni,116,17999,Pravna oseba
Porsche Panamera,Porsche,2018,126000,Bencin,Avtomatski,441,65980,Pravna oseba
Škoda Octavia,Škoda,2019,219000,Dizel,Ročni,150,12470,Pravna oseba
Porsche Macan,Porsche,2015,157026,Dizel,Avtomatski,258,27980,Pravna oseba
Renault Scénic,Renault,2020,174000,Dizel,Ročni,150,10980,Pravna oseba
Ford Tourneo,Ford,2020,160000,Dizel,Ročni,75,7480,Pravna oseba
BMW Serija 5,BMW,2020,163000,Dizel,Avtomatski,190,18390,Pravna oseba
Audi A6 Allroad,Audi,2013,232000,Dizel,Avtomatski,204,,Pravna oseba
Peugeot 2008,Peugeot,2023,36000,Bencin,Avtomatski,131,,Pravna oseba
KG Mobility Tivoli,KG,2026,5731,Bencin,Ročni,163,16999,Pravna oseba
Peugeot Rifter,Peugeot,2023,21318,Bencin,Ročni,110,16990,Pravna oseba
Volkswagen Multivan,Volkswagen,2023,120000,Dizel,Avtomatski,150,44990,Pravna oseba
KIA XCeed,KIA,2020,90971,Bencin,Avtomatski,140,16499,Pravna oseba
Audi Q7,Audi,2022,125876,Dizel,Avtomatski,286,50980,Pravna oseba
Alfa Romeo Junior,Alfa,2025,21908,Bencin,Avtomatski,136,19988,Pravna oseba
Ford Mondeo,Ford,2018,201130,Dizel,Avtomatski,150,9490,Pravna oseba
Mercedes-Benz B Class,Mercedes-Benz,2022,118233,Bencin,Avtomatski,136,19990,Pravna oseba
Škoda Octavia,Škoda,2023,163939,Dizel,Avtomatski,150,17199,Pravna oseba
Škoda Kamiq,Škoda,2021,145000,Dizel,Ročni,116,15450,Pravna oseba
Mercedes-Benz CLA Shooting Brake,Mercedes-Benz,,19041,Bencin,Avtomatski,136,32490,Pravna oseba
Ford Ranger,Ford,,1900,Dizel,Avtomatski,205,50811,Pravna oseba
Dacia Sandero,Dacia,2019,102066,Dizel,Ročni,95,7800,Pravna oseba
Nissan Pulsar,Nissan,2015,170760,Bencin,Ročni,116,6990,Pravna oseba
Alfa Romeo Giulietta,Alfa,2016,120104,Dizel,Ročni,105,8599,Pravna oseba
Volvo S60,Volvo,2023,34000,Bencin,Avtomatski,250,33750,Pravna oseba
Suzuki Vitara,Suzuki,2019,129000,Bencin,Ročni,140,15750,Pravna oseba
Mercedes-Benz GLB-Razred,Mercedes-Benz,2023,119000,Dizel,Avtomatski,150,28750,Pravna oseba
Volkswagen Golf,Volkswagen,2021,70000,Dizel,Avtomatski,116,20750,Pravna oseba
Suzuki Vitara,Suzuki,2019,149000,Bencin,Ročni,140,14950,Pravna oseba
Volkswagen Touran,Volkswagen,2023,149000,Dizel,Avtomatski,150,23750,Pravna oseba
Škoda Octavia,Škoda,2021,119603,Dizel,Avtomatski,150,21750,Pravna oseba
BMW Serija 5,BMW,2016,233000,Dizel,Avtomatski,313,15750,Pravna oseba
Ford Edge,Ford,2017,186000,Dizel,Avtomatski,209,14750,Pravna oseba
Porsche Macan,Porsche,2015,288000,Dizel,Avtomatski,258,21450,Pravna oseba
Volkswagen T-Roc,Volkswagen,2020,133000,Dizel,Avtomatski,150,18950,Pravna oseba
Škoda Kodiaq,Škoda,2019,190000,Dizel,Avtomatski,190,21550,Pravna oseba
BMW X3,BMW,2018,175000,Dizel,Avtomatski,265,27350,Pravna oseba
BMW Serija 7,BMW,2019,138000,Bencin,Avtomatski,333,40950,Pravna oseba
Audi A5,Audi,2018,161000,Dizel,Avtomatski,286,25450,Pravna oseba
Jeep Renegade,Jeep,2015,150000,Bencin,Ročni,140,9850,Pravna oseba
Citroën C4,Citroën,2017,178000,Dizel,Avtomatski,120,8450,Pravna oseba
Volvo S90,Volvo,2017,168000,Dizel,Avtomatski,190,19950,Pravna oseba
BMW Serija 3,BMW,2025,27000,Dizel,Avtomatski,190,44950,Pravna oseba
BMW Serija 5,BMW,2024,40000,Dizel,Avtomatski,197,48850,Pravna oseba
Škoda Superb,Škoda,2018,258000,Dizel,Avtomatski,150,13650,Pravna oseba
Renault Scénic,Renault,2023,40000,Bencin,Avtomatski,140,21450,Pravna oseba
BMW X3,BMW,2025,20000,Dizel,Avtomatski,197,57950,Pravna oseba
Mitsubishi ASX,Mitsubishi,2016,205000,Dizel,Avtomatski,150,8950,Pravna oseba
KIA Ceed,KIA,2019,178000,Bencin,Ročni,99,8950,Pravna oseba
Audi Q8,Audi,2020,148000,Dizel,Avtomatski,286,53850,Pravna oseba
KIA Optima,KIA,2017,225000,Dizel,Avtomatski,141,9450,Pravna oseba
Mercedes-Benz V-Razred,Mercedes-Benz,2019,67000,Dizel,Avtomatski,190,69950,Pravna oseba
Audi A5,Audi,2017,160000,Dizel,Avtomatski,190,23950,Pravna oseba
BMW Serija 5,BMW,2025,15000,Bencin,Avtomatski,209,55950,Pravna oseba
BMW Serija 1,BMW,2021,175000,Bencin,Avtomatski,136,17950,Pravna oseba
Škoda Superb,Škoda,2018,165000,Dizel,Avtomatski,150,15650,Pravna oseba
Škoda Scala,Škoda,2022,135000,Bencin,Ročni,95,10450,Pravna oseba
KIA XCeed,KIA,2022,149000,Bencin,Ročni,160,14950,Pravna oseba
Volkswagen Golf,Volkswagen,2021,155000,Dizel,Avtomatski,150,19950,Pravna oseba
Hyundai i20,Hyundai,2017,128000,Dizel,Ročni,90,8450,Pravna oseba
Volkswagen Golf,Volkswagen,2018,195000,Dizel,Ročni,116,9950,Pravna oseba
Mercedes-Benz E-Razred,Mercedes-Benz,2021,178000,Dizel,Avtomatski,197,34850,Pravna oseba
Volkswagen Touareg,Volkswagen,2018,215000,Dizel,Avtomatski,286,29850,Pravna oseba
Audi A8,Audi,2019,168000,Bencin,Avtomatski,340,38950,Pravna oseba
Volkswagen Arteon,Volkswagen,2022,96000,Bencin,Avtomatski,190,25750,Pravna oseba
Audi Q5,Audi,2017,145000,Dizel,Avtomatski,190,22750,Pravna oseba
Audi A3,Audi,2021,74000,Bencin,Avtomatski,150,21750,Pravna oseba
Ford Kuga,Ford,2008,324900,Dizel,Ročni,136,3850,Pravna oseba
KIA Stonic,KIA,2025,18478,Bencin,Avtomatski,101,17999,Pravna oseba
Hyundai Tucson,Hyundai,2025,10100,Bencin,Avtomatski,150,31790,Pravna oseba
Volkswagen Tiguan,Volkswagen,2014,238177,Dizel,Ročni,140,Cena po dogovoru,Pravna oseba
Peugeot 3008,Peugeot,2015,75000,Bencin,Ročni,131,,Pravna oseba
Volkswagen Sharan,Volkswagen,2014,264800,Dizel,Ročni,140,8999,Pravna oseba
Volkswagen Tiguan,Volkswagen,2021,174000,Dizel,Avtomatski,150,18500,Pravna oseba
Ford Kuga,Ford,,6915,Bencin,Avtomatski,186,24900,Pravna oseba
Peugeot 3008,Peugeot,,,Hibrid,Avtomatski,136,29770,Pravna oseba
Audi A5,Audi,2017,227309,Dizel,Avtomatski,190,19990,Pravna oseba
MG MG HS,MG,2023,46764,Bencin,Ročni,162,16590,Pravna oseba
Volkswagen Golf,Volkswagen,2016,323000,Dizel,Avtomatski,110,5990,Pravna oseba
MINI 3-vratni,MINI,2014,140000,Bencin,Ročni,192,13499,Fizična oseba
KIA Sportage,KIA,2024,107799,Hibrid,Avtomatski,179,25480,Pravna oseba
KIA EV2,KIA,,,,Avtomatski,147,,Pravna oseba
KIA EV2,KIA,,,,Avtomatski,147,,Pravna oseba
KIA EV2,KIA,,,,Avtomatski,147,,Pravna oseba
KIA Sportage,KIA,,,Hibrid,Avtomatski,179,38299,Pravna oseba
KIA Sportage,KIA,,,Hibrid,Avtomatski,179,41599,Pravna oseba
Ford Tourneo,Ford,2021,76000,Dizel,Ročni,185,33990,Pravna oseba
KIA Sportage,KIA,2013,162240,Dizel,Ročni,136,9490,Pravna oseba
KIA Stonic,KIA,2022,58630,Bencin,Ročni,101,13490,Pravna oseba
Fiat 500X,Fiat,2025,16000,Bencin,Avtomatski,131,21490,Pravna oseba
Renault Captur,Renault,2017,130540,Bencin,Ročni,118,9990,Pravna oseba
KIA XCeed,KIA,,,Bencin,Avtomatski,150,25799,Pravna oseba
KIA Stonic,KIA,,,Bencin,Ročni,79,16649,Pravna oseba
KIA Sportage,KIA,,,Bencin,Avtomatski,150,30099,Pravna oseba
KIA Niro,KIA,,,,Avtomatski,204,,Pravna oseba
KIA Sportage,KIA,,,Bencin,Avtomatski,150,30099,Pravna oseba
KIA Stonic,KIA,,,Bencin,Ročni,101,20849,Pravna oseba
Alfa Romeo Junior,Alfa,2025,16760,Hibrid,Avtomatski,145,27900,Pravna oseba
KIA EV6,KIA,2022,103230,,Avtomatski,325,29990,Pravna oseba
BMW Serija 4,BMW,2017,176100,Dizel,Avtomatski,190,18390,Pravna oseba
Fiat Grande Panda,Fiat,,,,Avtomatski,113,,Pravna oseba
KIA Sportage,KIA,2020,89720,Dizel,Ročni,136,16990,Pravna oseba
KIA Ceed,KIA,2024,37170,Bencin,Ročni,101,14990,Pravna oseba
Fiat 600,Fiat,2025,8720,Hibrid,Avtomatski,110,20900,Pravna oseba
KIA Sportage,KIA,,,Bencin,Avtomatski,150,30099,Pravna oseba
KIA Ceed,KIA,,,Bencin,Ročni,101,,Pravna oseba
Alfa Romeo Junior,Alfa,,,Hibrid,Avtomatski,136,24490,Pravna oseba
Fiat Tipo,Fiat,2021,104950,Bencin,Ročni,99,11990,Pravna oseba
Fiat Panda,Fiat,,,Bencin,Ročni,65,11490,Pravna oseba
KIA Picanto,KIA,,,Bencin,Ročni,63,15149,Pravna oseba
KIA Sportage,KIA,2026,3000,Bencin,Avtomatski,150,32399,Pravna oseba
Fiat Grande Panda,Fiat,2025,2000,Hibrid,Avtomatski,110,18490,Pravna oseba
Fiat 600,Fiat,,,Hibrid,Avtomatski,136,24470,Pravna oseba
KIA Rio,KIA,2023,44960,Bencin,Ročni,84,13490,Pravna oseba
KIA Stonic,KIA,,,Bencin,Ročni,79,16649,Pravna oseba
KIA XCeed,KIA,,,Bencin,Ročni,150,27799,Pravna oseba
KG Mobility Musso,KG,2025,16690,Dizel,Avtomatski,203,33990,Pravna oseba
KIA PV5,KIA,,,,Avtomatski,163,44599,Pravna oseba
KIA XCeed,KIA,,,Bencin,Avtomatski,150,27799,Pravna oseba
KIA EV3,KIA,2026,280,,Avtomatski,204,,Pravna oseba
KIA Sportage,KIA,,,Bencin,Ročni,150,29299,Pravna oseba
Alfa Romeo Junior,Alfa,2025,10020,Hibrid,Avtomatski,144,27990,Pravna oseba
KIA PV5,KIA,,,,Avtomatski,163,,Pravna oseba
Fiat Grande Panda,Fiat,,,Hibrid,Avtomatski,101,20080,Pravna oseba
KIA EV4,KIA,,,,Avtomatski,204,49299,Pravna oseba
KIA Picanto,KIA,,,Bencin,Ročni,68,15149,Pravna oseba
KIA Sportage,KIA,,,Bencin,Avtomatski,150,33299,Pravna oseba
KIA Optima,KIA,2020,103690,Hibrid,Avtomatski,205,15990,Pravna oseba
Fiat 600,Fiat,2025,3222,Hibrid,Avtomatski,101,21390,Pravna oseba
Fiat Grande Panda,Fiat,,,Hibrid,Avtomatski,101,19440,Pravna oseba
Alfa Romeo Tonale,Alfa,,,Hibrid,Avtomatski,159,42940,Pravna oseba
Fiat 600,Fiat,2026,166,Hibrid,Avtomatski,136,20990,Pravna oseba
KIA ProCeed,KIA,2024,42030,Bencin,Avtomatski,140,26490,Pravna oseba
Fiat Topolino,Fiat,,,,Avtomatski,8,,Pravna oseba
KIA XCeed,KIA,,,Bencin,Avtomatski,150,27799,Pravna oseba
KIA PV5,KIA,,,,Avtomatski,163,49599,Pravna oseba
KIA Sportage,KIA,,,Bencin,Avtomatski,150,36799,Pravna oseba
KIA Stonic,KIA,,,Bencin,Ročni,101,21849,Pravna oseba
KIA Stonic,KIA,2026,1500,Bencin,Ročni,101,21599,Pravna oseba
Alfa Romeo Stelvio,Alfa,,,Bencin,Avtomatski,280,56870,Pravna oseba
KG Mobility Tivoli,KG,2025,7280,Bencin,Ročni,135,17890,Pravna oseba
Fiat 600,Fiat,2025,330,Hibrid,Avtomatski,144,23990,Pravna oseba
Ford Tourneo,Ford,2026,2000,Hibrid,Avtomatski,232,55990,Pravna oseba
Fiat Grande Panda,Fiat,2025,3000,Hibrid,Avtomatski,101,19490,Pravna oseba
KG Mobility Tivoli,KG,,,Bencin,Avtomatski,163,19679,Pravna oseba
KG Mobility Korando,KG,,,Bencin,Avtomatski,163,24999,Pravna oseba
KG Mobility Torres,KG,,,,Avtomatski,207,37999,Pravna oseba
KG Mobility Torres,KG,,,,Avtomatski,207,46999,Pravna oseba
KG Mobility Torres,KG,,,,Avtomatski,207,27790,Pravna oseba
KG Mobility Torres,KG,,,Bencin,Avtomatski,163,27399,Pravna oseba
KG Mobility Tivoli,KG,,,Bencin,Ročni,163,17499,Pravna oseba
KG Mobility Korando,KG,,,Bencin,Ročni,163,19999,Pravna oseba
KIA PV5,KIA,,,,Avtomatski,163,,Pravna oseba
KG Mobility Korando,KG,,,Bencin,Ročni,163,21999,Pravna oseba
KIA PV5,KIA,,,,Avtomatski,163,,Pravna oseba
KG Mobility Musso,KG,,,Dizel,Avtomatski,201,36990,Pravna oseba
KIA XCeed,KIA,2026,7000,Bencin,Avtomatski,150,28990,Pravna oseba
KG Mobility -,KG,,,Hibrid,Avtomatski,177,43499,Pravna oseba
KG Mobility Musso,KG,,,Dizel,Avtomatski,201,36999,Pravna oseba
KG Mobility Torres,KG,,,Bencin,Ročni,163,27399,Pravna oseba
KIA EV3,KIA,,,,Avtomatski,204,34990,Pravna oseba
KIA Stonic,KIA,2025,1000,Bencin,Ročni,99,21599,Pravna oseba
KIA Sportage,KIA,,,Bencin,Avtomatski,179,43499,Pravna oseba
KG Mobility Torres,KG,,,Bencin,Ročni,163,26999,Pravna oseba
Fiat 600,Fiat,2025,5000,Hibrid,Avtomatski,110,22490,Pravna oseba
KG Mobility Musso,KG,,,Dizel,Avtomatski,201,36999,Pravna oseba
KG Mobility Torres,KG,,,Bencin,Avtomatski,163,29699,Pravna oseba
KG Mobility Rexton,KG,,,Dizel,Avtomatski,203,41999,Pravna oseba
KIA PV5,KIA,,,,Avtomatski,163,41599,Pravna oseba
KIA Stonic,KIA,,,Bencin,Avtomatski,120,28849,Pravna oseba
KIA Sorento,KIA,,,Dizel,Avtomatski,193,66199,Pravna oseba
KG Mobility Torres,KG,2025,16600,Bencin,Avtomatski,163,25990,Pravna oseba
KG Mobility Rexton,KG,,,Dizel,Avtomatski,203,41999,Pravna oseba
KIA EV3,KIA,2025,800,,Avtomatski,204,39990,Pravna oseba
KIA EV6,KIA,,,,Avtomatski,325,56999,Pravna oseba
KG Mobility Torres,KG,,,Bencin,Avtomatski,163,33099,Pravna oseba
KIA Sorento,KIA,,,Dizel,Avtomatski,193,66199,Pravna oseba
KIA EV3,KIA,,,,Avtomatski,204,34279,Pravna oseba
SsangYong Tivoli,SsangYong,,,Bencin,Ročni,163,21999,Pravna oseba
SsangYong Musso,SsangYong,,,Dizel,Avtomatski,201,39999,Pravna oseba
SsangYong Korando,SsangYong,,,Bencin,Ročni,163,21999,Pravna oseba
KIA EV3,KIA,,,,Avtomatski,204,34279,Pravna oseba
SsangYong Musso,SsangYong,,,Dizel,Avtomatski,201,39999,Pravna oseba
KIA EV6,KIA,,,,Avtomatski,228,44999,Pravna oseba
KIA EV3,KIA,,,,Avtomatski,204,Cena po dogovoru,Pravna oseba
KIA EV3,KIA,,,,Avtomatski,204,Cena po dogovoru,Pravna oseba
SsangYong Tivoli,SsangYong,,,Bencin,Avtomatski,163,23499,Pravna oseba
SsangYong Musso,SsangYong,,,Dizel,Avtomatski,201,39999,Pravna oseba
SsangYong Torres,SsangYong,,,Bencin,Avtomatski,163,Cena po dogovoru,Pravna oseba
SsangYong Rexton,SsangYong,,,Dizel,Avtomatski,201,41999,Pravna oseba
KIA EV9,KIA,,,,Avtomatski,385,89999,Pravna oseba
KIA EV9,KIA,,,,Avtomatski,515,83999,Pravna oseba
KIA EV9,KIA,,,,Avtomatski,515,Cena po dogovoru,Pravna oseba
Dodge Challenger,Dodge,2020,68800,Bencin,Ročni,390,38500,Fizična oseba
Renault Captur,Renault,2023,77600,Bencin,Ročni,91,Cena po dogovoru,Pravna oseba
KIA Sportage,KIA,2020,26350,Bencin,Ročni,132,16990,Fizična oseba
Renault 5 E-tech,Renault,,,,Avtomatski,500,Cena po dogovoru,Pravna oseba
Audi A6,Audi,2021,233000,Dizel,Avtomatski,344,38888,Fizična oseba
Volkswagen Golf,Volkswagen,2017,249590,Dizel,Avtomatski,150,9200,Fizična oseba
Mercedes-Benz M-Razred,Mercedes-Benz,2001,229878,Bencin,Avtomatski,218,8200,Fizična oseba
Volkswagen Touran,Volkswagen,2017,239000,Dizel,Avtomatski,150,13850,Pravna oseba
Volvo XC40,Volvo,2026,5000,Bencin,Avtomatski,163,38499,Pravna oseba
Seat Tarraco,Seat,2021,140883,Bencin,Avtomatski,150,22444,Pravna oseba
Volvo XC40,Volvo,2026,16501,Bencin,Avtomatski,163,32900,Pravna oseba
Volvo XC90,Volvo,2026,9000,Bencin,Avtomatski,250,78990,Pravna oseba
Porsche Macan,Porsche,2021,24000,Bencin,Avtomatski,354,54980,Pravna oseba
Ford Kuga,Ford,2024,54998,Bencin,Avtomatski,186,22999,Pravna oseba
Ford Ranger,Ford,,24843,Dizel,Avtomatski,241,52990,Pravna oseba
Volvo XC40,Volvo,2026,7333,Bencin,Avtomatski,163,37900,Pravna oseba
Volvo XC40,Volvo,2026,10000,Bencin,Avtomatski,163,39999,Pravna oseba
Volvo XC60,Volvo,2024,22444,Hibrid,Avtomatski,455,65990,Pravna oseba
Škoda Octavia,Škoda,2023,94123,Dizel,Avtomatski,116,20784,Pravna oseba
Volvo V60,Volvo,2021,105401,Dizel,Avtomatski,197,23499,Pravna oseba
Volvo XC40,Volvo,2026,10000,Bencin,Avtomatski,163,33990,Pravna oseba
Peugeot 208,Peugeot,2020,70000,Bencin,Ročni,101,12290,Fizična oseba
Volkswagen Tiguan,Volkswagen,2022,96712,Dizel,Avtomatski,150,24482,Pravna oseba
Volvo XC40,Volvo,2026,10000,Bencin,Avtomatski,163,33990,Pravna oseba
Volvo XC40,Volvo,2026,10000,Bencin,Avtomatski,163,33990,Pravna oseba
Nissan Juke,Nissan,2024,36864,Hibrid,Avtomatski,94,20999,Pravna oseba
Volvo XC40,Volvo,,,Bencin,Avtomatski,163,38651,Pravna oseba
Peugeot 3008,Peugeot,2022,83881,Dizel,Avtomatski,131,19382,Pravna oseba
Volvo XC40,Volvo,,,Bencin,Avtomatski,163,40195,Pravna oseba
Volvo XC40,Volvo,,,Bencin,Avtomatski,163,38972,Pravna oseba
Ford Capri,Ford,,28293,,Avtomatski,,38990,Pravna oseba
Volvo XC40,Volvo,,,Bencin,Avtomatski,163,38105,Pravna oseba
Volvo XC40,Volvo,,,Bencin,Avtomatski,163,38650,Pravna oseba
Volvo XC60,Volvo,,,Bencin,Avtomatski,250,47990,Pravna oseba
Volvo XC40,Volvo,,,Bencin,Avtomatski,163,37900,Pravna oseba
Volvo XC40,Volvo,,,Bencin,Avtomatski,163,37999,Pravna oseba
Volvo XC40,Volvo,,,Bencin,Avtomatski,163,40231,Pravna oseba
Volvo XC40,Volvo,,,Bencin,Avtomatski,163,35990,Pravna oseba
Audi Q7,Audi,2018,156000,Dizel,Ročni,272,,Pravna oseba
Volvo V60,Volvo,2017,232500,Dizel,Ročni,120,6490,Pravna oseba
Ford S-MAX,Ford,2016,270624,Dizel,Avtomatski,179,7490,Pravna oseba
Škoda Kodiaq,Škoda,2024,59939,Dizel,Avtomatski,193,34990,Pravna oseba
DS DS 9,DS,2024,106,Hibrid,Avtomatski,364,44990,Pravna oseba
KIA Sportage,KIA,2022,95076,Bencin,Ročni,150,21222,Pravna oseba
Škoda Octavia,Škoda,2015,404709,Dizel,Avtomatski,150,5999,Pravna oseba
KG Mobility Tivoli,KG,,,Bencin,Ročni,163,16,Fizična oseba
Peugeot 2008,Peugeot,2025,30005,Bencin,Avtomatski,136,20500,Pravna oseba
Peugeot 2008,Peugeot,2025,28392,Bencin,Ročni,101,17490,Pravna oseba
Peugeot 2008,Peugeot,2024,27550,Bencin,Ročni,101,16990,Pravna oseba
Ford Tourneo Courier,Ford,,5870,Bencin,Ročni,125,20990,Pravna oseba
Peugeot 2008,Peugeot,2022,75099,Bencin,Avtomatski,131,14800,Pravna oseba
Hyundai i30,Hyundai,2017,122200,Bencin,Ročni,275,18500,Fizična oseba
Hyundai Kona,Hyundai,2018,92971,Bencin,Ročni,120,11690,Pravna oseba
Ford Mondeo,Ford,2020,198000,Dizel,Avtomatski,190,13990,Fizična oseba
Škoda Octavia,Škoda,2017,186000,Dizel,Ročni,116,9850,Pravna oseba
BMW X3,BMW,2022,86433,Dizel,Avtomatski,190,39990,Pravna oseba
Mitsubishi Grandis,Mitsubishi,,,Bencin,Avtomatski,140,,Pravna oseba
Audi A6 Avant,Audi,2019,249000,Dizel,Avtomatski,204,19850,Pravna oseba
BMW Serija 2,BMW,2025,18806,Dizel,Avtomatski,190,49780,Pravna oseba
Mitsubishi Grandis,Mitsubishi,,,Bencin,Avtomatski,140,,Pravna oseba
Mitsubishi Grandis,Mitsubishi,,,Bencin,Avtomatski,140,30540,Pravna oseba
BMW Serija 5,BMW,2023,66516,Bencin,Avtomatski,184,29680,Pravna oseba
Peugeot 2008,Peugeot,2023,37000,Bencin,Ročni,101,,Pravna oseba
Volkswagen Caddy,Volkswagen,2013,279230,Dizel,Ročni,102,7850,Pravna oseba
Jeep Avenger,Jeep,2025,750,Bencin,Ročni,101,18499,Pravna oseba
Audi A3,Audi,2021,142329,Hibrid,Avtomatski,150,20999,Pravna oseba
Volkswagen Passat,Volkswagen,2016,275000,Dizel,Ročni,150,9000,Fizična oseba
Renault Clio,Renault,2020,66558,Bencin,Ročni,101,12350,Pravna oseba
BMW X7,BMW,2019,192064,Dizel,Avtomatski,265,44990,Pravna oseba
Mercedes-Benz Vito,Mercedes-Benz,2011,298500,Dizel,Avtomatski,163,8990,Pravna oseba
Seat Ateca,Seat,2019,99864,Dizel,Ročni,150,16499,Pravna oseba
Mercedes-Benz B-Razred,Mercedes-Benz,2016,199000,Dizel,Avtomatski,136,10950,Pravna oseba
Hyundai Tucson,Hyundai,2023,74000,Hibrid,Avtomatski,179,25990,Pravna oseba
Hyundai Tucson,Hyundai,2021,106000,Bencin,Avtomatski,150,22990,Pravna oseba
Hyundai i30 Fastback,Hyundai,2019,59000,Bencin,Ročni,275,23900,Pravna oseba
Mitsubishi Grandis,Mitsubishi,,,Bencin,Avtomatski,140,28140,Pravna oseba
Mercedes-Benz C-Razred,Mercedes-Benz,2022,128992,Dizel,Avtomatski,163,26990,Pravna oseba
BMW Serija 3,BMW,2016,153000,Dizel,Avtomatski,150,,Pravna oseba
Hyundai Ioniq 6,Hyundai,,,,Avtomatski,228,48760,Pravna oseba
Hyundai Ioniq 5,Hyundai,,,,Avtomatski,228,44990,Pravna oseba
Škoda Superb,Škoda,2019,140000,Dizel,Avtomatski,190,,Pravna oseba
Hyundai Tucson,Hyundai,,,Bencin,Avtomatski,150,37140,Pravna oseba
Volvo XC90,Volvo,2020,59000,Dizel,Avtomatski,235,39990,Pravna oseba
Hyundai Kona,Hyundai,,,Hibrid,Avtomatski,105,32030,Pravna oseba
Hyundai i30 Wagon,Hyundai,,,Bencin,Avtomatski,150,28200,Pravna oseba
Xpeng G6,Xpeng,,,,Avtomatski,292,50050,Pravna oseba
Xpeng G6,Xpeng,,,,Avtomatski,296,49500,Pravna oseba
Xpeng G9,Xpeng,,,,Avtomatski,351,58900,Pravna oseba
Audi Q2,Audi,2022,131400,Dizel,Ročni,116,21490,Pravna oseba
BMW X3,BMW,2023,124000,Dizel,Avtomatski,150,30590,Pravna oseba
Volvo S60,Volvo,2020,48737,Bencin,Avtomatski,190,23444,Pravna oseba
KIA XCeed,KIA,2026,5000,Bencin,Avtomatski,150,25699,Pravna oseba
Audi A4,Audi,2022,125800,Dizel,Avtomatski,163,19990,Pravna oseba
Changan Deepal S05,Changan,,,,Avtomatski,272,,Pravna oseba
KIA Sportage,KIA,2026,5000,Bencin,Avtomatski,150,30799,Pravna oseba
Changan Deepal S05,Changan,,,,Avtomatski,272,,Pravna oseba
Changan Deepal S05,Changan,,,,Avtomatski,272,,Pravna oseba
Changan Deepal S05,Changan,,,,Avtomatski,272,,Pravna oseba
Citroën C3 Aircross,Citroën,2023,63000,Bencin,Ročni,110,13590,Pravna oseba
Ford Ecosport,Ford,2022,165000,Bencin,Ročni,101,,Pravna oseba
Ford Tourneo,Ford,2025,26000,Dizel,Ročni,99,,Pravna oseba
Hyundai Bayon,Hyundai,2025,20017,Bencin,Ročni,79,15990,Pravna oseba
Hyundai i20,Hyundai,2025,8053,Bencin,Ročni,101,17590,Pravna oseba
Hyundai Kona,Hyundai,2021,238000,Bencin,Ročni,120,9990,Pravna oseba
Hyundai Tucson,Hyundai,2019,130000,Bencin,Ročni,132,14590,Pravna oseba
Land Rover Defender,Land,1971,123,Dizel,Ročni,60,8000,Fizična oseba
Volvo XC40,Volvo,2025,5188,Bencin,Avtomatski,197,41990,Pravna oseba
Audi A4 Avant,Audi,2012,199055,Dizel,Ročni,120,8650,Pravna oseba
Renault Kadjar,Renault,2016,190000,Dizel,Ročni,110,9900,Fizična oseba
Renault Captur,Renault,2017,113500,Bencin,Ročni,90,8500,Fizična oseba
Mercedes-Benz CLS-Razred,Mercedes-Benz,2020,94000,Dizel,Avtomatski,194,38900,Pravna oseba
Hyundai Kona,Hyundai,2020,89143,,Ročni,204,19999,Pravna oseba
Volvo XC40,Volvo,,,Bencin,Avtomatski,163,38667,Pravna oseba
Peugeot 3008,Peugeot,2022,83881,Dizel,Avtomatski,131,18999,Pravna oseba
Volvo XC40,Volvo,,,Bencin,Avtomatski,163,38665,Pravna oseba
Ford Fiesta,Ford,2017,76379,Bencin,Ročni,101,7499,Pravna oseba
Volvo XC90,Volvo,,,Bencin,Avtomatski,250,73147,Pravna oseba
Hyundai i20,Hyundai,2015,38000,Bencin,Ročni,101,10000,Fizična oseba
Volvo XC90,Volvo,,,Bencin,Avtomatski,250,88573,Pravna oseba
KIA Sportage,KIA,,,Bencin,Avtomatski,160,30999,Pravna oseba
Volvo XC90,Volvo,,,Hibrid,Avtomatski,455,89990,Pravna oseba
Volvo XC40,Volvo,,,Bencin,Avtomatski,163,37598,Pravna oseba
Volvo XC60,Volvo,2021,137838,Dizel,Avtomatski,197,28499,Pravna oseba
Mercedes-Benz GLE-Razred,Mercedes-Benz,2016,229300,Dizel,Avtomatski,204,,Pravna oseba
Volkswagen Tiguan,Volkswagen,2018,124256,Bencin,Ročni,150,,Pravna oseba
Ford Fiesta,Ford,2016,97811,Bencin,Ročni,82,,Pravna oseba
Seat Tarraco,Seat,2020,124154,Dizel,Ročni,150,,Pravna oseba
Hyundai H-1,Hyundai,2016,129371,Dizel,Ročni,136,,Pravna oseba
Citroën DS5,Citroën,2017,222031,Dizel,Ročni,120,,Pravna oseba
Citroën C4 Cactus,Citroën,2017,120908,Bencin,Ročni,110,,Pravna oseba
Mercedes-Benz C-Razred,Mercedes-Benz,2015,194416,Dizel,Ročni,136,,Pravna oseba
BMW Serija 4,BMW,2022,122594,Dizel,Avtomatski,190,,Pravna oseba
Mercedes-Benz GLC-Razred,Mercedes-Benz,2018,194420,Dizel,Avtomatski,170,20998,Pravna oseba
Seat Leon,Seat,2015,225257,Dizel,Ročni,105,,Pravna oseba
Audi A4,Audi,2014,201766,Dizel,Ročni,150,,Pravna oseba
Opel Mokka,Opel,2015,172745,Bencin,Ročni,140,,Pravna oseba
Renault Talisman,Renault,2016,240220,Dizel,Avtomatski,160,,Pravna oseba
Seat Alhambra,Seat,2013,213142,Dizel,Avtomatski,140,,Pravna oseba
Seat Altea,Seat,2011,95013,Dizel,Ročni,105,,Pravna oseba
Škoda Superb,Škoda,2017,271608,Dizel,Ročni,150,,Pravna oseba
KIA Sportage,KIA,2016,126516,Dizel,Avtomatski,136,,Pravna oseba
Audi A4,Audi,2014,305416,Dizel,Ročni,150,,Pravna oseba
Audi Q8,Audi,2024,19800,Dizel,Avtomatski,286,,Pravna oseba
Ford E-Transit Custom,Ford,2018,263128,Dizel,Ročni,131,,Pravna oseba
Volvo V40 Cross Country,Volvo,2017,140461,Dizel,Avtomatski,120,,Pravna oseba
Hyundai i10,Hyundai,2018,118817,Bencin,Ročni,87,,Pravna oseba
KIA Rio,KIA,2016,114653,Bencin,Ročni,84,,Pravna oseba
Hyundai ix35,Hyundai,2013,121735,Dizel,Ročni,136,9498,Pravna oseba
KIA Sportage,KIA,2012,228452,Dizel,Ročni,116,7498,Pravna oseba
Audi A6,Audi,2019,181000,Dizel,Avtomatski,286,,Pravna oseba
KIA Sportage,KIA,2012,153939,Dizel,Ročni,116,,Pravna oseba
Jaguar XF,Jaguar,2020,66507,Dizel,Avtomatski,179,,Pravna oseba
Volvo V90,Volvo,2018,210792,Dizel,Avtomatski,150,,Pravna oseba
Peugeot 5008,Peugeot,2019,217690,Dizel,Avtomatski,131,,Pravna oseba
Volkswagen Transporter,Volkswagen,2017,165522,Dizel,Ročni,150,,Pravna oseba
Volkswagen T-Roc,Volkswagen,2019,109000,Bencin,Avtomatski,150,,Pravna oseba
Škoda Octavia,Škoda,2014,276189,Bencin,Ročni,105,,Pravna oseba
Volkswagen Touran,Volkswagen,2010,201037,Bencin,Ročni,105,,Pravna oseba
KIA Pro_Ceed,KIA,2015,97888,Bencin,Ročni,99,,Pravna oseba
Volvo XC60,Volvo,2021,198901,Dizel,Avtomatski,197,24890,Pravna oseba
Volvo XC40,Volvo,2019,152000,Bencin,Ročni,163,,Pravna oseba
Volvo XC60,Volvo,2014,165246,Bencin,Avtomatski,245,,Pravna oseba
Volkswagen Golf,Volkswagen,2009,187773,Bencin,Avtomatski,160,,Pravna oseba
BMW Serija 2,BMW,2020,175677,Dizel,Avtomatski,116,,Pravna oseba
Škoda Octavia,Škoda,2014,254272,Dizel,Ročni,184,,Pravna oseba
Volvo XC40,Volvo,2019,146495,Dizel,Avtomatski,150,,Pravna oseba
Peugeot 5008,Peugeot,2018,158383,Dizel,Ročni,131,,Pravna oseba
Volvo XC60,Volvo,2016,275455,Dizel,Avtomatski,190,,Pravna oseba
Mazda CX-5,Mazda,2018,143587,Dizel,Avtomatski,150,,Pravna oseba
BMW Serija 5,BMW,2018,169942,Dizel,Avtomatski,190,,Pravna oseba
BMW Serija 5,BMW,2017,220502,Dizel,Avtomatski,190,,Pravna oseba
Land Rover Range Rover Velar,Land,2023,53926,Dizel,Avtomatski,204,,Pravna oseba
Audi Q7,Audi,2014,278429,Dizel,Avtomatski,245,14998,Pravna oseba
Opel Crossland X,Opel,2021,191122,Bencin,Ročni,110,,Pravna oseba
Audi Q5,Audi,2013,290808,Dizel,Avtomatski,177,,Pravna oseba
BMW Serija 4,BMW,2016,176454,Dizel,Avtomatski,190,,Pravna oseba
Ford Tourneo Connect,Ford,2017,188920,Dizel,Ročni,101,,Pravna oseba
Fiat Tipo,Fiat,2020,108866,Bencin,Ročni,95,,Pravna oseba
Ford Focus,Ford,2018,166476,Bencin,Ročni,125,,Pravna oseba
Honda Civic,Honda,2012,129000,Bencin,Ročni,101,7998,Pravna oseba
Volvo V60 Cross Country,Volvo,2023,151158,Dizel,Avtomatski,197,28950,Pravna oseba
Volkswagen Touran,Volkswagen,2016,249333,Dizel,Ročni,150,11890,Pravna oseba
Fiat 500X,Fiat,2023,31496,Bencin,Ročni,120,16790,Pravna oseba
Volvo XC90,Volvo,,,Hibrid,Avtomatski,455,99724,Pravna oseba
Hyundai Tucson,Hyundai,2023,185378,Dizel,Avtomatski,136,Cena po dogovoru,Pravna oseba
Ford Focus,Ford,2023,115636,Bencin,Ročni,125,Cena po dogovoru,Pravna oseba
Volkswagen Caddy,Volkswagen,2022,173339,Dizel,Avtomatski,122,Cena po dogovoru,Pravna oseba
Volkswagen Golf,Volkswagen,2024,62260,Dizel,Avtomatski,150,Cena po dogovoru,Pravna oseba
Mercedes-Benz V-Razred,Mercedes-Benz,2021,129569,Dizel,Avtomatski,237,55890,Pravna oseba
Škoda Kodiaq,Škoda,2021,109538,Dizel,Avtomatski,150,29999,Pravna oseba
Audi A4,Audi,2021,150074,Dizel,Avtomatski,136,20490,Pravna oseba
Seat Ateca,Seat,2021,93774,Dizel,Ročni,150,19990,Pravna oseba
Opel Zafira,Opel,2020,150048,Dizel,Avtomatski,177,Cena po dogovoru,Pravna oseba
Audi A4,Audi,2023,165167,Dizel,Avtomatski,204,Cena po dogovoru,Pravna oseba
Opel Astra,Opel,2023,131041,Dizel,Avtomatski,131,Cena po dogovoru,Pravna oseba
Opel Astra,Opel,2024,133741,Dizel,Avtomatski,131,17660,Pravna oseba
Citroën DS5,Citroën,2013,229490,Dizel,Avtomatski,200,6690,Pravna oseba
Audi Q5,Audi,2017,134358,Dizel,Ročni,150,17880,Pravna oseba
Volkswagen Golf,Volkswagen,2017,253022,Dizel,Avtomatski,116,Cena po dogovoru,Pravna oseba
DS DS 4,DS,2024,41006,Bencin,Avtomatski,131,21880,Pravna oseba
Honda HR-V,Honda,2026,500,Hibrid,Avtomatski,107,31790,Pravna oseba
BMW Serija 3,BMW,2017,275626,Dizel,Avtomatski,150,9880,Pravna oseba
Mercedes-Benz C-Razred,Mercedes-Benz,2020,210065,Dizel,Avtomatski,194,20990,Pravna oseba
Volkswagen Golf,Volkswagen,2022,84591,Dizel,Ročni,116,17990,Pravna oseba
Ford Focus,Ford,2020,133303,Dizel,Ročni,190,20990,Pravna oseba
BMW X1,BMW,2017,214254,Dizel,Ročni,150,10990,Pravna oseba
Hyundai Staria,Hyundai,2022,102996,Dizel,Avtomatski,177,39990,Pravna oseba
BMW Serija 3,BMW,2022,174789,Dizel,Avtomatski,190,21880,Pravna oseba
Volkswagen Multivan,Volkswagen,2023,161546,Dizel,Avtomatski,150,Cena po dogovoru,Pravna oseba
Audi A7,Audi,2023,137481,Hibrid,Avtomatski,367,46660,Pravna oseba
Volkswagen Passat,Volkswagen,2015,356857,Dizel,Ročni,120,6490,Pravna oseba
Volvo V60 Cross Country,Volvo,2022,87650,Dizel,Avtomatski,197,,Pravna oseba
BMW X1,BMW,2018,150634,Dizel,Ročni,150,15990,Pravna oseba
Mercedes-Benz Vito,Mercedes-Benz,2020,266272,Dizel,Avtomatski,163,25608,Pravna oseba
BMW Serija 3,BMW,2023,164828,Dizel,Avtomatski,150,Cena po dogovoru,Pravna oseba
Audi Q5,Audi,2021,169233,Dizel,Avtomatski,286,Cena po dogovoru,Pravna oseba
Volkswagen Caddy,Volkswagen,2022,164137,Dizel,Ročni,102,Cena po dogovoru,Pravna oseba
Renault Kangoo,Renault,2024,36115,Dizel,Avtomatski,116,Cena po dogovoru,Pravna oseba
Volkswagen Golf,Volkswagen,2022,48088,Dizel,Avtomatski,150,Cena po dogovoru,Pravna oseba
Ford S-MAX,Ford,2022,163462,Dizel,Ročni,150,Cena po dogovoru,Pravna oseba
SsangYong Korando,SsangYong,,,Bencin,Avtomatski,163,26799,Pravna oseba
Volvo XC60,Volvo,,,Bencin,Avtomatski,250,54990,Pravna oseba
KIA Sportage,KIA,,,Bencin,Avtomatski,179,41599,Pravna oseba
KIA Stonic,KIA,,,Bencin,Avtomatski,101,23349,Pravna oseba
Hyundai Kona,Hyundai,,,Bencin,Ročni,137,,Pravna oseba
Hyundai Tucson,Hyundai,,,Bencin,Avtomatski,150,,Pravna oseba
KIA Niro,KIA,,,,Avtomatski,204,32499,Pravna oseba
Volkswagen Golf,Volkswagen,2008,299893,Dizel,Ročni,90,2990,Pravna oseba
Renault Mégane,Renault,2016,194629,Bencin,Ročni,132,8690,Pravna oseba
Opel Corsa,Opel,2011,184849,Bencin,Ročni,211,6990,Pravna oseba
Ford Focus,Ford,2018,144142,Bencin,Avtomatski,125,8990,Pravna oseba
Volvo XC90,Volvo,2015,299897,Dizel,Avtomatski,224,18490,Pravna oseba
Audi Q8,Audi,2023,6185,Hibrid,Avtomatski,340,89980,Pravna oseba
Alfa Romeo Stelvio,Alfa,2019,177424,Dizel,Avtomatski,190,17890,Pravna oseba
Audi A6,Audi,2019,254430,Dizel,Avtomatski,204,20990,Pravna oseba
BMW Serija 7,BMW,2021,135912,Dizel,Avtomatski,340,57970,Pravna oseba
Volkswagen Golf,Volkswagen,2010,1,Dizel,Ročni,105,3990,Pravna oseba
Renault Koleos,Renault,2018,99987,Dizel,Avtomatski,177,17990,Pravna oseba
Audi A4,Audi,2015,326180,Dizel,Avtomatski,190,9990,Pravna oseba
Volvo V60,Volvo,2015,197680,Dizel,Avtomatski,150,7990,Pravna oseba
KIA Sportage,KIA,2017,225182,Dizel,Avtomatski,185,11790,Pravna oseba
Toyota Aygo,Toyota,2018,121946,Bencin,Ročni,69,6790,Pravna oseba
Peugeot 3008,Peugeot,2019,185256,Dizel,Avtomatski,131,11990,Pravna oseba
Škoda Octavia,Škoda,2018,179896,Dizel,Avtomatski,184,15690,Pravna oseba
Mercedes-Benz E-Razred,Mercedes-Benz,2010,243921,Dizel,Ročni,204,8490,Pravna oseba
Hyundai Tucson,Hyundai,2018,231423,Dizel,Avtomatski,141,10990,Pravna oseba
Jeep Grand Cherokee,Jeep,2016,189872,Dizel,Avtomatski,250,13990,Pravna oseba
Volvo XC60,Volvo,2014,279384,Dizel,Ročni,181,9990,Pravna oseba
BMW X3,BMW,2019,155534,Dizel,Avtomatski,190,26990,Pravna oseba
Toyota Auris,Toyota,2013,272787,Bencin,Ročni,132,5750,Pravna oseba
Citroën C4,Citroën,2015,172065,Dizel,Avtomatski,150,7990,Pravna oseba
Volkswagen Touran,Volkswagen,2016,366795,Dizel,Avtomatski,150,9490,Pravna oseba
Audi Q5,Audi,2009,338792,Dizel,Avtomatski,239,9990,Pravna oseba
BMW X5,BMW,2019,113220,Dizel,Avtomatski,265,43990,Pravna oseba
Audi Q7,Audi,2020,139077,Dizel,Avtomatski,286,52990,Pravna oseba
BMW X1,BMW,2015,250294,Dizel,Avtomatski,190,12690,Pravna oseba
Citroën Berlingo,Citroën,2019,219209,Dizel,Ročni,102,9990,Pravna oseba
Audi A5,Audi,2012,259060,Dizel,Ročni,177,10990,Pravna oseba
BMW Serija 5,BMW,2017,188692,Dizel,Avtomatski,190,24790,Pravna oseba
Mercedes-Benz S-Razred,Mercedes-Benz,2016,224872,Hibrid,Avtomatski,333,29990,Pravna oseba
Opel Insignia,Opel,2016,205419,Dizel,Ročni,170,5950,Pravna oseba
Citroën C3,Citroën,2015,273602,Bencin,Ročni,110,2790,Pravna oseba
Audi A3,Audi,2017,109762,Dizel,Ročni,116,13990,Pravna oseba
Mercedes-Benz E-Razred,Mercedes-Benz,2014,254877,Dizel,Avtomatski,136,10990,Pravna oseba
Volvo V60,Volvo,2019,146285,Bencin,Avtomatski,250,23990,Pravna oseba
Škoda Fabia,Škoda,2012,159945,Bencin,Ročni,86,4990,Pravna oseba
Ford Mondeo,Ford,2018,262253,Dizel,Avtomatski,150,7490,Pravna oseba
Volvo V60,Volvo,2014,265551,Hibrid,Avtomatski,288,12590,Pravna oseba
Ford Mondeo,Ford,2014,198626,Dizel,Ročni,116,6990,Pravna oseba
Audi RS4,Audi,2018,156516,Bencin,Avtomatski,450,36590,Pravna oseba
Volkswagen Passat,Volkswagen,2015,298983,Dizel,Avtomatski,150,8980,Pravna oseba
Fiat 500,Fiat,2017,69838,Bencin,Ročni,105,8590,Pravna oseba
Mercedes-Benz GLE-Razred,Mercedes-Benz,2019,64469,Dizel,Avtomatski,245,52750,Pravna oseba
Seat Ibiza,Seat,2016,279027,Dizel,Ročni,90,4490,Pravna oseba
Volkswagen Touran,Volkswagen,2015,199873,Dizel,Avtomatski,105,5950,Pravna oseba
Peugeot 508,Peugeot,2013,234084,Dizel,Ročni,163,5550,Pravna oseba
Renault Twingo,Renault,2021,80014,Bencin,Ročni,65,8590,Pravna oseba
Citroën C3,Citroën,2025,28150,Bencin,Ročni,101,13990,Pravna oseba
Škoda Octavia,Škoda,2018,206172,Dizel,Avtomatski,184,13490,Pravna oseba
Ford S-MAX,Ford,2016,222883,Dizel,Avtomatski,179,8490,Pravna oseba
Audi A6,Audi,2010,398983,Dizel,Ročni,239,5950,Pravna oseba
Mercedes-Benz V-Razred,Mercedes-Benz,2020,270762,Dizel,Avtomatski,163,34190,Pravna oseba
Mercedes-Benz GLA-Razred,Mercedes-Benz,2016,228793,Dizel,Ročni,136,14750,Pravna oseba
Audi A4,Audi,2016,189972,Dizel,Avtomatski,190,13990,Pravna oseba
Audi A5,Audi,2012,232111,Bencin,Ročni,170,10990,Pravna oseba
Fiat 500,Fiat,2018,151244,Bencin,Ročni,69,6990,Pravna oseba
BMW X5,BMW,2014,288673,Dizel,Avtomatski,258,15950,Pravna oseba
Hyundai i30 Wagon,Hyundai,2013,363030,Dizel,Ročni,128,4490,Pravna oseba
Volkswagen Touran,Volkswagen,2012,366112,Dizel,Avtomatski,140,4990,Pravna oseba
BMW X1,BMW,2011,186841,Dizel,Ročni,143,8990,Pravna oseba
BMW X4,BMW,2017,278122,Dizel,Avtomatski,258,15990,Pravna oseba
Volkswagen Passat,Volkswagen,2011,289963,Dizel,Ročni,140,6390,Pravna oseba
Mercedes-Benz A-Razred,Mercedes-Benz,2014,220315,Bencin,Avtomatski,360,17990,Pravna oseba
Toyota Yaris Cross,Toyota,,,Hibrid,Avtomatski,116,24600,Pravna oseba
Volvo XC40,Volvo,2026,5000,Bencin,Avtomatski,163,39999,Pravna oseba
Toyota bZ4x,Toyota,,,,Avtomatski,224,44290,Pravna oseba
Toyota bZ4x,Toyota,,,,Avtomatski,224,44890,Pravna oseba
Renault Mégane Conquest,Renault,2022,90000,Bencin,Avtomatski,158,18900,Pravna oseba
Dacia Duster,Dacia,2021,137000,Dizel,Ročni,114,14900,Pravna oseba
Dacia Bigster,Dacia,2026,3500,Hibrid,Avtomatski,109,27550,Pravna oseba
Renault Captur,Renault,2026,2500,Bencin,Ročni,140,20990,Pravna oseba
Renault Austral,Renault,,,Bencin,Avtomatski,148,32990,Pravna oseba
Renault Twingo,Renault,,,,Avtomatski,82,18900,Pravna oseba
Renault Mégane,Renault,2017,165991,Bencin,Ročni,132,7500,Pravna oseba
Renault Mégane,Renault,2022,142727,Dizel,Ročni,116,11250,Pravna oseba
Dacia Sandero,Dacia,,,Plin,Avtomatski,122,19900,Pravna oseba
Volkswagen Passat,Volkswagen,2016,280974,Dizel,Ročni,150,,Pravna oseba
Dacia Duster,Dacia,,,Plin,Avtomatski,154,25250,Pravna oseba
Toyota Yaris,Toyota,,,Hibrid,Avtomatski,116,Cena po dogovoru,Pravna oseba
Toyota Corolla Cross,Toyota,,,Hibrid,Avtomatski,179,Cena po dogovoru,Pravna oseba
MG MG HS,MG,,,Bencin,Avtomatski,170,24790,Pravna oseba
Renault Austral,Renault,2025,3900,Bencin,Avtomatski,160,28450,Pravna oseba
MG MG HS,MG,,,Bencin,Avtomatski,170,26490,Pravna oseba
MG MG ZS,MG,,,Bencin,Ročni,116,16990,Pravna oseba
Renault Clio,Renault,,,Bencin,Ročni,114,19250,Pravna oseba
Toyota Corolla Cross,Toyota,,,Hibrid,Avtomatski,140,32150,Pravna oseba
Renault Clio,Renault,,,Bencin,Ročni,114,Cena po dogovoru,Pravna oseba
Dacia Duster,Dacia,,,Plin,Ročni,122,21550,Pravna oseba
MG MG ZS,MG,2023,27121,Bencin,Avtomatski,111,13500,Pravna oseba
Dacia Duster,Dacia,2019,148970,Dizel,Ročni,116,10500,Pravna oseba
Renault 5 E-tech,Renault,,,,Avtomatski,150,32200,Pravna oseba
Renault Scénic,Renault,,,,Avtomatski,170,34990,Pravna oseba
Renault 4 E-tech,Renault,,,,Avtomatski,150,31990,Pravna oseba
Toyota C-HR,Toyota,,,Hibrid,Avtomatski,140,31040,Pravna oseba
Renault Captur,Renault,,,Bencin,Ročni,91,19000,Pravna oseba
Dacia Bigster,Dacia,,,Bencin,Ročni,131,27750,Pravna oseba
Renault Captur,Renault,,,Bencin,Ročni,114,21500,Pravna oseba
Dacia Sandero,Dacia,,,Bencin,Ročni,110,15990,Pravna oseba
Renault Captur,Renault,,,Bencin,Avtomatski,140,23900,Pravna oseba
Renault Symbioz,Renault,,,Bencin,Avtomatski,140,25500,Pravna oseba
Dacia Sandero,Dacia,,,Bencin,Ročni,101,14990,Pravna oseba
Renault 5 E-tech,Renault,,,,Avtomatski,122,27190,Pravna oseba
Toyota Yaris,Toyota,,,Hibrid,Avtomatski,116,18950,Pravna oseba
Renault Clio,Renault,,,Bencin,Ročni,91,16500,Pravna oseba
Toyota Yaris Cross,Toyota,,,Hibrid,Avtomatski,116,Cena po dogovoru,Pravna oseba
Toyota Proace,Toyota,,,Dizel,Ročni,131,28690,Pravna oseba
Toyota Yaris,Toyota,,,Hibrid,Avtomatski,116,Cena po dogovoru,Pravna oseba
Toyota Proace,Toyota,,,Dizel,Avtomatski,179,Cena po dogovoru,Pravna oseba
Renault Austral,Renault,,,Bencin,Avtomatski,148,32500,Pravna oseba
Renault Twingo,Renault,,,,Avtomatski,82,18880,Pravna oseba
Renault Twingo,Renault,,,,Avtomatski,82,20930,Pravna oseba
Nissan Qashqai,Nissan,,,Bencin,Ročni,140,23990,Pravna oseba
Renault Scenic E-tech,Renault,,,,Avtomatski,170,33700,Pravna oseba
Renault Captur,Renault,,,Bencin,Ročni,116,19990,Pravna oseba
Renault Captur,Renault,,,Bencin,Ročni,116,19700,Pravna oseba
Renault Captur,Renault,,,Bencin,Ročni,116,21220,Pravna oseba
Toyota GR Yaris,Toyota,,,Bencin,Avtomatski,280,Cena po dogovoru,Pravna oseba
Toyota bZ4x,Toyota,,,,Avtomatski,224,Cena po dogovoru,Pravna oseba
Toyota RAV4,Toyota,,,Hibrid,Avtomatski,178,Cena po dogovoru,Pravna oseba
Dacia Sandero,Dacia,,,Bencin,Avtomatski,122,19670,Pravna oseba
Renault Captur,Renault,,,Bencin,Avtomatski,140,24200,Pravna oseba
Renault Twingo,Renault,,,,Avtomatski,82,18590,Pravna oseba
Renault Twingo,Renault,,,,Avtomatski,82,20930,Pravna oseba
Toyota RAV4,Toyota,,,Hibrid,Avtomatski,178,Cena po dogovoru,Pravna oseba
Renault Twingo,Renault,,,,Avtomatski,82,20930,Pravna oseba
Renault Twingo,Renault,,,,Avtomatski,82,20930,Pravna oseba
Renault Twingo,Renault,,,,Avtomatski,82,20930,Pravna oseba
KIA XCeed,KIA,,,Bencin,Ročni,116,23599,Pravna oseba
Volvo XC40,Volvo,,,Bencin,Avtomatski,163,38567,Pravna oseba
KIA PV5,KIA,,,,Avtomatski,163,46899,Pravna oseba
Mazda CX-30,Mazda,2020,36259,Bencin,Avtomatski,179,22499,Pravna oseba
Renault Clio,Renault,,,Bencin,Ročni,114,Cena po dogovoru,Pravna oseba
Volvo XC60,Volvo,2023,65857,Dizel,Avtomatski,197,35399,Pravna oseba
SsangYong Korando,SsangYong,,,Bencin,Ročni,163,,Pravna oseba
Volvo XC60,Volvo,2023,80893,Bencin,Avtomatski,250,36784,Pravna oseba
Volvo XC60,Volvo,2025,20525,Bencin,Avtomatski,250,40199,Pravna oseba
BMW serija X1:,BMW,2017,199110,Dizel,Avtomatski,150,15850,Pravna oseba
KIA Sportage,KIA,2025,14392,Bencin,Avtomatski,150,37999,Pravna oseba
KIA Sportage,KIA,2025,11642,Bencin,Avtomatski,160,25999,Pravna oseba
KIA Picanto,KIA,,,Bencin,Ročni,68,14999,Pravna oseba
Volvo XC40,Volvo,2026,5000,Bencin,Avtomatski,163,35499,Pravna oseba
KIA Stonic,KIA,2026,5001,Bencin,Avtomatski,101,20899,Pravna oseba
KIA Stonic,KIA,2026,5001,Bencin,Ročni,101,19399,Pravna oseba
Volvo XC60,Volvo,,,Bencin,Avtomatski,250,53990,Pravna oseba
Volkswagen Golf,Volkswagen,2016,149000,Dizel,Ročni,110,,Pravna oseba
Mercedes-Benz C-Razred,Mercedes-Benz,2016,150000,Dizel,Avtomatski,231,,Pravna oseba
Volvo XC60,Volvo,2023,77753,Dizel,Avtomatski,197,31999,Pravna oseba
Geely StarRay,Geely,,,Bencin,Avtomatski,238,31990,Pravna oseba
Volvo XC40,Volvo,,,Bencin,Avtomatski,163,41999,Pravna oseba
Audi A4 Allroad,Audi,2020,182800,Dizel,Avtomatski,231,22990,Pravna oseba
Hyundai ix35,Hyundai,2014,149190,Dizel,Ročni,116,8990,Pravna oseba
Maserati Levante,Maserati,2019,184830,Dizel,Avtomatski,275,37990,Pravna oseba
BMW X6,BMW,2016,240940,Dizel,Avtomatski,258,22990,Pravna oseba
BMW Serija 2,BMW,2021,79580,Hibrid,Avtomatski,163,20900,Pravna oseba
BMW Serija 3,BMW,2018,183190,Bencin,Avtomatski,252,17990,Pravna oseba
Volkswagen Tiguan Allspace,Volkswagen,2020,187326,Dizel,Avtomatski,190,22900,Pravna oseba
Citroën C3,Citroën,2021,99300,Dizel,Ročni,102,8990,Pravna oseba
Ford Mustang,Ford,2022,32960,Bencin,Avtomatski,314,33500,Pravna oseba
Hyundai Ioniq,Hyundai,2020,74365,Hibrid,Avtomatski,118,16900,Pravna oseba
Hyundai i40,Hyundai,2015,208644,Dizel,Ročni,136,9500,Pravna oseba
Peugeot 2008,Peugeot,2015,142000,Bencin,Ročni,110,7390,Pravna oseba
Volkswagen Passat,Volkswagen,2017,193034,Dizel,Avtomatski,190,13990,Pravna oseba
Volkswagen T-Roc,Volkswagen,2023,134760,Dizel,Avtomatski,150,23950,Pravna oseba
Škoda Superb,Škoda,2015,252900,Dizel,Ročni,190,11490,Pravna oseba
Porsche Cayenne,Porsche,2019,144950,Bencin,Avtomatski,340,56990,Pravna oseba
Citroën C5 Aircross,Citroën,2022,79000,Hibrid,Avtomatski,224,20990,Pravna oseba
BMW Serija 1,BMW,2018,108500,Dizel,Avtomatski,150,15450,Pravna oseba
Jeep Compass,Jeep,2021,124090,Hibrid,Avtomatski,190,17900,Pravna oseba
Mercedes-Benz A-Razred,Mercedes-Benz,2014,118550,Bencin,Avtomatski,360,24990,Pravna oseba
BMW Serija 3,BMW,2019,158106,Dizel,Ročni,150,19990,Pravna oseba
Volkswagen Passat,Volkswagen,2015,304600,Dizel,Avtomatski,120,10400,Pravna oseba
Renault Captur,Renault,2017,102590,Dizel,Ročni,90,9490,Pravna oseba
Opel Insignia,Opel,2017,231620,Dizel,Ročni,170,8490,Pravna oseba
Audi A4,Audi,2019,172260,Dizel,Avtomatski,190,22990,Pravna oseba
Volvo XC40,Volvo,,,Bencin,Avtomatski,163,38999,Pravna oseba
Mercedes-Benz SLK-Razred,Mercedes-Benz,2004,294000,Bencin,Ročni,163,3800,Pravna oseba
Volvo XC40,Volvo,,,Bencin,Avtomatski,163,38490,Pravna oseba
Volkswagen Touran,Volkswagen,2022,115894,Dizel,Avtomatski,150,18980,Pravna oseba
Volvo XC40,Volvo,2020,128624,Bencin,Avtomatski,163,19799,Pravna oseba
KIA Stonic,KIA,,,Bencin,Ročni,101,18849,Pravna oseba
Volvo XC40,Volvo,,,Bencin,Avtomatski,163,35987,Pravna oseba
Volvo XC40,Volvo,2024,22643,Bencin,Avtomatski,197,35444,Pravna oseba
Mercedes-Benz C-Razred,Mercedes-Benz,2019,180000,Dizel,Avtomatski,194,16490,Pravna oseba
Volvo XC60,Volvo,2023,136100,Hibrid,Avtomatski,349,34990,Pravna oseba
Ford B-MAX,Ford,2015,153370,Bencin,Ročni,101,,Pravna oseba
MG MG4,MG,2023,33000,,Avtomatski,170,,Pravna oseba
KIA Sportage,KIA,2025,18358,Bencin,Avtomatski,179,39999,Pravna oseba
Opel Zafira,Opel,2018,110824,Bencin,Ročni,140,9799,Pravna oseba
Audi A4,Audi,2023,154000,Dizel,Avtomatski,204,26990,Pravna oseba
Volkswagen Transporter,Volkswagen,2017,173000,Dizel,Ročni,102,,Pravna oseba
Land Rover Land Rover,Land,2018,143000,Dizel,Avtomatski,300,,Pravna oseba
Audi A6,Audi,2013,349000,Dizel,Avtomatski,245,7950,Pravna oseba
Land Rover Land Rover,Land,2018,168200,Dizel,Avtomatski,258,,Pravna oseba
Ford Transit,Ford,,15106,Dizel,Ročni,131,,Pravna oseba
Ford Capri,Ford,,9400,,Avtomatski,,42900,Pravna oseba
Citroën C3,Citroën,,,Bencin,Ročni,101,21910,Pravna oseba
Citroën Berlingo,Citroën,,,Dizel,Ročni,131,28300,Pravna oseba
Volvo XC40,Volvo,,,Bencin,Avtomatski,163,38414,Pravna oseba
Volkswagen Passat,Volkswagen,2022,149800,Dizel,Avtomatski,150,17650,Pravna oseba
Volvo XC40,Volvo,2026,15000,Bencin,Avtomatski,163,33990,Pravna oseba
KIA Sportage,KIA,2026,5000,Bencin,Avtomatski,150,27799,Pravna oseba
Volvo XC40,Volvo,2026,10000,Bencin,Avtomatski,163,35999,Pravna oseba
Volvo XC40,Volvo,2026,5000,Bencin,Avtomatski,163,39999,Pravna oseba
Volvo XC60,Volvo,2026,11700,Hibrid,Avtomatski,349,63999,Pravna oseba
KIA XCeed,KIA,,,Bencin,Avtomatski,150,24799,Pravna oseba
Volvo EX60,Volvo,,,,Avtomatski,510,82561,Pravna oseba
SsangYong Rexton,SsangYong,,,Dizel,Avtomatski,201,48999,Pravna oseba
Peugeot 208,Peugeot,2024,16885,Bencin,Ročni,101,16990,Pravna oseba
Ford Tourneo Courier,Ford,2024,30552,Bencin,Avtomatski,125,20799,Pravna oseba
Škoda Octavia,Škoda,2019,119866,Dizel,Ročni,116,12222,Pravna oseba
Volkswagen T-Roc,Volkswagen,2021,106000,Dizel,Ročni,116,20900,Pravna oseba
KIA Stonic,KIA,2025,5000,Bencin,Avtomatski,101,20399,Pravna oseba
Opel Zafira,Opel,2018,110824,Bencin,Ročni,140,10999,Pravna oseba
KIA XCeed,KIA,2023,50627,Bencin,Avtomatski,159,21499,Pravna oseba
BMW Serija 3,BMW,2015,419000,Dizel,Ročni,143,,Pravna oseba
Mercedes-Benz C-Razred,Mercedes-Benz,2012,151296,Dizel,Avtomatski,170,,Pravna oseba
Peugeot 508,Peugeot,2023,79082,Dizel,Avtomatski,131,19999,Pravna oseba
KIA Sportage,KIA,,,Bencin,Ročni,160,26099,Pravna oseba
KIA Sportage,KIA,,,Bencin,Avtomatski,160,35299,Pravna oseba
Geely CityRay,Geely,,,Bencin,Avtomatski,174,24990,Pravna oseba
Volvo XC40,Volvo,,,Bencin,Avtomatski,163,39390,Pravna oseba
Geely CityRay,Geely,,,Bencin,Avtomatski,174,22990,Pravna oseba
KIA XCeed,KIA,2024,18487,Bencin,Ročni,140,21999,Pravna oseba
Volvo XC40,Volvo,2026,15000,Bencin,Avtomatski,163,33990,Pravna oseba
Volvo XC60,Volvo,,,Bencin,Avtomatski,250,53999,Pravna oseba
Peugeot 508,Peugeot,2021,102363,Bencin,Avtomatski,131,13999,Pravna oseba
Renault Captur,Renault,2013,169300,Dizel,Ročni,90,5970,Pravna oseba
Citroën Berlingo,Citroën,2024,45078,Dizel,Ročni,131,21499,Pravna oseba
Geely CoolRay,Geely,2024,27523,Bencin,Avtomatski,174,21999,Pravna oseba
Porsche Cayenne,Porsche,2024,50000,Hibrid,Avtomatski,462,Cena po dogovoru,Pravna oseba
Mazda CX-5,Mazda,2014,185000,Dizel,Ročni,150,,Pravna oseba
BMW M3 Touring,BMW,2013,336426,Dizel,Avtomatski,184,,Pravna oseba
BMW serija 5:,BMW,2014,268000,Dizel,Avtomatski,184,13950,Pravna oseba
Mercedes-Benz B-Razred,Mercedes-Benz,2022,134183,Dizel,Avtomatski,116,18880,Pravna oseba
Volkswagen Tiguan,Volkswagen,2019,249000,Dizel,Avtomatski,150,17900,Fizična oseba
Volkswagen T-Roc,Volkswagen,2020,51600,Bencin,Avtomatski,150,,Pravna oseba
Volvo S90,Volvo,2020,121654,Dizel,Avtomatski,190,21999,Pravna oseba
BMW serija 5:,BMW,2021,73582,Bencin,Avtomatski,333,39999,Pravna oseba
Hyundai Santa Fe,Hyundai,2016,154500,Dizel,Avtomatski,200,16900,Pravna oseba
Hyundai Kona,Hyundai,2018,63973,Bencin,Ročni,120,13990,Pravna oseba
Mercedes-Benz A-Razred,Mercedes-Benz,2024,38782,Bencin,Avtomatski,136,26444,Pravna oseba
BMW Serija 4,BMW,2017,207365,Dizel,Avtomatski,150,19899,Pravna oseba
BMW serija 6 Cabrio:,BMW,2011,198500,Bencin,Avtomatski,408,29880,Pravna oseba
Mitsubishi ASX,Mitsubishi,,,Bencin,Avtomatski,140,25390,Pravna oseba
Fiat 500X,Fiat,2023,68500,Bencin,Ročni,120,,Pravna oseba
DS DS 3 Crossback,DS,2022,34061,Bencin,Avtomatski,131,17890,Pravna oseba
Ford Tourneo,Ford,2025,33698,Dizel,Ročni,136,39990,Pravna oseba
Škoda Octavia,Škoda,2022,155767,Dizel,Avtomatski,116,,Pravna oseba
Peugeot 208,Peugeot,2019,107408,Bencin,Ročni,83,Cena po dogovoru,Pravna oseba
KIA EV3,KIA,2026,1,,Avtomatski,204,,Pravna oseba
BMW serija 2 Gran Coupe:,BMW,2020,143000,Bencin,Avtomatski,140,19690,Pravna oseba
Škoda Kamiq,Škoda,2024,108398,Bencin,Ročni,116,Cena po dogovoru,Pravna oseba
BMW M4,BMW,2016,150000,Bencin,Avtomatski,431,38990,Pravna oseba
BMW Serija 1,BMW,2022,95000,Bencin,Ročni,136,19990,Pravna oseba
Hyundai Kona,Hyundai,2025,2500,Bencin,Ročni,139,24990,Pravna oseba
Mercedes-Benz G-Razred,Mercedes-Benz,2002,326500,Dizel,Avtomatski,250,39980,Pravna oseba
Audi S5,Audi,2017,246200,Bencin,Avtomatski,354,26480,Pravna oseba
Renault Zoe,Renault,2020,76000,,Ročni,150,12000,Fizična oseba
BYD SEAL,BYD,,,,Avtomatski,530,50700,Pravna oseba
Citroën C4,Citroën,,,Bencin,Avtomatski,136,27530,Pravna oseba
Citroën C4,Citroën,,,Bencin,Avtomatski,136,26120,Pravna oseba
Citroën C3,Citroën,,,Bencin,Ročni,101,18360,Pravna oseba
Audi A6,Audi,2021,120000,Dizel,Avtomatski,204,31500,Fizična oseba
Škoda Kodiaq,Škoda,2023,175000,Dizel,Avtomatski,150,26950,Pravna oseba
BMW Serija 5,BMW,2022,120600,Dizel,Avtomatski,190,27990,Pravna oseba
Audi Q2,Audi,2019,100000,Dizel,Avtomatski,150,19000,Pravna oseba
Volvo XC60,Volvo,2026,5000,Bencin,Avtomatski,250,49989,Pravna oseba
Volvo XC40,Volvo,2026,5000,Bencin,Avtomatski,163,33990,Pravna oseba
Volkswagen T-Roc,Volkswagen,2019,84775,Bencin,Ročni,116,14499,Pravna oseba
Volvo XC60,Volvo,2025,15000,Hibrid,Avtomatski,310,69900,Pravna oseba
Volvo XC60,Volvo,2025,7487,Bencin,Avtomatski,250,48499,Pravna oseba
Volvo EX60,Volvo,,,,Avtomatski,680,88661,Pravna oseba
Hyundai Tucson,Hyundai,2022,71626,Bencin,Ročni,150,19799,Pravna oseba
Hyundai Kona,Hyundai,2022,59043,Bencin,Avtomatski,120,15499,Pravna oseba
Volvo XC40,Volvo,,,Bencin,Avtomatski,197,44900,Pravna oseba
Volvo XC60,Volvo,2023,71719,Dizel,Avtomatski,197,37484,Pravna oseba
Audi Q3,Audi,2021,132550,Dizel,Avtomatski,150,24999,Pravna oseba
BMW M3 Touring,BMW,2022,146000,Dizel,Avtomatski,190,22950,Pravna oseba
Volvo XC60,Volvo,2026,5000,Bencin,Avtomatski,250,51490,Pravna oseba
Volvo XC40,Volvo,2026,5000,Bencin,Avtomatski,197,41874,Pravna oseba
BMW iX,BMW,2023,48640,,Avtomatski,306,35990,Pravna oseba
BMW X1,BMW,2023,112063,Dizel,Avtomatski,150,29990,Pravna oseba
BMW Serija 5,BMW,2022,89863,Dizel,Avtomatski,190,29990,Pravna oseba
Volvo XC60,Volvo,2011,265000,Dizel,Ročni,215,9990,Pravna oseba
KIA Sportage,KIA,2022,143260,Bencin,Ročni,150,,Pravna oseba
Audi A7 Limousine,Audi,2019,191370,Dizel,Avtomatski,286,Cena po dogovoru,Pravna oseba
Volvo XC40,Volvo,,,Bencin,Avtomatski,163,39999,Pravna oseba
Volvo XC40,Volvo,,,Bencin,Avtomatski,163,39213,Pravna oseba
SsangYong Korando,SsangYong,2024,26700,Bencin,Ročni,163,20899,Pravna oseba
KIA EV6,KIA,2025,588,,Ročni,324,49990,Pravna oseba
Seat Leon,Seat,2017,183684,Dizel,Ročni,90,8850,Pravna oseba
Ford Ranger,Ford,2022,116600,Dizel,Avtomatski,209,Cena po dogovoru,Pravna oseba
Volkswagen Sharan,Volkswagen,2020,188260,Dizel,Avtomatski,177,20999,Pravna oseba
Mitsubishi Outlander,Mitsubishi,2016,175182,Dizel,Avtomatski,150,12990,Pravna oseba
Volvo XC90,Volvo,2020,83739,Bencin,Avtomatski,392,35200,Fizična oseba
Audi e-tron,Audi,2022,88200,,Avtomatski,170,,Pravna oseba
Fiat Doblo,Fiat,2022,72000,Dizel,Ročni,105,16958,Pravna oseba
Peugeot 2008,Peugeot,2022,126000,Dizel,Avtomatski,131,15700,Pravna oseba
Škoda Enyaq,Škoda,2021,110463,,Avtomatski,204,26880,Pravna oseba
Mazda CX-5,Mazda,2016,148000,Dizel,Avtomatski,150,,Pravna oseba
Citroën C5,Citroën,2010,180800,Dizel,Avtomatski,140,5350,Pravna oseba
Mercedes-Benz ML Class,Mercedes-Benz,2008,330253,Dizel,Avtomatski,224,6990,Pravna oseba
BMW Serija 3,BMW,2016,268760,Dizel,Avtomatski,258,14000,Fizična oseba
Volkswagen Touran,Volkswagen,2016,206575,Bencin,Ročni,110,10980,Pravna oseba
Fiat Panda,Fiat,2017,175243,Bencin,Ročni,69,5490,Pravna oseba
Volkswagen Sharan,Volkswagen,2017,273234,Dizel,Ročni,150,12980,Pravna oseba
Audi S3,Audi,2019,111000,Bencin,Avtomatski,400,38490,Pravna oseba
Porsche Panamera,Porsche,2019,95000,Bencin,Avtomatski,460,68850,Pravna oseba
BMW serija 3 Gran Turismo:,BMW,2017,239785,Dizel,Avtomatski,190,13750,Pravna oseba
BMW Serija 4,BMW,2021,84000,Bencin,Avtomatski,374,47000,Fizična oseba
Mercedes-Benz C-Razred,Mercedes-Benz,2023,68000,Hibrid,Avtomatski,408,46000,Fizična oseba
Land Rover Range Rover Sport,Land,2018,252136,Dizel,Avtomatski,258,25940,Pravna oseba
Audi A4,Audi,2021,150414,Bencin,Avtomatski,150,19800,Fizična oseba
KIA Ceed,KIA,,,Bencin,Ročni,120,17849,Pravna oseba
KIA Sorento,KIA,,,Dizel,Avtomatski,193,65399,Pravna oseba
Geely,Geely,,,Bencin,Avtomatski,174,32490,Pravna oseba
Zeekr 7X,Zeekr,,,,Avtomatski,646,68590,Pravna oseba
KIA Picanto,KIA,2025,15267,Bencin,Ročni,79,14999,Pravna oseba
KIA XCeed,KIA,,,Bencin,Ročni,116,21849,Pravna oseba
KIA Sportage,KIA,2025,11642,Hibrid,Avtomatski,160,35999,Pravna oseba
Geely CityRay,Geely,,,Bencin,Avtomatski,174,25990,Pravna oseba
Škoda Octavia,Škoda,2019,119866,Dizel,Ročni,116,11999,Pravna oseba
Geely CityRay,Geely,2026,5000,Bencin,Avtomatski,174,24999,Pravna oseba
Geely StarRay EM-i,Geely,,,Hibrid,Avtomatski,218,32990,Pravna oseba
Mercedes-Benz GLE-Razred,Mercedes-Benz,2019,177045,Dizel,Avtomatski,245,44990,Pravna oseba
Ford C-MAX,Ford,,88948,Bencin,Ročni,125,6990,Pravna oseba
Škoda Octavia,Škoda,2017,241020,Dizel,Avtomatski,150,9999,Pravna oseba
Ford Focus,Ford,2019,83500,Dizel,Avtomatski,150,15000,Pravna oseba
BMW X5,BMW,2019,135000,Dizel,Avtomatski,265,44900,Pravna oseba
Volkswagen T-Cross,Volkswagen,2019,116740,Bencin,Ročni,116,13990,Pravna oseba
Audi A3,Audi,2017,191027,Dizel,Avtomatski,184,17560,Pravna oseba
DS DS 9,DS,2021,77719,Hibrid,Avtomatski,224,24990,Pravna oseba
Peugeot 208,Peugeot,2022,155400,Dizel,Ročni,102,8690,Pravna oseba
Citroën C5 Aircross,Citroën,2022,76300,Dizel,Avtomatski,131,18690,Pravna oseba
Volkswagen Arteon,Volkswagen,2021,126900,Dizel,Avtomatski,200,,Pravna oseba
Audi Q5,Audi,2016,261000,Dizel,Avtomatski,190,14750,Pravna oseba
Audi Q7,Audi,2021,193254,Dizel,Avtomatski,231,42999,Pravna oseba
BMW serija 3:,BMW,2016,239475,Dizel,Ročni,150,11990,Pravna oseba
BMW M3 Touring,BMW,2025,24414,Dizel,Avtomatski,190,Cena po dogovoru,Pravna oseba
Lexus RX,Lexus,2008,268741,Hibrid,Avtomatski,211,3990,Pravna oseba
KIA Stonic,KIA,2026,5000,Bencin,Ročni,101,20299,Pravna oseba
Land Rover Defender,Land,2021,189400,Dizel,Avtomatski,300,48980,Pravna oseba
Audi A6,Audi,2016,259097,Dizel,Avtomatski,190,14980,Pravna oseba
Ford B-Max,Ford,2014,152314,Bencin,Ročni,101,4980,Pravna oseba
Mazda Mazda3,Mazda,2014,279132,Dizel,Ročni,150,6490,Pravna oseba
Mercedes-Benz ML-Razred,Mercedes-Benz,2015,214329,Dizel,Avtomatski,258,22980,Pravna oseba
Audi A8,Audi,2014,261032,Dizel,Avtomatski,250,17980,Pravna oseba
BMW serija 5:,BMW,2011,214178,Dizel,Avtomatski,258,12750,Pravna oseba
BMW serija 5 Touring:,BMW,2016,245963,Dizel,Avtomatski,218,13480,Pravna oseba
Mercedes-Benz C-Razred,Mercedes-Benz,2008,390236,Dizel,Avtomatski,170,5480,Pravna oseba
Citroën C3 Picasso,Citroën,2013,188901,Bencin,Ročni,95,3980,Pravna oseba
Volkswagen Passat,Volkswagen,2022,157617,Dizel,Avtomatski,150,17800,Fizična oseba
Mercedes-Benz B-Razred,Mercedes-Benz,2008,228431,Dizel,Avtomatski,140,3499,Pravna oseba
BYD SEAL,BYD,,,,Avtomatski,530,51800,Pravna oseba
BYD SEAL,BYD,,,,Avtomatski,530,50700,Pravna oseba
BYD SEALION 7,BYD,,,Hibrid,Avtomatski,197,30490,Pravna oseba
Audi A4 Avant,Audi,2017,237000,Dizel,Ročni,150,10950,Pravna oseba
Audi A6 Avant,Audi,2018,215229,Dizel,Avtomatski,231,22980,Pravna oseba
BMW serija X1:,BMW,2015,229416,Dizel,Ročni,184,11980,Pravna oseba
Audi A5 Sportback,Audi,2020,222434,Dizel,Avtomatski,190,23980,Pravna oseba
Volkswagen Golf Sportsvan,Volkswagen,2015,269867,Dizel,Ročni,116,6980,Pravna oseba
Audi Q5,Audi,2016,204563,Dizel,Avtomatski,190,15750,Pravna oseba
Renault Espace,Renault,2016,199063,Dizel,Avtomatski,160,,Pravna oseba
Nissan X-Trail,Nissan,2016,123152,Dizel,Ročni,131,,Pravna oseba
KIA Sorento,KIA,2019,131590,Dizel,Avtomatski,200,23990,Pravna oseba
BMW Serija 3,BMW,2020,208600,Dizel,Avtomatski,150,15890,Pravna oseba
Citroën C4,Citroën,2013,195000,Dizel,Avtomatski,116,4000,Fizična oseba
Volvo XC90,Volvo,,,Hibrid,Avtomatski,455,107999,Pravna oseba
Lamborghini Urus,Lamborghini,2021,75000,Bencin,Avtomatski,650,,Pravna oseba
Lamborghini Aventador,Lamborghini,2018,44000,Bencin,Avtomatski,740,,Pravna oseba
Porsche 911 Cabriolet,Porsche,2020,6103,Bencin,Avtomatski,385,,Pravna oseba
Mercedes-Benz GL-Razred,Mercedes-Benz,2007,192704,Bencin,Avtomatski,340,,Pravna oseba
McLaren -,McLaren,2016,18012,Bencin,Avtomatski,570,,Pravna oseba
BMW i5 Touring,BMW,,,Hibrid,Avtomatski,727,149970,Pravna oseba
Porsche Panamera,Porsche,2017,170000,Bencin,Avtomatski,549,,Pravna oseba
Mercedes-Benz CLA-Razred,Mercedes-Benz,2019,50,Dizel,Avtomatski,177,,Pravna oseba
BMW Serija 5,BMW,2017,59000,Dizel,Avtomatski,190,,Pravna oseba
BMW Serija 3,BMW,2013,211300,Dizel,Avtomatski,184,,Pravna oseba
Infiniti Q50,Infiniti,2019,60300,Dizel,Avtomatski,170,,Pravna oseba
Mercedes-Benz CLA-Razred,Mercedes-Benz,2019,50,Dizel,Avtomatski,177,,Pravna oseba
Jaguar F-Type,Jaguar,2014,1,Bencin,Avtomatski,381,,Pravna oseba
Maserati GranTurismo,Maserati,2010,98300,Bencin,Avtomatski,405,,Pravna oseba
Porsche 911 Cabriolet,Porsche,1988,143000,Bencin,Ročni,218,68990,Pravna oseba
Volvo V60,Volvo,2015,215468,Hibrid,Avtomatski,288,12540,Pravna oseba
Audi RS Q8,Audi,2023,76698,Bencin,Avtomatski,600,103900,Pravna oseba
Ford Mustang,Ford,2017,129768,Bencin,Ročni,317,23900,Pravna oseba
BMW Serija 3,BMW,2024,50451,Dizel,Avtomatski,190,46500,Pravna oseba
Mercedes-Benz GLA-Razred,Mercedes-Benz,2022,46383,Bencin,Avtomatski,136,32990,Pravna oseba
Rolls-Royce Wraith,Rolls-Royce,2016,55000,Bencin,Avtomatski,632,249399,Pravna oseba
Tesla Model S,Tesla,2015,141300,,Avtomatski,700,,Pravna oseba
Volvo XC60,Volvo,2011,34000,Dizel,Ročni,163,,Pravna oseba
Audi RS6,Audi,2008,194286,Bencin,Avtomatski,579,36900,Pravna oseba
BMW Serija 4,BMW,2023,69391,Bencin,Avtomatski,374,54480,Pravna oseba
Land Rover Range Rover Sport,Land,2019,129660,Dizel,Avtomatski,258,36990,Pravna oseba
Lamborghini Urus,Lamborghini,2021,63500,Bencin,Avtomatski,650,234999,Pravna oseba
Lamborghini Aventador,Lamborghini,2018,18323,Bencin,Avtomatski,740,369000,Pravna oseba
Audi S3,Audi,2020,74598,Bencin,Avtomatski,400,46830,Pravna oseba
Mercedes-Benz GLS-Razred,Mercedes-Benz,2017,251647,Dizel,Avtomatski,258,29650,Pravna oseba
Hyundai Staria,Hyundai,2022,34210,Dizel,Avtomatski,177,46960,Pravna oseba
Porsche 718,Porsche,2017,97195,Bencin,Avtomatski,349,64980,Pravna oseba
Lamborghini Huracan,Lamborghini,2023,6120,Bencin,Avtomatski,639,309990,Pravna oseba
Smart fortwo cabrio,Smart,2017,46770,Bencin,Ročni,109,44900,Pravna oseba
Porsche 911 Targa,Porsche,2012,66905,Bencin,Avtomatski,385,126900,Pravna oseba
Porsche 911 Targa,Porsche,2024,11829,Bencin,Avtomatski,450,183500,Pravna oseba
Bentley Continental,Bentley,2025,6600,Hibrid,Avtomatski,782,329999,Pravna oseba
Jaguar XJS,Jaguar,1993,197613,Bencin,Avtomatski,226,33990,Pravna oseba
Porsche 911 Targa,Porsche,1975,86984,Bencin,Ročni,175,89330,Pravna oseba
Volkswagen Multivan,Volkswagen,2017,239230,Dizel,Avtomatski,204,29900,Pravna oseba
Audi SQ7,Audi,2020,155600,Dizel,Avtomatski,435,57790,Pravna oseba
BMW Serija 2,BMW,2021,109209,Bencin,Ročni,109,16990,Pravna oseba
Mercedes-Benz GLA-Razred,Mercedes-Benz,2021,158035,Dizel,Avtomatski,190,29700,Pravna oseba
Porsche Panamera,Porsche,2021,127305,Hibrid,Avtomatski,560,77990,Pravna oseba
Mercedes-Benz G-Razred,Mercedes-Benz,,,Bencin,Avtomatski,585,291444,Pravna oseba
Mercedes-Benz CLA-Razred,Mercedes-Benz,2022,69136,Bencin,Avtomatski,163,35790,Pravna oseba
BMW M3,BMW,2018,125868,Bencin,Avtomatski,431,50990,Pravna oseba
Maserati MC20,Maserati,2023,5200,Bencin,Avtomatski,630,280599,Pravna oseba
BMW Serija 5,BMW,2017,163000,Bencin,Avtomatski,462,34450,Pravna oseba
Ferrari F8,Ferrari,2022,2780,Bencin,Avtomatski,721,372330,Pravna oseba
Porsche 911,Porsche,1991,104000,Bencin,Ročni,320,333964,Pravna oseba
Audi A6,Audi,,,Dizel,Avtomatski,204,87888,Pravna oseba
BMW Serija 4,BMW,2023,77903,Bencin,Avtomatski,245,43900,Pravna oseba
Volkswagen Passat,Volkswagen,2019,155766,Dizel,Avtomatski,150,16290,Pravna oseba
Audi A8,Audi,2019,213691,Dizel,Avtomatski,286,40990,Pravna oseba
Rolls-Royce Ghost,Rolls-Royce,2015,41500,Bencin,Avtomatski,571,219589,Pravna oseba
Ford Mondeo,Ford,2015,266424,Dizel,Ročni,150,7490,Pravna oseba
Mercedes-Benz GLE-Razred,Mercedes-Benz,2022,122142,Bencin,Avtomatski,367,62790,Pravna oseba
Porsche 911,Porsche,2007,67388,Bencin,Avtomatski,325,51300,Pravna oseba
Jaguar E-Type,Jaguar,1974,102500,Bencin,Avtomatski,276,86990,Pravna oseba
Chevrolet Corvette,Chevrolet,1962,30326,Bencin,Ročni,250,115000,Pravna oseba
Fiat -,Fiat,1967,56243,Bencin,Ročni,131,57600,Pravna oseba
Porsche Panamera,Porsche,2018,184950,Hibrid,Avtomatski,680,65990,Pravna oseba
Tesla Model X,Tesla,2022,159628,,Avtomatski,1020,63490,Pravna oseba
Mercedes-Benz -,Mercedes-Benz,1971,76675,Bencin,Avtomatski,200,97990,Pravna oseba
Rolls-Royce Cullinan,Rolls-Royce,2023,26027,Bencin,Avtomatski,571,374999,Pravna oseba
Mercedes-Benz GLE-Razred,Mercedes-Benz,2020,66079,Dizel,Avtomatski,330,74910,Pravna oseba
Maserati Levante,Maserati,2018,102000,Dizel,Avtomatski,275,43890,Pravna oseba
Aston Martin Vantage,Aston,2024,700,Bencin,Avtomatski,665,265000,Pravna oseba
Lamborghini Revuelto,Lamborghini,2025,2600,Hibrid,Avtomatski,1016,758718,Pravna oseba
Maserati MC20,Maserati,2021,8800,Bencin,Avtomatski,630,237900,Pravna oseba
Lamborghini Huracan,Lamborghini,2020,31000,Bencin,Avtomatski,639,335500,Pravna oseba
Mercedes-Benz SL-Razred,Mercedes-Benz,1979,180000,Bencin,Avtomatski,220,49990,Pravna oseba
Volkswagen Golf,Volkswagen,2020,122333,Dizel,Avtomatski,150,22500,Pravna oseba
Porsche 911,Porsche,,,Bencin,Avtomatski,541,218380,Pravna oseba
Ferrari 488 GTB,Ferrari,2018,18800,Bencin,Avtomatski,721,543630,Pravna oseba
Ferrari 12cilindri Spider,Ferrari,,,Bencin,Avtomatski,829,756399,Pravna oseba
Ferrari Purosangue,Ferrari,2024,200,Bencin,Avtomatski,725,768600,Pravna oseba
Lamborghini Huracan,Lamborghini,2022,16890,Bencin,Avtomatski,640,342000,Pravna oseba
Lotus Elise,Lotus,2019,19300,Bencin,Ročni,136,47670,Pravna oseba
Volkswagen Passat,Volkswagen,2013,249196,Dizel,Avtomatski,140,9700,Pravna oseba
Audi RS6,Audi,2016,90896,Bencin,Avtomatski,605,64640,Pravna oseba
BMW Serija 5,BMW,2019,151000,Dizel,Avtomatski,190,27900,Pravna oseba
Porsche Cayenne,Porsche,2018,104900,Bencin,Avtomatski,549,64900,Pravna oseba
Audi Q7,Audi,2018,219000,Dizel,Avtomatski,218,34499,Pravna oseba
Mercedes-Benz CLA-Razred,Mercedes-Benz,2019,91401,Bencin,Avtomatski,306,41990,Pravna oseba
BMW X5,BMW,2019,134163,Bencin,Avtomatski,530,59989,Pravna oseba
Dodge Ram,Dodge,2021,39107,Bencin,Avtomatski,702,119850,Pravna oseba
Mercedes-Benz SL-Razred,Mercedes-Benz,2009,52750,Bencin,Avtomatski,525,98980,Pravna oseba
Land Rover Defender,Land,2024,2200,Dizel,Avtomatski,249,103103,Pravna oseba
Porsche Panamera,Porsche,2017,136000,Bencin,Avtomatski,549,59900,Pravna oseba
Audi A8,Audi,2018,204953,Bencin,Avtomatski,340,37900,Pravna oseba
Porsche Cayenne,Porsche,2018,139022,Bencin,Avtomatski,441,63900,Pravna oseba
Bentley Continental,Bentley,2018,124000,Bencin,Avtomatski,635,157380,Pravna oseba
BMW M3,BMW,2023,2040,Bencin,Avtomatski,551,129789,Pravna oseba
Audi TTS,Audi,2017,156350,Bencin,Avtomatski,310,26990,Pravna oseba
Porsche Cayenne,Porsche,2022,46900,Bencin,Avtomatski,640,194589,Pravna oseba
Mercedes-Benz G-Razred,Mercedes-Benz,2016,107502,Dizel,Avtomatski,245,60500,Pravna oseba
Aston Martin Vantage,Aston,2009,68491,Bencin,Avtomatski,426,61960,Pravna oseba
Peugeot 508,Peugeot,2015,129000,Dizel,Avtomatski,204,17490,Pravna oseba
Mercedes-Benz SL-Razred,Mercedes-Benz,1987,144772,Bencin,Avtomatski,227,49990,Pravna oseba
Audi S3,Audi,2022,60665,Bencin,Avtomatski,400,67900,Pravna oseba
Ferrari F8,Ferrari,2022,26000,Bencin,Avtomatski,721,297000,Pravna oseba
BMW Serija 5,BMW,2012,303800,Dizel,Avtomatski,184,10250,Pravna oseba
Aston Martin Vantage,Aston,2023,8800,Bencin,Avtomatski,510,162162,Pravna oseba
Mercedes-Benz GLE-Razred,Mercedes-Benz,2023,18170,Bencin,Avtomatski,612,124900,Pravna oseba
Mercedes-Benz AMG GT Coupe,Mercedes-Benz,,,Bencin,Avtomatski,585,244244,Pravna oseba
Lamborghini Urus,Lamborghini,2021,74900,Bencin,Avtomatski,650,284899,Pravna oseba
Audi A5,Audi,2015,69000,Bencin,Avtomatski,177,21990,Pravna oseba
Porsche 911,Porsche,2018,63000,Bencin,Avtomatski,370,96900,Pravna oseba
Maserati Levante,Maserati,2018,220000,Dizel,Avtomatski,275,34990,Pravna oseba
Mercedes-Benz S-Razred,Mercedes-Benz,2021,48124,Dizel,Avtomatski,286,79990,Pravna oseba
Mercedes-Benz S-Razred,Mercedes-Benz,2015,176764,Dizel,Avtomatski,258,44700,Pravna oseba
Land Rover Defender,Land,2021,86000,Dizel,Avtomatski,249,77900,Pravna oseba
Mercedes-Benz C-Razred,Mercedes-Benz,2001,1,Bencin,Ročni,122,Cena po dogovoru,Pravna oseba
Ford Ranger,Ford,2016,190100,Dizel,Ročni,160,24900,Pravna oseba
BMW Serija 5,BMW,2021,91000,Dizel,Avtomatski,286,50900,Pravna oseba
Mercedes-Benz E-Razred,Mercedes-Benz,2020,102450,Bencin,Avtomatski,612,55990,Pravna oseba
Lamborghini Huracan,Lamborghini,2022,8030,Bencin,Avtomatski,640,413580,Pravna oseba
Audi A6,Audi,2020,141350,Dizel,Avtomatski,245,36499,Pravna oseba
Porsche Macan,Porsche,2021,49380,Bencin,Avtomatski,441,89500,Pravna oseba
Mercedes-Benz G-Razred,Mercedes-Benz,2024,541,Bencin,Avtomatski,421,219219,Pravna oseba
BMW X5,BMW,2023,25841,Dizel,Avtomatski,340,92666,Pravna oseba
Volkswagen Tiguan,Volkswagen,2022,19270,Dizel,Avtomatski,150,41444,Pravna oseba
Bentley Continental,Bentley,2017,50200,Bencin,Avtomatski,521,96960,Pravna oseba
Aston Martin DBS,Aston,2021,23350,Bencin,Avtomatski,725,264999,Pravna oseba
Volkswagen Golf,Volkswagen,2019,158351,Dizel,Avtomatski,150,17370,Pravna oseba
Audi A6,Audi,2021,52315,Dizel,Avtomatski,286,55999,Pravna oseba
Opel Astra,Opel,2023,16,Dizel,Ročni,131,34499,Pravna oseba
Opel Astra,Opel,2023,10,Bencin,Ročni,131,29999,Pravna oseba
BMW Serija 3,BMW,2020,93699,Dizel,Avtomatski,190,35999,Pravna oseba
Audi A4,Audi,2020,90264,Dizel,Avtomatski,204,32990,Pravna oseba
BMW M3,BMW,2023,6000,Bencin,Avtomatski,510,117000,Pravna oseba
Audi Q7,Audi,2020,94676,Dizel,Avtomatski,286,62499,Pravna oseba
BMW Serija 3,BMW,2013,1,Dizel,Avtomatski,150,4800,Pravna oseba
Mercedes-Benz V-Razred,Mercedes-Benz,2019,85000,Dizel,Avtomatski,237,60990,Pravna oseba
BMW Serija 5,BMW,2022,26963,Dizel,Avtomatski,190,45000,Pravna oseba
Mercedes-Benz GLC-Razred,Mercedes-Benz,2023,16800,Dizel,Avtomatski,197,69500,Pravna oseba
Porsche 911,Porsche,2018,26000,Bencin,Avtomatski,581,147900,Pravna oseba
Audi A6,Audi,2020,99300,Dizel,Avtomatski,286,46500,Pravna oseba
Porsche 911,Porsche,2018,57681,Bencin,Avtomatski,450,138000,Pravna oseba
Volvo V60 Cross Country,Volvo,2020,59600,Dizel,Avtomatski,190,40500,Pravna oseba
Porsche 911,Porsche,2021,9983,Bencin,Avtomatski,510,247000,Pravna oseba
Mercedes-Benz G-Razred,Mercedes-Benz,,,Bencin,Avtomatski,585,254799,Pravna oseba
Maserati Ghibli,Maserati,2021,33000,Dizel,Avtomatski,275,47946,Pravna oseba
Mercedes-Benz AMG GT Roadster,Mercedes-Benz,2019,44600,Bencin,Avtomatski,557,170800,Pravna oseba
Mercedes-Benz EQE,Mercedes-Benz,2022,9900,,Avtomatski,245,65000,Pravna oseba
Audi A6,Audi,2020,87246,Dizel,Avtomatski,286,47999,Pravna oseba
Audi A8,Audi,2010,235000,Dizel,Avtomatski,250,15500,Pravna oseba
Porsche Macan,Porsche,2023,6000,Bencin,Avtomatski,265,93990,Pravna oseba
Tesla Model 3,Tesla,2021,52390,,Avtomatski,498,43900,Pravna oseba
Ferrari F12,Ferrari,2013,52000,Bencin,Avtomatski,736,369900,Pravna oseba
Ferrari 296,Ferrari,,,Bencin,Avtomatski,829,455899,Pravna oseba
BMW serija 2 Gran Coupe:,BMW,2020,23800,Dizel,Avtomatski,190,37900,Pravna oseba
BMW X2,BMW,2021,14500,Dizel,Avtomatski,190,40950,Pravna oseba
Land Rover Range Rover Evoque,Land,2019,45000,Dizel,Avtomatski,179,47700,Pravna oseba
Mercedes-Benz GLE-Razred,Mercedes-Benz,2020,46184,Dizel,Avtomatski,272,72190,Pravna oseba
Toyota Land Cruiser,Toyota,2011,147000,Dizel,Ročni,116,83990,Pravna oseba
Ferrari Portofino,Ferrari,,,Bencin,Avtomatski,620,315999,Pravna oseba
Bentley Mulsanne,Bentley,2018,69800,Bencin,Avtomatski,537,189000,Pravna oseba
Tesla Model S,Tesla,2022,61120,,Avtomatski,1033,75900,Pravna oseba
Porsche 911 Cabriolet,Porsche,2014,121900,Bencin,Avtomatski,400,96900,Pravna oseba
Porsche 911,Porsche,2020,52000,Bencin,Avtomatski,450,159000,Pravna oseba
Porsche 911 Cabriolet,Porsche,2020,50197,Bencin,Avtomatski,385,149328,Pravna oseba
Mercedes-Benz V-Razred,Mercedes-Benz,2020,121000,Dizel,Avtomatski,237,64900,Pravna oseba
Infiniti Q50,Infiniti,2019,60300,Dizel,Avtomatski,170,27500,Pravna oseba
Porsche Taycan Sport Turismo,Porsche,2023,7000,,Avtomatski,571,159999,Pravna oseba
Jaguar F-Type,Jaguar,2014,86000,Bencin,Avtomatski,381,59000,Pravna oseba
Porsche 911 Targa,Porsche,1971,6000,Bencin,Ročni,125,154900,Pravna oseba
Audi A4,Audi,2016,94000,Dizel,Avtomatski,150,22990,Pravna oseba
Porsche Panamera,Porsche,2017,85000,Dizel,Avtomatski,421,96900,Pravna oseba
Mercedes-Benz G-Razred,Mercedes-Benz,2019,99720,Dizel,Avtomatski,330,149499,Pravna oseba
Mercedes-Benz S-Razred,Mercedes-Benz,2015,139145,Dizel,Avtomatski,258,47899,Pravna oseba
Lamborghini Huracan,Lamborghini,2018,19900,Bencin,Avtomatski,639,355600,Pravna oseba
Maserati MC20,Maserati,2022,8000,Bencin,Avtomatski,631,279972,Pravna oseba
Mercedes-Benz S-Razred,Mercedes-Benz,2020,62000,Bencin,Avtomatski,612,144900,Pravna oseba
BMW M4,BMW,2014,76100,Bencin,Avtomatski,431,57899,Pravna oseba
Porsche Panamera,Porsche,2018,136000,Hibrid,Avtomatski,462,88899,Pravna oseba
BMW Serija 7,BMW,2020,120672,Bencin,Avtomatski,530,59900,Pravna oseba
Ferrari FF,Ferrari,2014,75500,Bencin,Avtomatski,661,179999,Pravna oseba
Lamborghini Urus,Lamborghini,2020,120000,Bencin,Avtomatski,650,205000,Pravna oseba
Lamborghini Huracan,Lamborghini,2017,29700,Bencin,Avtomatski,610,317199,Pravna oseba
Mercedes-Benz G-Razred,Mercedes-Benz,2013,196000,Dizel,Avtomatski,211,79900,Pravna oseba
Porsche 911 Cabriolet,Porsche,2019,53000,Bencin,Avtomatski,450,167000,Pravna oseba
Porsche 911,Porsche,2019,31000,Bencin,Avtomatski,450,159920,Pravna oseba
Porsche 911,Porsche,2015,106000,Bencin,Avtomatski,349,87489,Pravna oseba
Lamborghini Huracan,Lamborghini,2017,95600,Bencin,Avtomatski,640,234990,Pravna oseba
Porsche Panamera,Porsche,2017,124000,Bencin,Avtomatski,549,93599,Pravna oseba
Porsche Cayenne,Porsche,2011,300000,Dizel,Avtomatski,239,32790,Pravna oseba
Mercedes-Benz GLE-Razred,Mercedes-Benz,2016,150000,Bencin,Avtomatski,585,72504,Pravna oseba
Lexus ES,Lexus,2019,119000,Hibrid,Avtomatski,218,42222,Pravna oseba
Mercedes-Benz CLS Shooting Brake,Mercedes-Benz,2015,170500,Bencin,Avtomatski,585,54899,Pravna oseba
Toyota Land Cruiser,Toyota,2004,413284,Dizel,Avtomatski,163,23900,Pravna oseba
Mercedes-Benz E-Razred,Mercedes-Benz,1987,321327,Bencin,Ročni,190,33990,Pravna oseba
Jeep Cherokee,Jeep,2019,4700,Dizel,Avtomatski,194,38399,Pravna oseba
BMW Serija 5,BMW,2017,136300,Dizel,Avtomatski,190,34038,Pravna oseba
Mercedes-Benz GL-Razred,Mercedes-Benz,2007,199145,Bencin,Avtomatski,340,24990,Pravna oseba
BMW Serija 3,BMW,2013,221000,Dizel,Avtomatski,184,19520,Pravna oseba
Mercedes-Benz CLA-Razred,Mercedes-Benz,2019,26653,Dizel,Avtomatski,177,39999,Pravna oseba
Volvo V40 Cross Country,Volvo,2013,140500,Dizel,Avtomatski,150,18990,Pravna oseba
Mercedes-Benz CLA-Razred,Mercedes-Benz,2019,31600,Dizel,Avtomatski,177,42090,Pravna oseba
Tesla Model S,Tesla,2015,141300,,Avtomatski,272,91500,Pravna oseba
Fisker Karma,Fisker,2012,33900,Hibrid,Avtomatski,408,66990,Pravna oseba
Chevrolet Aveo,Chevrolet,2008,58234,Bencin,Ročni,94,5500,Pravna oseba
Volkswagen Arteon,Volkswagen,2019,109150,Dizel,Ročni,150,Cena po dogovoru,Pravna oseba
Ford Capri,Ford,,17812,,Avtomatski,,38990,Pravna oseba
KIA Sportage,KIA,,,Bencin,Ročni,150,,Pravna oseba
Renault Captur,Renault,2026,16,Bencin,Ročni,91,21200,Pravna oseba
Volkswagen Tiguan,Volkswagen,2018,188008,Dizel,Ročni,150,,Pravna oseba
Porsche Macan,Porsche,2019,139285,Bencin,Avtomatski,354,,Pravna oseba
Volkswagen Passat,Volkswagen,2016,187800,Dizel,Avtomatski,190,,Pravna oseba
KIA Sportage,KIA,2019,53200,Bencin,Ročni,132,,Pravna oseba
Seat Leon,Seat,2016,263000,Dizel,Avtomatski,150,7300,Fizična oseba
BMW Serija 2,BMW,2018,100900,Dizel,Avtomatski,150,13990,Pravna oseba
BMW X2,BMW,2020,73500,Bencin,Avtomatski,140,23490,Pravna oseba
BMW Serija 5,BMW,2022,129800,Dizel,Avtomatski,190,28990,Pravna oseba
KIA Sportage,KIA,2022,70690,Hibrid,Avtomatski,265,27999,Pravna oseba
SsangYong Tivoli,SsangYong,2026,5800,Bencin,Avtomatski,163,19946,Pravna oseba
Volkswagen T-Cross,Volkswagen,2024,30410,Bencin,Ročni,95,19490,Pravna oseba
SsangYong Tivoli,SsangYong,2025,8500,Bencin,Ročni,163,16190,Pravna oseba
KIA Sportage,KIA,2022,30300,Bencin,Avtomatski,179,30990,Pravna oseba
KIA Sorento,KIA,2025,6500,Dizel,Avtomatski,193,51999,Pravna oseba
Volvo XC40,Volvo,2020,121000,Dizel,Avtomatski,150,24449,Pravna oseba
Volvo XC60,Volvo,2019,99870,Dizel,Avtomatski,190,28590,Pravna oseba
Volvo XC40,Volvo,2024,28100,Bencin,Avtomatski,163,31990,Pravna oseba
Opel Vectra,Opel,2001,92446,Bencin,Ročni,101,500,Fizična oseba
Volkswagen Arteon,Volkswagen,2022,98444,Bencin,Avtomatski,190,29950,Pravna oseba
Mercedes-Benz GLC-Razred,Mercedes-Benz,2019,170591,Dizel,Avtomatski,194,25990,Pravna oseba
Citroën C5 Aircross,Citroën,2022,118192,Dizel,Avtomatski,131,16990,Pravna oseba
DS DS 9,DS,2022,72259,Hibrid,Avtomatski,200,27990,Pravna oseba
Citroën C3 Aircross,Citroën,2023,34038,Bencin,Ročni,110,11990,Pravna oseba
Peugeot 3008,Peugeot,2018,181528,Dizel,Ročni,120,9990,Pravna oseba
Mitsubishi Eclipse Cross,Mitsubishi,2021,68400,Hibrid,Avtomatski,98,16990,Pravna oseba
Nissan X-Trail,Nissan,2023,52854,Hibrid,Avtomatski,213,38990,Pravna oseba
Mercedes-Benz Vito,Mercedes-Benz,2025,34599,Dizel,Avtomatski,190,53990,Pravna oseba
Mercedes-Benz V-Razred,Mercedes-Benz,2025,46790,Dizel,Avtomatski,237,81490,Pravna oseba
Mercedes-Benz B-Razred,Mercedes-Benz,2025,20870,Bencin,Avtomatski,136,24990,Pravna oseba
BMW Serija 5,BMW,2025,30000,Dizel,Avtomatski,286,74990,Pravna oseba
Volkswagen Polo,Volkswagen,2016,182701,Bencin,Ročni,90,6990,Pravna oseba
Opel Crossland X,Opel,2019,108725,Dizel,Ročni,102,9400,Pravna oseba
Volkswagen Tiguan,Volkswagen,2022,77162,Dizel,Avtomatski,200,32850,Pravna oseba
Audi Q7,Audi,2017,193000,Dizel,Avtomatski,272,35990,Pravna oseba
Ford Explorer,Ford,,34592,,Avtomatski,,38990,Pravna oseba
Mercedes-Benz G-Razred,Mercedes-Benz,2025,257,Bencin,Avtomatski,585,269990,Pravna oseba
Mercedes-Benz AMG GT,Mercedes-Benz,2023,55014,Bencin,Avtomatski,367,105990,Pravna oseba
Škoda Fabia,Škoda,2018,179989,Bencin,Ročni,95,5390,Pravna oseba
Volkswagen Scirocco,Volkswagen,2009,357000,Dizel,Ročni,140,3990,Pravna oseba
Škoda Superb,Škoda,2021,179000,Dizel,Avtomatski,150,16850,Pravna oseba
Jeep Compass,Jeep,2013,167000,Dizel,Ročni,163,,Pravna oseba
DS DS 7 Crossback,DS,2021,88445,Bencin,Avtomatski,131,17990,Pravna oseba
Opel Insignia,Opel,2020,183336,Dizel,Avtomatski,170,12490,Pravna oseba
Renault Captur,Renault,,,Bencin,Avtomatski,140,Cena po dogovoru,Pravna oseba
Omoda 7,Omoda,,,Hibrid,Avtomatski,143,31990,Pravna oseba
Omoda 7,Omoda,,,Hibrid,Avtomatski,143,31990,Pravna oseba
Renault Captur,Renault,,,Bencin,Avtomatski,140,Cena po dogovoru,Pravna oseba
Renault Captur,Renault,,,Bencin,Avtomatski,140,Cena po dogovoru,Pravna oseba
Omoda 7,Omoda,,,Hibrid,Avtomatski,143,34990,Pravna oseba
Omoda 7,Omoda,,,Hibrid,Avtomatski,143,34990,Pravna oseba
Renault Trafic,Renault,2020,167000,Dizel,Ročni,145,27990,Fizična oseba
Ford Explorer,Ford,,30558,,Avtomatski,,38990,Pravna oseba
Mercedes-Benz GLA-Razred,Mercedes-Benz,2015,222275,Dizel,Avtomatski,136,13990,Pravna oseba
Nissan Leaf,Nissan,2018,54850,,Avtomatski,150,9900,Pravna oseba
Citroën C5 Aircross,Citroën,2023,111404,Hibrid,Avtomatski,181,18280,Pravna oseba
Ford Mustang,Ford,,12000,,Avtomatski,,51490,Pravna oseba
Renault Twingo,Renault,2022,35978,Bencin,Ročni,65,9700,Pravna oseba
Renault Mégane Conquest,Renault,2026,217,Hibrid,Avtomatski,94,24500,Pravna oseba
Toyota Corolla,Toyota,2020,148647,Hibrid,Avtomatski,152,17900,Pravna oseba
Renault Mégane,Renault,2018,168153,Bencin,Ročni,132,7500,Pravna oseba
Renault Captur,Renault,2022,23154,Bencin,Ročni,91,14500,Pravna oseba
Toyota Yaris,Toyota,2018,97884,Bencin,Ročni,111,10890,Pravna oseba
Renault Captur,Renault,2026,2028,Bencin,Ročni,116,20400,Pravna oseba
Dacia Duster,Dacia,,,Bencin,Ročni,140,24000,Pravna oseba
Renault Clio,Renault,2026,9,Bencin,Ročni,91,17800,Pravna oseba
Toyota Yaris Cross,Toyota,2025,1863,Hibrid,Avtomatski,92,28500,Pravna oseba
Toyota Corolla,Toyota,2019,136866,Hibrid,Avtomatski,98,16800,Pravna oseba
Toyota Corolla,Toyota,2019,131027,Hibrid,Avtomatski,98,17900,Pravna oseba
Dacia Bigster,Dacia,2025,1985,Bencin,Ročni,140,25000,Pravna oseba
Renault Captur,Renault,2019,102392,Bencin,Ročni,90,10500,Pravna oseba
Dacia Sandero,Dacia,,,Bencin,Ročni,110,,Pravna oseba
Dacia Sandero,Dacia,,,Bencin,Ročni,110,,Pravna oseba
Renault Twingo,Renault,,,,Avtomatski,82,19390,Pravna oseba
Renault Twingo,Renault,,,,Avtomatski,82,19990,Pravna oseba
Renault Twingo,Renault,,,,Avtomatski,82,19890,Pravna oseba
Renault Twingo,Renault,,,,Avtomatski,82,20390,Pravna oseba
Renault Clio,Renault,2016,145086,Bencin,Ročni,90,7150,Pravna oseba
MG MG ZS,MG,,,Bencin,Avtomatski,116,,Pravna oseba
Dacia Sandero,Dacia,,,Bencin,Ročni,101,12900,Pravna oseba
MG MG HS,MG,,,Hibrid,Avtomatski,224,,Pravna oseba
MG MG ZS,MG,,,Hibrid,Avtomatski,197,,Pravna oseba
Renault Austral,Renault,,,Bencin,Avtomatski,148,,Pravna oseba
MG MG HS,MG,,,Bencin,Avtomatski,170,,Pravna oseba
MG MG3,MG,,,Bencin,Ročni,116,,Pravna oseba
Renault Captur,Renault,2020,127197,Dizel,Ročni,95,14150,Pravna oseba
MG MG ZS,MG,2023,99860,Bencin,Ročni,111,13000,Pravna oseba
Renault Mégane Conquest,Renault,,,Bencin,Avtomatski,94,,Pravna oseba
Renault Captur,Renault,,,Bencin,Ročni,91,,Pravna oseba
Renault Mégane,Renault,2018,63900,Bencin,Ročni,101,7900,Pravna oseba
Dacia Sandero,Dacia,2026,1,Bencin,Ročni,110,17950,Pravna oseba
Renault Clio,Renault,,,Bencin,Ročni,114,17800,Pravna oseba
Renault Clio,Renault,,,Bencin,Ročni,114,,Pravna oseba
Renault Captur,Renault,,,Bencin,Ročni,91,,Pravna oseba
Renault Captur,Renault,,,Bencin,Ročni,91,,Pravna oseba
Renault Symbioz,Renault,,,Bencin,Ročni,140,,Pravna oseba
Renault Symbioz,Renault,,,Bencin,Avtomatski,140,,Pravna oseba
Renault Symbioz,Renault,,,Bencin,Avtomatski,140,,Pravna oseba
Renault Clio,Renault,2026,15,Bencin,Ročni,91,17500,Pravna oseba
Renault Clio,Renault,,,Bencin,Ročni,114,,Pravna oseba
Renault Clio,Renault,,,Bencin,Avtomatski,114,,Pravna oseba
MG MG HS,MG,2025,4132,Bencin,Avtomatski,170,25850,Pravna oseba
Renault Captur,Renault,2025,9,Bencin,Ročni,90,21000,Pravna oseba
Renault Captur,Renault,2025,6,Bencin,Ročni,90,20300,Pravna oseba
Toyota C-HR,Toyota,2024,63024,Hibrid,Avtomatski,179,29990,Pravna oseba
Dacia Bigster,Dacia,,,Bencin,Ročni,140,,Pravna oseba
Dacia Duster,Dacia,,,Bencin,Ročni,131,,Pravna oseba
Dacia Duster,Dacia,,,Plin,Ročni,122,,Pravna oseba
Hyundai Tucson,Hyundai,2024,22619,Bencin,Avtomatski,150,25500,Pravna oseba
Toyota C-HR,Toyota,2024,11,Hibrid,Avtomatski,223,34500,Pravna oseba
Toyota C-HR,Toyota,2024,16374,Hibrid,Avtomatski,223,33500,Pravna oseba
Dacia Duster,Dacia,,,Bencin,Ročni,140,,Pravna oseba
Renault 5 E-tech,Renault,,,,Avtomatski,122,28500,Pravna oseba
Renault 5 E-tech,Renault,,,,Avtomatski,122,28990,Pravna oseba
Mitsubishi ASX,Mitsubishi,2016,192179,Dizel,Ročni,114,9900,Pravna oseba
Nissan X-Trail,Nissan,2021,101321,Dizel,Avtomatski,150,21890,Pravna oseba
Renault Clio,Renault,2023,21902,Hibrid,Avtomatski,145,20500,Pravna oseba
Renault Austral,Renault,2023,6765,Hibrid,Avtomatski,200,32000,Pravna oseba
KIA Sportage,KIA,,,Bencin,Ročni,150,,Pravna oseba
KIA Ceed,KIA,,,Bencin,Ročni,101,,Pravna oseba
Volkswagen Golf,Volkswagen,,,Bencin,Ročni,116,26338,Pravna oseba
KIA XCeed,KIA,,,Bencin,Avtomatski,150,,Pravna oseba
Peugeot 2008,Peugeot,2020,44662,Bencin,Ročni,131,13300,Fizična oseba
Renault Captur,Renault,,,Bencin,Ročni,116,20970,Pravna oseba
Mercedes-Benz B-Razred,Mercedes-Benz,2024,50900,Bencin,Avtomatski,136,24990,Pravna oseba
Volkswagen T-Cross,Volkswagen,,,Bencin,Ročni,116,25777,Pravna oseba
Renault Clio,Renault,,,Bencin,Ročni,114,Cena po dogovoru,Pravna oseba
KIA Stonic,KIA,2025,3168,Bencin,Avtomatski,101,21900,Pravna oseba
Peugeot 308,Peugeot,2015,219000,Dizel,Ročni,99,5000,Fizična oseba
Volvo V90,Volvo,,144261,Hibrid,Avtomatski,392,29990,Pravna oseba
BMW Serija 3,BMW,2015,188000,Dizel,Avtomatski,190,13300,Fizična oseba
BMW Serija 2,BMW,2025,7800,Dizel,Avtomatski,150,39900,Pravna oseba
Citroën Spacetourer,Citroën,,,Dizel,Avtomatski,179,42990,Pravna oseba
Volkswagen Tiguan,Volkswagen,2013,194928,Dizel,Avtomatski,177,11960,Pravna oseba
BMW Serija 5,BMW,2025,19646,Dizel,Avtomatski,286,75990,Pravna oseba
MINI One,MINI,2021,132000,Bencin,Ročni,102,15750,Pravna oseba
BMW Serija 3,BMW,2015,288000,Dizel,Ročni,143,10500,Fizična oseba
Volkswagen Golf,Volkswagen,2019,147473,Dizel,Avtomatski,150,14950,Pravna oseba
Renault Clio,Renault,,,Bencin,Avtomatski,114,Cena po dogovoru,Pravna oseba
Mercedes-Benz GLE Coupe,Mercedes-Benz,2020,80900,Dizel,Avtomatski,258,47777,Pravna oseba
Audi Q3,Audi,2022,85214,Dizel,Avtomatski,150,25960,Pravna oseba
BMW Serija 3,BMW,2024,59800,Dizel,Avtomatski,190,42880,Pravna oseba
Abarth -,Abarth,2012,165959,Bencin,Ročni,135,Cena po dogovoru,Pravna oseba
Citroën C3,Citroën,,,Bencin,Ročni,101,21360,Pravna oseba
Citroën Berlingo,Citroën,,,Dizel,Ročni,131,28750,Pravna oseba
Škoda Octavia,Škoda,2016,214000,Dizel,Avtomatski,110,9300,Fizična oseba
Volkswagen Golf,Volkswagen,2013,148000,Dizel,Ročni,105,7500,Fizična oseba
Volvo XC60,Volvo,2023,99400,Dizel,Avtomatski,197,,Pravna oseba
Renault Twingo,Renault,2002,260359,Bencin,Ročni,58,Cena po dogovoru,Pravna oseba
Renault Mégane,Renault,2023,53518,Bencin,Ročni,140,17870,Pravna oseba
Audi A4,Audi,2014,308000,Dizel,Ročni,150,7500,Fizična oseba
BMW Serija 5,BMW,2025,12757,Hibrid,Avtomatski,190,65990,Pravna oseba
BMW Serija 2,BMW,2025,13255,Bencin,Avtomatski,156,39990,Pravna oseba
BMW Serija 2,BMW,2025,9930,Bencin,Avtomatski,136,28990,Pravna oseba
Toyota RAV4,Toyota,2005,1,Bencin,Ročni,125,Cena po dogovoru,Pravna oseba
Dacia Dokker,Dacia,2013,156903,Bencin,Ročni,116,Cena po dogovoru,Pravna oseba
Audi A3,Audi,2017,183115,Dizel,Ročni,110,11900,Pravna oseba
BMW i5 Touring,BMW,2025,12757,Hibrid,Avtomatski,299,65990,Pravna oseba
BMW Serija 2,BMW,2025,9948,Bencin,Avtomatski,136,30990,Pravna oseba
BMW Serija 2,BMW,2025,13378,Bencin,Avtomatski,156,42990,Pravna oseba
Mercedes-Benz GLC-Razred,Mercedes-Benz,2017,142191,Dizel,Avtomatski,204,22900,Pravna oseba
Mitsubishi Outlander,Mitsubishi,2008,259528,Dizel,Ročni,140,4950,Pravna oseba
KIA Stonic,KIA,2026,500,Bencin,Ročni,101,,Pravna oseba
KIA Sportage,KIA,2026,2203,Bencin,Avtomatski,150,,Pravna oseba
Volvo V50,Volvo,2009,245110,Dizel,Ročni,109,2990,Pravna oseba
Citroën C3,Citroën,2020,47788,Bencin,Ročni,83,7990,Pravna oseba
Peugeot 2008,Peugeot,,,Hibrid,,102,20960,Pravna oseba
Renault Clio,Renault,2018,98100,Bencin,Ročni,73,7099,Pravna oseba
Geely Cityray,Geely,,,Bencin,Avtomatski,174,,Pravna oseba
Geely Cityray,Geely,,,Bencin,Avtomatski,174,,Pravna oseba
BMW Serija 2,BMW,2024,77674,Bencin,Avtomatski,140,27490,Pravna oseba
Peugeot 308,Peugeot,2022,125875,Dizel,Avtomatski,131,16900,Pravna oseba
Citroën C3,Citroën,2022,45000,Bencin,Ročni,83,,Pravna oseba
BMW Serija 7,BMW,2020,209000,Dizel,Avtomatski,265,,Pravna oseba
Volkswagen Passat,Volkswagen,2019,194000,Dizel,Avtomatski,150,,Pravna oseba
BMW Serija 2,BMW,2017,162000,Bencin,Ročni,136,,Pravna oseba
Forthing Forthing T5 EVO,Forthing,2024,31500,Bencin,Avtomatski,177,,Pravna oseba
Nissan Leaf,Nissan,2021,93627,,Avtomatski,218,,Pravna oseba
Opel Combo,Opel,2020,86443,Dizel,Ročni,131,14360,Pravna oseba
Volkswagen Polo,Volkswagen,,,Bencin,Avtomatski,95,19497,Pravna oseba
Peugeot 308,Peugeot,2024,30786,Bencin,Avtomatski,131,19100,Pravna oseba
Peugeot 2008,Peugeot,2024,29601,Bencin,Avtomatski,131,18850,Pravna oseba
KIA Sportage,KIA,,,Bencin,Avtomatski,150,,Pravna oseba
Alfa Romeo Giulia,Alfa,2022,24300,Bencin,Avtomatski,510,65990,Pravna oseba
Fiat Tipo,Fiat,2017,145484,Dizel,Ročni,95,6690,Pravna oseba
Geely Cityray,Geely,2025,5347,Bencin,Avtomatski,174,23990,Pravna oseba
KIA Sportage,KIA,,,Hibrid,Avtomatski,179,38299,Pravna oseba
Fiat 500X,Fiat,2022,71609,Bencin,Avtomatski,150,15900,Pravna oseba
Geely Cityray,Geely,,,Bencin,Avtomatski,174,,Pravna oseba
KIA Stonic,KIA,,,Bencin,Ročni,101,20849,Pravna oseba
Fiat Grande Panda,Fiat,,,Hibrid,Avtomatski,110,18900,Pravna oseba
Fiat Grande Panda,Fiat,,,Hibrid,Avtomatski,101,17090,Pravna oseba
Fiat Grande Panda,Fiat,,,Bencin,Ročni,101,17600,Pravna oseba
Fiat 600,Fiat,,,Bencin,Avtomatski,145,25580,Pravna oseba
Fiat Grande Panda,Fiat,,,Hibrid,Avtomatski,101,19250,Pravna oseba
Fiat Grande Panda,Fiat,,,Hibrid,Avtomatski,101,17090,Pravna oseba
KIA Picanto,KIA,,,Bencin,Ročni,68,15149,Pravna oseba
Fiat Grande Panda,Fiat,,,Hibrid,Avtomatski,101,19250,Pravna oseba
Fiat Grande Panda,Fiat,,,Hibrid,Avtomatski,101,17090,Pravna oseba
Fiat Grande Panda,Fiat,,,Hibrid,Avtomatski,101,18540,Pravna oseba
Fiat Grande Panda,Fiat,,,Hibrid,Avtomatski,101,17090,Pravna oseba
Fiat Grande Panda,Fiat,,,Hibrid,Avtomatski,101,18900,Pravna oseba
Fiat Panda,Fiat,,,Bencin,Ročni,65,12990,Pravna oseba
Fiat Tipo,Fiat,2022,46750,Bencin,Ročni,99,11990,Pravna oseba
KG Mobility Korando,KG,,,Bencin,Ročni,163,,Pravna oseba
KIA Sportage,KIA,,,Hibrid,Avtomatski,179,,Pravna oseba
KG Mobility Torres,KG,,,Bencin,Avtomatski,163,,Pravna oseba
KG Mobility Korando,KG,,,Bencin,Avtomatski,163,,Pravna oseba
Geely Cityray,Geely,,,Bencin,Avtomatski,174,,Pravna oseba
KG Mobility Tivoli,KG,,,Bencin,Ročni,163,,Pravna oseba
Geely StarRay EM-i,Geely,,,Hibrid,Avtomatski,99,,Pravna oseba
KG Mobility Torres,KG,,,Hibrid,Avtomatski,150,29999,Pravna oseba
KG Mobility Korando,KG,,,Bencin,Ročni,163,23499,Pravna oseba
KG Mobility Korando,KG,,,Bencin,Ročni,163,21999,Pravna oseba
KIA Sportage,KIA,,,Bencin,Avtomatski,150,,Pravna oseba
Geely StarRay,Geely,2025,17672,Bencin,Avtomatski,174,25000,Pravna oseba
Geely StarRay,Geely,,,Bencin,Avtomatski,238,,Pravna oseba
Geely Cityray,Geely,,,Bencin,Avtomatski,174,,Pravna oseba
KIA XCeed,KIA,,,Bencin,Avtomatski,150,,Pravna oseba
KIA XCeed,KIA,,,Bencin,Avtomatski,150,,Pravna oseba
KG Mobility Torres,KG,,,Bencin,Avtomatski,163,27999,Pravna oseba
KIA XCeed,KIA,,,Bencin,Avtomatski,150,,Pravna oseba
KIA XCeed,KIA,,,Bencin,Avtomatski,150,,Pravna oseba
KIA XCeed,KIA,,,Bencin,Avtomatski,150,,Pravna oseba
KIA Sportage,KIA,,,Bencin,Avtomatski,150,,Pravna oseba
KIA Sportage,KIA,,,Bencin,Avtomatski,150,,Pravna oseba
KIA Sportage,KIA,,,Bencin,Avtomatski,150,,Pravna oseba
KIA Sportage,KIA,,,Bencin,Ročni,150,,Pravna oseba
KIA Sportage,KIA,,,Bencin,Avtomatski,150,,Pravna oseba
KIA Sportage,KIA,,,Bencin,Avtomatski,150,,Pravna oseba
KIA Sportage,KIA,,,Bencin,Ročni,150,,Pravna oseba
KIA Sportage,KIA,,,Bencin,Avtomatski,150,,Pravna oseba
KIA Sportage,KIA,,,Bencin,Avtomatski,150,,Pravna oseba
KIA Sportage,KIA,,,Bencin,Ročni,150,,Pravna oseba
KIA Sportage,KIA,,,Bencin,Ročni,150,,Pravna oseba
KIA Ceed,KIA,,,Bencin,Ročni,101,19849,Pravna oseba
Geely Cityray,Geely,,,Bencin,Avtomatski,174,,Pravna oseba
KG Mobility Torres,KG,,,,Avtomatski,207,34990,Pravna oseba
Geely Cityray,Geely,,,Bencin,Avtomatski,174,,Pravna oseba
Geely StarRay EM-i,Geely,,,Bencin,Avtomatski,303,,Pravna oseba
KIA Ceed,KIA,,,Bencin,Ročni,101,21449,Pravna oseba
KG Mobility Tivoli,KG,,,Bencin,Ročni,163,,Pravna oseba
KIA Ceed,KIA,,,Bencin,Ročni,101,21449,Pravna oseba
Geely StarRay EM-i,Geely,,,Bencin,Avtomatski,317,,Pravna oseba
KG Mobility Korando,KG,,,Bencin,Ročni,163,,Pravna oseba
Jeep Compass,Jeep,,,Bencin,Avtomatski,145,34880,Pravna oseba
KIA Stonic,KIA,,,Bencin,Ročni,101,22999,Pravna oseba
KIA Stonic,KIA,,,Bencin,Avtomatski,101,21849,Pravna oseba
KIA Stonic,KIA,,,Bencin,Avtomatski,116,28849,Pravna oseba
KIA Stonic,KIA,,,Bencin,Ročni,101,18849,Pravna oseba
KIA Stonic,KIA,,,Bencin,Ročni,79,16649,Pravna oseba
KIA Stonic,KIA,,,Bencin,Ročni,79,16649,Pravna oseba
KIA Stonic,KIA,,,Bencin,Ročni,79,16649,Pravna oseba
KIA Stonic,KIA,,,Bencin,Ročni,79,16649,Pravna oseba
MINI Countryman,MINI,2018,188000,Dizel,Avtomatski,150,14490,Pravna oseba
Geely Cityray,Geely,,,Bencin,Avtomatski,174,,Pravna oseba
Jeep Avenger,Jeep,,,Bencin,Avtomatski,136,27640,Pravna oseba
Jeep Avenger,Jeep,,,Bencin,Avtomatski,136,27880,Pravna oseba
Jeep Avenger,Jeep,,,Bencin,Avtomatski,101,22940,Pravna oseba
Jeep Avenger,Jeep,,,Bencin,Avtomatski,101,23790,Pravna oseba
Jeep Avenger,Jeep,,,Bencin,Avtomatski,101,23790,Pravna oseba
Geely StarRay,Geely,,,Bencin,Avtomatski,238,,Pravna oseba
Fiat 850,Fiat,1976,27495,Bencin,Ročni,37,15000,Pravna oseba
Fiat Punto,Fiat,1997,163184,Bencin,Ročni,88,6000,Pravna oseba
KIA Ceed,KIA,,,Bencin,Ročni,101,21449,Pravna oseba
KIA EV3,KIA,,,,Avtomatski,204,34279,Pravna oseba
MG MG CYBERSTER,MG,2025,29012,,Avtomatski,340,54770,Pravna oseba
Peugeot 2008,Peugeot,2024,33116,Bencin,Avtomatski,131,18850,Pravna oseba
Fiat 500C,Fiat,2023,42633,Bencin,Ročni,71,Cena po dogovoru,Pravna oseba
Volkswagen Tiguan,Volkswagen,2016,259000,Dizel,Avtomatski,150,14790,Pravna oseba
Volkswagen Polo,Volkswagen,2015,178100,Bencin,Ročni,60,6880,Pravna oseba
Volkswagen Golf,Volkswagen,2016,242100,Dizel,Ročni,110,8880,Pravna oseba
Volkswagen Golf,Volkswagen,2017,244150,Dizel,Ročni,90,8880,Pravna oseba
Volkswagen Golf,Volkswagen,2017,163200,Bencin,Ročni,110,9880,Pravna oseba
Seat Ibiza,Seat,2017,172400,Bencin,Ročni,95,10880,Pravna oseba
Renault Clio,Renault,2017,39620,Bencin,Avtomatski,220,17880,Pravna oseba
Peugeot 108,Peugeot,2014,140100,Bencin,Ročni,69,5980,Pravna oseba
Opel Mokka,Opel,2013,94120,Bencin,Ročni,116,7980,Pravna oseba
Opel Adam,Opel,2014,131500,Bencin,Ročni,87,6880,Pravna oseba
Opel Astra,Opel,2015,158200,Bencin,Ročni,105,5880,Pravna oseba
Hyundai i10,Hyundai,2014,116500,Bencin,Ročni,65,7980,Pravna oseba
Fiat 500,Fiat,2008,184500,Bencin,Ročni,135,8880,Pravna oseba
DS DS 7 Crossback,DS,2020,148000,Dizel,Avtomatski,131,18880,Pravna oseba
BMW Serija 5,BMW,2023,32400,Bencin,Avtomatski,184,38880,Pravna oseba
Opel Astra,Opel,2015,182997,Dizel,Ročni,110,5430,Pravna oseba
Volkswagen -,Volkswagen,,,,Avtomatski,170,,Pravna oseba
Volkswagen -,Volkswagen,,,,Avtomatski,170,,Pravna oseba
Volkswagen Tiguan,Volkswagen,,,Dizel,Avtomatski,150,46342,Pravna oseba
Volkswagen Tiguan,Volkswagen,,,Dizel,Avtomatski,150,46198,Pravna oseba
Volkswagen Taigo,Volkswagen,,,Bencin,Ročni,116,,Pravna oseba
Volkswagen Tiguan,Volkswagen,,,Dizel,Avtomatski,150,46198,Pravna oseba
Cupra Formentor,Cupra,2022,89000,Bencin,Avtomatski,150,22300,Fizična oseba
Škoda Octavia,Škoda,2022,108000,Bencin,Avtomatski,150,18900,Fizična oseba
IVECO Kiper,IVECO,2016,187966,Dizel,Ročni,126,16990,Pravna oseba
Suzuki Swift,Suzuki,2014,133000,Bencin,Ročni,136,10490,Pravna oseba
KIA Sportage,KIA,2012,215000,Dizel,Ročni,136,7000,Fizična oseba
Renault Clio,Renault,2026,1000,Bencin,Avtomatski,114,Cena po dogovoru,Pravna oseba
Renault Symbioz,Renault,,,Bencin,Ročni,140,24540,Pravna oseba
BMW serija 5,BMW,,78414,Hibrid,Avtomatski,252,27990,Pravna oseba
Hyundai i30,Hyundai,2017,57125,Bencin,Ročni,99,10950,Pravna oseba
Renault Twingo,Renault,,,,Avtomatski,82,,Pravna oseba
Alfa Romeo Alfa 156,Alfa,2004,146000,Bencin,Ročni,250,18500,Fizična oseba
Audi A6,Audi,2014,302220,Dizel,Avtomatski,204,10500,Pravna oseba
BMW Serija 3,BMW,2016,228000,Dizel,Avtomatski,190,16320,Fizična oseba
BMW X4,BMW,2023,122111,Dizel,Avtomatski,190,39990,Pravna oseba
Volkswagen Passat,Volkswagen,2010,379099,Dizel,Avtomatski,140,2400,Pravna oseba
Volkswagen Touran,Volkswagen,2012,317668,Dizel,Ročni,105,,Pravna oseba
Ford Mondeo,Ford,2007,275000,Dizel,Ročni,131,,Pravna oseba
Opel Corsa,Opel,2013,160000,Bencin,Ročni,101,,Pravna oseba
KIA Ceed,KIA,2014,190000,Bencin,Ročni,99,,Pravna oseba
Lexus IS,Lexus,2008,302000,Dizel,Ročni,177,,Pravna oseba
Opel Corsa,Opel,2009,160000,Bencin,Ročni,80,,Pravna oseba
Peugeot 2008,Peugeot,2015,144000,Bencin,Ročni,110,,Pravna oseba
Audi e-tron,Audi,2019,159000,,Avtomatski,313,19990,Pravna oseba
BMW Serija 5,BMW,2018,199000,Dizel,Avtomatski,190,,Pravna oseba
BMW Serija 5,BMW,2018,199000,Dizel,Avtomatski,190,19990,Pravna oseba
Ford Tourneo,Ford,2018,139000,Dizel,Avtomatski,170,26990,Pravna oseba
Citroën C4,Citroën,2014,1,Dizel,Avtomatski,116,,Pravna oseba
Mercedes-Benz GLB-Razred,Mercedes-Benz,2024,109887,Dizel,Avtomatski,150,37990,Pravna oseba
Audi Q7,Audi,2018,1,Dizel,Avtomatski,272,27490,Pravna oseba
Peugeot 407,Peugeot,2005,277772,Bencin,Ročni,136,,Pravna oseba
Opel Corsa,Opel,2007,177000,Bencin,Ročni,80,,Pravna oseba
Mercedes-Benz S-Razred,Mercedes-Benz,1993,226000,Bencin,Avtomatski,197,,Pravna oseba
Volkswagen Caddy,Volkswagen,2017,363636,Dizel,Ročni,102,,Pravna oseba
KIA Ceed,KIA,2019,144000,Bencin,Ročni,120,,Pravna oseba
Renault Mégane,Renault,2009,256000,Dizel,Ročni,131,,Pravna oseba
KIA Sportage,KIA,2013,277000,Dizel,Ročni,116,,Pravna oseba
Volkswagen Golf,Volkswagen,2014,275000,Dizel,Ročni,150,7490,Pravna oseba
MINI Cooper,MINI,2012,213000,Dizel,Ročni,90,,Pravna oseba
KIA Ceed,KIA,2009,262100,Bencin,Ročni,109,790,Pravna oseba
Audi R8,Audi,2016,146780,Bencin,Avtomatski,610,89990,Pravna oseba
Audi A4,Audi,2011,422000,Dizel,Ročni,143,3980,Pravna oseba
Volkswagen Passat,Volkswagen,2006,345678,Dizel,Ročni,140,,Pravna oseba
Renault Mégane,Renault,2010,230000,Bencin,Ročni,250,11000,Pravna oseba
Citroën Dyane,Citroën,1977,23000,Bencin,Ročni,30,,Pravna oseba
Ford Fusion,Ford,2007,134000,Bencin,Ročni,101,,Pravna oseba
Renault Mégane,Renault,2012,190000,Bencin,Ročni,110,850,Pravna oseba
Ford Focus,Ford,2013,283000,Dizel,Ročni,116,2490,Pravna oseba
Mazda Mazda2,Mazda,2010,167000,Bencin,Ročni,75,2650,Pravna oseba
Volkswagen Golf,Volkswagen,2006,225000,Bencin,Ročni,80,,Pravna oseba
Nissan Micra,Nissan,2008,137000,Bencin,Ročni,80,,Pravna oseba
Peugeot 207,Peugeot,2010,200000,Bencin,Ročni,95,,Pravna oseba
Peugeot 2008,Peugeot,2019,79000,Bencin,Ročni,83,8690,Pravna oseba
Volkswagen Golf,Volkswagen,2015,1,Dizel,Avtomatski,110,6990,Pravna oseba
BMW Serija 2,BMW,2020,94000,Dizel,Avtomatski,150,14990,Pravna oseba
Volkswagen Passat,Volkswagen,2015,245000,Dizel,Ročni,150,8990,Pravna oseba
Volkswagen Touran,Volkswagen,2013,1,Dizel,Avtomatski,105,5990,Pravna oseba
Peugeot RCZ,Peugeot,2010,199987,Bencin,Ročni,156,4490,Pravna oseba
BMW Serija 3,BMW,2021,177000,Dizel,Avtomatski,340,,Pravna oseba
BMW Serija 2,BMW,2017,99051,Bencin,Ročni,102,13990,Pravna oseba
Škoda Octavia,Škoda,2004,263000,Dizel,Ročni,105,1790,Pravna oseba
Opel Astra,Opel,2017,188000,Dizel,Avtomatski,136,,Pravna oseba
Citroën DS3,Citroën,2010,298000,Dizel,Ročni,92,,Pravna oseba
Mazda Mazda6,Mazda,2010,258000,Bencin,Ročni,147,,Pravna oseba
Audi A6,Audi,2011,300000,Bencin,Ročni,170,,Pravna oseba
Škoda Octavia,Škoda,2010,285014,Dizel,Ročni,105,2990,Pravna oseba
Peugeot 5008,Peugeot,2010,287440,Dizel,Ročni,109,2300,Pravna oseba
Volvo V40,Volvo,2016,303030,Dizel,Ročni,120,,Pravna oseba
KIA Sportage,KIA,2017,322533,Dizel,Ročni,116,,Pravna oseba
KIA Ceed,KIA,2013,171494,Bencin,Ročni,99,4900,Pravna oseba
Suzuki Swift,Suzuki,2008,225423,Bencin,Ročni,92,1650,Pravna oseba
Volkswagen Golf,Volkswagen,2019,159000,Dizel,Ročni,116,11990,Pravna oseba
BMW Serija 5,BMW,2023,143000,Dizel,Avtomatski,190,34990,Pravna oseba
BMW Serija 5,BMW,2021,169000,Dizel,Avtomatski,286,,Pravna oseba
BMW Serija 5,BMW,2022,179000,Dizel,Avtomatski,286,31990,Pravna oseba
Mercedes-Benz E-Razred,Mercedes-Benz,2017,168000,Dizel,Avtomatski,194,19990,Pravna oseba
Volkswagen Caravelle,Volkswagen,2019,199815,Dizel,Ročni,150,24990,Pravna oseba
Audi A4 Allroad,Audi,2015,199560,Dizel,Avtomatski,190,,Pravna oseba
BMW Serija 4,BMW,2015,215000,Dizel,Avtomatski,190,15990,Pravna oseba
Audi A4,Audi,2018,1,Dizel,Ročni,122,14990,Pravna oseba
Mercedes-Benz GLB-Razred,Mercedes-Benz,2022,142000,Dizel,Avtomatski,150,30990,Pravna oseba
Mercedes-Benz A-Razred,Mercedes-Benz,2007,323232,Dizel,Ročni,109,,Pravna oseba
Peugeot Expert,Peugeot,2009,315882,Dizel,Ročni,120,3490,Pravna oseba
Opel Astra,Opel,2020,122838,Dizel,Ročni,105,7490,Pravna oseba
Opel Corsa,Opel,2008,193000,Bencin,Ročni,90,,Pravna oseba
Peugeot 308,Peugeot,2016,280000,Dizel,Ročni,120,,Pravna oseba
Hyundai i20,Hyundai,2013,94000,Bencin,Ročni,84,,Pravna oseba
Volkswagen Eos,Volkswagen,2008,322863,Dizel,Ročni,140,1990,Pravna oseba
Volkswagen Touran,Volkswagen,2010,441000,Bencin,Ročni,102,,Pravna oseba
Volkswagen Golf,Volkswagen,2002,310003,Dizel,Ročni,101,1590,Pravna oseba
Renault Mégane,Renault,2008,419000,Bencin,Ročni,110,,Pravna oseba
Mercedes-Benz A-Razred,Mercedes-Benz,2019,115000,Bencin,Avtomatski,306,,Pravna oseba
Mercedes-Benz A-Razred,Mercedes-Benz,2019,145000,Bencin,Avtomatski,190,22990,Pravna oseba
Volkswagen Golf,Volkswagen,2017,169000,Dizel,Ročni,110,8990,Pravna oseba
BMW X7,BMW,2023,105000,Dizel,Avtomatski,340,79990,Pravna oseba
BMW Serija 3,BMW,2021,128000,Dizel,Avtomatski,150,23990,Pravna oseba
BMW X5,BMW,2014,249000,Dizel,Avtomatski,381,,Pravna oseba
BMW X5,BMW,2022,128000,Dizel,Avtomatski,286,49990,Pravna oseba
Mercedes-Benz C-Razred,Mercedes-Benz,2016,169000,Dizel,Avtomatski,170,13490,Pravna oseba
BMW serija 3 Cabrio:,BMW,2008,1,Dizel,Ročni,177,,Pravna oseba
Mercedes-Benz GLE-Razred,Mercedes-Benz,2024,59000,Dizel,Avtomatski,290,,Pravna oseba
BMW X4,BMW,2021,158000,Dizel,Avtomatski,286,,Pravna oseba
BMW X5,BMW,2020,159000,Dizel,Avtomatski,265,44990,Pravna oseba
Toyota Avensis,Toyota,2008,393000,Dizel,Ročni,150,1490,Pravna oseba
BMW X1,BMW,2016,207000,Dizel,Avtomatski,150,,Pravna oseba
Audi Q8,Audi,2022,159000,Dizel,Avtomatski,286,,Pravna oseba
BMW X4,BMW,2019,159000,Dizel,Avtomatski,265,,Pravna oseba
BMW serija 2 Gran Coupe:,BMW,2021,99000,Dizel,Avtomatski,116,22990,Pravna oseba
Hyundai i30 Wagon,Hyundai,2009,350000,Dizel,Ročni,116,,Pravna oseba
Smart Smart forfour,Smart,2015,125000,Bencin,Ročni,90,,Pravna oseba
Renault Mégane,Renault,2012,239544,Dizel,Ročni,110,3490,Pravna oseba
Škoda Superb,Škoda,2009,360000,Dizel,Ročni,105,,Pravna oseba
Škoda Roomster,Škoda,2014,286000,Dizel,Ročni,90,3290,Pravna oseba
Opel Mokka,Opel,2016,219196,Dizel,Ročni,136,6990,Pravna oseba
Audi A4,Audi,2013,329386,Dizel,Avtomatski,245,,Pravna oseba
Volkswagen Caravelle,Volkswagen,2023,74000,Dizel,Ročni,110,27000,Pravna oseba
Toyota Yaris,Toyota,2008,192492,Dizel,Ročni,90,2990,Pravna oseba
Citroën C1,Citroën,2014,86000,Bencin,Ročni,68,,Pravna oseba
BMW X1,BMW,2021,89000,Bencin,Avtomatski,136,,Pravna oseba
BMW Serija 5,BMW,2022,169000,Bencin,Avtomatski,184,29990,Pravna oseba
Audi Q5,Audi,2017,165000,Dizel,Avtomatski,190,,Pravna oseba
Audi A6,Audi,2020,179000,Dizel,Avtomatski,204,,Pravna oseba
Mercedes-Benz V-Razred,Mercedes-Benz,2016,197000,Dizel,Avtomatski,190,26990,Pravna oseba
Volkswagen Golf,Volkswagen,2014,240000,Bencin,Ročni,105,,Pravna oseba
Mercedes-Benz C-Razred,Mercedes-Benz,2005,340000,Dizel,Ročni,122,,Pravna oseba
Škoda Fabia,Škoda,2013,200000,Dizel,Ročni,90,,Pravna oseba
Škoda Roomster,Škoda,2012,198198,Dizel,Ročni,105,,Pravna oseba
Dacia Lodgy,Dacia,2012,177771,Dizel,Ročni,107,,Pravna oseba
Volkswagen Golf,Volkswagen,2011,240000,Dizel,Ročni,105,,Pravna oseba
Lancia Ypsilon,Lancia,2011,210000,Bencin,Avtomatski,86,,Pravna oseba
Ford Fiesta,Ford,2013,290000,Bencin,Ročni,125,,Pravna oseba
Hyundai Tucson,Hyundai,2007,350000,Bencin,Ročni,141,,Pravna oseba
Mercedes-Benz E-Razred,Mercedes-Benz,2008,235000,Bencin,Avtomatski,204,6490,Pravna oseba
Mercedes-Benz GLE-Razred,Mercedes-Benz,2022,137000,Dizel,Avtomatski,272,52990,Pravna oseba
Audi A6,Audi,2012,1,Dizel,Avtomatski,177,8490,Pravna oseba
Mercedes-Benz S-Razred,Mercedes-Benz,2018,188000,Dizel,Avtomatski,286,,Pravna oseba
Mercedes-Benz S-Razred,Mercedes-Benz,2018,188000,Dizel,Avtomatski,286,,Pravna oseba
Mercedes-Benz GLE-Razred,Mercedes-Benz,2019,109000,Dizel,Avtomatski,330,,Pravna oseba
Audi Q5,Audi,2013,1,Dizel,Avtomatski,150,13490,Pravna oseba
Mercedes-Benz GLC-Razred,Mercedes-Benz,2023,117000,Bencin,Avtomatski,320,36990,Pravna oseba
Mercedes-Benz GLC-Razred,Mercedes-Benz,2023,117000,Hibrid,Avtomatski,320,36990,Pravna oseba
BMW X3,BMW,2022,179000,Dizel,Avtomatski,340,41990,Pravna oseba
Volkswagen Golf,Volkswagen,2018,179000,Dizel,Ročni,150,13990,Pravna oseba
Audi A6,Audi,2020,198000,Bencin,Avtomatski,340,27990,Pravna oseba
Mercedes-Benz E-Razred,Mercedes-Benz,2015,265000,Dizel,Avtomatski,204,11990,Pravna oseba
Volkswagen Golf,Volkswagen,2016,116000,Dizel,Avtomatski,116,,Pravna oseba
Peugeot 5008,Peugeot,2017,262000,Dizel,Avtomatski,120,,Pravna oseba
Opel Corsa,Opel,2010,171695,Bencin,Ročni,192,,Pravna oseba
BMW Serija 2,BMW,2020,167303,Dizel,Avtomatski,150,,Pravna oseba
BMW X5,BMW,2008,340000,Dizel,Avtomatski,286,,Pravna oseba
Opel Antara,Opel,2009,257000,Dizel,Ročni,150,,Pravna oseba
Volkswagen Golf,Volkswagen,2013,242000,Dizel,Ročni,105,,Pravna oseba
Audi A6,Audi,2014,198701,Dizel,Ročni,190,,Pravna oseba
Volkswagen up!,Volkswagen,2012,95000,Bencin,Avtomatski,75,,Pravna oseba
Volvo V60 Cross Country,Volvo,2016,240000,Dizel,Avtomatski,150,,Pravna oseba
Volvo S60,Volvo,2011,175000,Dizel,Avtomatski,163,,Pravna oseba
Audi Q7,Audi,2017,198776,Dizel,Avtomatski,374,,Pravna oseba
BMW Serija 3,BMW,2016,249000,Dizel,Ročni,150,8990,Pravna oseba
BMW Serija 3,BMW,2015,179000,Dizel,Ročni,150,,Pravna oseba
BMW serija 2 Coupe:,BMW,2015,287000,Dizel,Avtomatski,190,9990,Pravna oseba
Audi Q5,Audi,2017,149000,Dizel,Avtomatski,190,,Pravna oseba
Audi A6,Audi,2016,1,Dizel,Avtomatski,218,,Pravna oseba
Volkswagen Amarok,Volkswagen,2016,1,Dizel,Avtomatski,224,,Pravna oseba
Mercedes-Benz S-Razred,Mercedes-Benz,2021,215000,Dizel,Avtomatski,286,,Pravna oseba
BMW Serija 5,BMW,2021,157000,Dizel,Avtomatski,286,,Pravna oseba
Mercedes-Benz E-Razred,Mercedes-Benz,2017,227013,Dizel,Avtomatski,194,,Pravna oseba
Audi Q5,Audi,2022,159000,Hibrid,Avtomatski,265,34990,Pravna oseba
Audi A4,Audi,2008,1,Dizel,Ročni,143,,Pravna oseba
Mercedes-Benz E-Razred,Mercedes-Benz,2016,1,Dizel,Avtomatski,170,19990,Pravna oseba
BMW X4,BMW,2019,104000,Dizel,Avtomatski,190,31990,Pravna oseba
BMW X3,BMW,2022,179000,Dizel,Avtomatski,190,33990,Pravna oseba
Audi Q5,Audi,2022,159000,Bencin,Avtomatski,265,34990,Pravna oseba
BMW X1,BMW,2018,169000,Dizel,Avtomatski,190,18990,Pravna oseba
Audi A5,Audi,2010,1,Dizel,Ročni,170,,Pravna oseba
BMW X6,BMW,2021,109000,Dizel,Avtomatski,286,57990,Pravna oseba
BMW X4,BMW,2019,82000,Dizel,Avtomatski,265,,Pravna oseba
Audi A5,Audi,2017,99568,Bencin,Avtomatski,252,23990,Pravna oseba
BMW serija 2 Gran Coupe:,BMW,2022,169887,Bencin,Avtomatski,306,,Pravna oseba
Mercedes-Benz GLE-Razred,Mercedes-Benz,2021,117570,Hibrid,Avtomatski,320,49990,Pravna oseba
Mercedes-Benz GLE-Razred,Mercedes-Benz,2021,117569,Dizel,Avtomatski,320,49990,Pravna oseba
BMW X5,BMW,2024,19000,Dizel,Avtomatski,286,75990,Pravna oseba
BMW X4,BMW,2019,82000,Dizel,Avtomatski,265,,Pravna oseba
Audi Q3,Audi,2020,189236,Dizel,Avtomatski,150,,Pravna oseba
BMW X6,BMW,2021,159000,Dizel,Avtomatski,400,,Pravna oseba
BMW X3,BMW,2019,169458,Bencin,Avtomatski,184,23990,Pravna oseba
Mercedes-Benz GLC-Razred,Mercedes-Benz,2019,169456,Dizel,Avtomatski,245,30990,Pravna oseba
Audi Q5,Audi,2017,159000,Dizel,Avtomatski,190,,Pravna oseba
Mercedes-Benz GLC-Razred,Mercedes-Benz,2020,115776,Bencin,Avtomatski,197,,Pravna oseba
Mercedes-Benz GLC-Razred,Mercedes-Benz,2023,124000,Dizel,Avtomatski,197,,Pravna oseba
Audi Q5,Audi,2017,159000,Dizel,Avtomatski,190,,Pravna oseba
Mercedes-Benz GLE-Razred,Mercedes-Benz,2022,129000,Hibrid,Avtomatski,194,53990,Pravna oseba
BMW Serija 2,BMW,2016,216000,Dizel,Avtomatski,190,9490,Pravna oseba
BMW X4,BMW,2019,178000,Dizel,Avtomatski,265,,Pravna oseba
Volkswagen Tiguan,Volkswagen,2017,168775,Dizel,Avtomatski,239,,Pravna oseba
BMW X3,BMW,2019,151000,Dizel,Avtomatski,150,,Pravna oseba
Audi Q3,Audi,2020,98775,Dizel,Avtomatski,150,,Pravna oseba
BMW X3,BMW,2014,1,Dizel,Avtomatski,190,11990,Pravna oseba
Mercedes-Benz GLC-Razred,Mercedes-Benz,2023,124000,Dizel,Avtomatski,197,,Pravna oseba
Volkswagen Golf,Volkswagen,2007,1,Dizel,Avtomatski,105,2790,Pravna oseba
Audi Q7,Audi,2017,195000,Dizel,Avtomatski,374,,Pravna oseba
Audi Q3,Audi,2020,95000,Dizel,Avtomatski,190,,Pravna oseba
Peugeot 208,Peugeot,2015,179000,Bencin,Ročni,82,,Pravna oseba
Mercedes-Benz GLC-Razred,Mercedes-Benz,2017,179000,Bencin,Avtomatski,211,,Pravna oseba
Jeep Renegade,Jeep,2024,37558,Bencin,Avtomatski,129,,Pravna oseba
Mercedes-Benz GLC-Razred,Mercedes-Benz,2017,198000,Dizel,Avtomatski,170,24990,Pravna oseba
Mercedes-Benz GLC-Razred,Mercedes-Benz,2020,115776,Bencin,Avtomatski,197,,Pravna oseba
Ford Focus,Ford,2014,294126,Dizel,Avtomatski,116,,Pravna oseba
Ford Edge,Ford,2017,297815,Dizel,Ročni,179,,Pravna oseba
Audi A3,Audi,2012,295000,Dizel,Avtomatski,140,,Pravna oseba
Mercedes-Benz GLE-Razred,Mercedes-Benz,2019,109000,Dizel,Avtomatski,330,,Pravna oseba
Mercedes-Benz GLC-Razred,Mercedes-Benz,2017,189000,Dizel,Avtomatski,204,,Pravna oseba
Volvo V90,Volvo,2018,1,Dizel,Avtomatski,150,11990,Pravna oseba
Fiat 500L,Fiat,2016,114000,Bencin,Ročni,95,,Pravna oseba
BMW X4,BMW,2019,159000,Dizel,Avtomatski,286,,Pravna oseba
Mazda Mazda3,Mazda,2022,154460,Bencin,Ročni,122,,Pravna oseba
Mercedes-Benz A-Razred,Mercedes-Benz,2019,159000,Bencin,Avtomatski,190,20990,Pravna oseba
Mercedes-Benz CLA-Razred,Mercedes-Benz,2018,205000,Dizel,Avtomatski,136,,Pravna oseba
BMW Serija 3,BMW,2020,159000,Dizel,Avtomatski,190,23990,Pravna oseba
BMW Serija 3,BMW,2023,149000,Dizel,Avtomatski,340,41990,Pravna oseba
Audi A6,Audi,2018,1,Dizel,Avtomatski,272,,Pravna oseba
Volkswagen Arteon,Volkswagen,2020,47000,Bencin,Avtomatski,190,,Pravna oseba
BMW X6,BMW,2020,156000,Dizel,Avtomatski,286,49990,Pravna oseba
Audi Q7,Audi,2016,213000,Hibrid,Avtomatski,374,,Pravna oseba
Mercedes-Benz SLC-Razred,Mercedes-Benz,2016,62000,Bencin,Avtomatski,184,,Pravna oseba
BMW X3,BMW,2019,159368,Dizel,Avtomatski,265,,Pravna oseba
Audi A4,Audi,2020,197552,Dizel,Avtomatski,190,18990,Pravna oseba
Audi A4,Audi,2016,146562,Dizel,Ročni,150,14390,Pravna oseba
Audi A1,Audi,2021,63360,Bencin,Avtomatski,110,18590,Pravna oseba
Mercedes-Benz GLB-Razred,Mercedes-Benz,2020,173000,Dizel,Avtomatski,150,,Pravna oseba
Audi A6,Audi,2016,1,Dizel,Avtomatski,190,,Pravna oseba
BMW X1,BMW,2019,178000,Dizel,Avtomatski,190,,Pravna oseba
Mercedes-Benz B-Razred,Mercedes-Benz,2019,169000,Bencin,Avtomatski,163,,Pravna oseba
BMW Serija 5,BMW,2014,1,Dizel,Avtomatski,218,,Pravna oseba
Volkswagen Caravelle,Volkswagen,2020,179511,Dizel,Avtomatski,150,,Pravna oseba
Mercedes-Benz C-Razred,Mercedes-Benz,2015,265000,Dizel,Avtomatski,136,,Pravna oseba
BMW X2,BMW,2018,1,Dizel,Ročni,150,15990,Pravna oseba
Audi Q7,Audi,2020,1,Dizel,Avtomatski,286,,Pravna oseba
Mazda Mazda6,Mazda,2017,160000,Dizel,Ročni,150,,Pravna oseba
Mercedes-Benz C-Razred,Mercedes-Benz,2018,219000,Dizel,Avtomatski,150,14490,Pravna oseba
Mercedes-Benz GLC-Razred,Mercedes-Benz,2020,44000,Bencin,Avtomatski,197,,Pravna oseba
BMW Serija 1,BMW,2020,68000,Dizel,Ročni,116,,Pravna oseba
BMW Serija 1,BMW,2021,35000,Bencin,Avtomatski,136,,Pravna oseba
Renault Mégane,Renault,2011,217000,Bencin,Ročni,110,,Pravna oseba
Audi A4,Audi,2008,378000,Dizel,Ročni,140,,Pravna oseba
Audi Q5,Audi,2021,119852,Dizel,Avtomatski,204,,Pravna oseba
Volkswagen Tiguan,Volkswagen,2015,278000,Dizel,Avtomatski,150,,Pravna oseba
Mercedes-Benz GLC-Razred,Mercedes-Benz,2016,316000,Dizel,Avtomatski,170,15990,Pravna oseba
Škoda Kodiaq,Škoda,2023,159000,Dizel,Avtomatski,150,,Pravna oseba
Hyundai ix20,Hyundai,2011,105000,Bencin,Ročni,125,,Pravna oseba
Land Rover Range Rover Sport,Land,2011,264000,Dizel,Avtomatski,256,,Pravna oseba
Peugeot 5008,Peugeot,2013,1,Dizel,Ročni,150,3490,Pravna oseba
BMW Serija 4,BMW,2015,1,Dizel,Avtomatski,190,14990,Pravna oseba
Audi Q8,Audi,2020,119365,Dizel,Avtomatski,286,,Pravna oseba
Audi Q3,Audi,2022,124000,Dizel,Avtomatski,200,,Pravna oseba
Audi A8,Audi,2019,128000,Dizel,Avtomatski,286,41990,Pravna oseba
Mercedes-Benz Vito,Mercedes-Benz,2018,169000,Dizel,Avtomatski,163,21990,Pravna oseba
Ford S-MAX,Ford,2008,1,Dizel,Ročni,140,2400,Pravna oseba
Suzuki Vitara,Suzuki,2017,208000,Dizel,Ročni,120,10490,Pravna oseba
BMW Serija 5,BMW,2019,179000,Bencin,Avtomatski,184,19990,Pravna oseba
BMW Serija 1,BMW,2007,287000,Dizel,Ročni,143,2990,Pravna oseba
Mercedes-Benz CLA-Razred,Mercedes-Benz,2020,98000,Bencin,Avtomatski,306,,Pravna oseba
Citroën Berlingo,Citroën,2020,92000,Dizel,Avtomatski,131,,Pravna oseba
BMW Serija 5,BMW,2016,259000,Dizel,Avtomatski,190,10990,Pravna oseba
BMW X3,BMW,2019,159000,Dizel,Avtomatski,190,23990,Pravna oseba
Mercedes-Benz GLC-Razred,Mercedes-Benz,2017,1,Dizel,Avtomatski,163,23990,Pravna oseba
BMW X3,BMW,2020,82000,Dizel,Avtomatski,326,,Pravna oseba
BMW serija 3 Cabrio:,BMW,2008,1,Dizel,Ročni,177,,Pravna oseba
Volvo XC60,Volvo,2015,239887,Dizel,Ročni,190,,Pravna oseba
BMW Serija 3,BMW,2022,118000,Dizel,Avtomatski,190,,Pravna oseba
BMW Serija 5,BMW,2016,286000,Dizel,Avtomatski,218,,Pravna oseba
Mercedes-Benz E-Razred,Mercedes-Benz,2013,245000,Dizel,Avtomatski,170,14990,Pravna oseba
Audi Q5,Audi,2020,159000,Dizel,Avtomatski,190,27990,Pravna oseba
Audi A6,Audi,2015,1,Dizel,Avtomatski,218,,Pravna oseba
Ford S-MAX,Ford,2019,179000,Dizel,Avtomatski,190,17990,Pravna oseba
Seat Leon,Seat,2020,189000,Dizel,Avtomatski,150,13990,Pravna oseba
Mercedes-Benz C-Razred,Mercedes-Benz,2011,1,Dizel,Ročni,136,4990,Pravna oseba
BMW X7,BMW,2021,155549,Dizel,Avtomatski,340,59990,Pravna oseba
Mercedes-Benz E-Razred,Mercedes-Benz,2014,189066,Dizel,Ročni,204,14490,Pravna oseba
BMW X6,BMW,2015,215000,Dizel,Avtomatski,258,21990,Pravna oseba
BMW X3,BMW,2019,179000,Bencin,Avtomatski,252,25990,Pravna oseba
BMW X3,BMW,2020,127000,Dizel,Avtomatski,190,27990,Pravna oseba
Ford C-MAX,Ford,2018,139000,Dizel,Ročni,120,9490,Pravna oseba
Audi A8,Audi,2021,139000,Dizel,Avtomatski,286,49990,Pravna oseba
Audi A8,Audi,2021,139000,Dizel,Avtomatski,286,49990,Pravna oseba
Audi SQ7,Audi,2018,197000,Dizel,Avtomatski,435,32990,Pravna oseba
Audi Q7,Audi,2018,197000,Dizel,Avtomatski,435,32990,Pravna oseba
BMW X6,BMW,2023,106000,Dizel,Avtomatski,340,,Pravna oseba
BMW X6,BMW,2022,85000,Dizel,Avtomatski,286,,Pravna oseba
BMW M5,BMW,2005,103766,Bencin,Avtomatski,507,36990,Pravna oseba
BMW X1,BMW,2017,1,Dizel,Ročni,150,,Pravna oseba
Škoda Kodiaq,Škoda,2021,139000,Dizel,Avtomatski,150,25990,Pravna oseba
BMW X5,BMW,2020,109254,Dizel,Avtomatski,265,44990,Pravna oseba
Audi Q3,Audi,2020,139000,Dizel,Avtomatski,150,27990,Pravna oseba
Tesla Model X,Tesla,2017,74000,,Avtomatski,525,29990,Pravna oseba
Citroën C4,Citroën,2015,1,Dizel,Avtomatski,116,3990,Pravna oseba
BMW Serija 5,BMW,2022,129000,Dizel,Avtomatski,340,,Pravna oseba
Audi A6,Audi,2019,139000,Dizel,Avtomatski,286,,Pravna oseba
Škoda Kodiaq,Škoda,2024,108000,Dizel,Avtomatski,150,34990,Pravna oseba
Seat Alhambra,Seat,2018,175000,Dizel,Avtomatski,150,,Pravna oseba
Mercedes-Benz E-Razred,Mercedes-Benz,2018,1,Bencin,Avtomatski,184,21990,Pravna oseba
Alfa Romeo Stelvio,Alfa,2018,184000,Dizel,Avtomatski,190,14990,Pravna oseba
Volkswagen Golf,Volkswagen,2010,155000,Bencin,Ročni,105,,Pravna oseba
Audi A5,Audi,2007,315000,Dizel,Ročni,239,5490,Pravna oseba
Ford Kuga,Ford,2015,1,Dizel,Ročni,140,6990,Pravna oseba
BMW Serija 3,BMW,2013,254000,Dizel,Ročni,143,,Pravna oseba
BMW Serija 3,BMW,2021,184000,Dizel,Avtomatski,286,29990,Pravna oseba
Mercedes-Benz C-Razred,Mercedes-Benz,2017,184000,Bencin,Avtomatski,367,,Pravna oseba
Mercedes-Benz E-Razred,Mercedes-Benz,2015,195000,Dizel,Avtomatski,170,,Pravna oseba
Volkswagen Tiguan,Volkswagen,2019,149000,Dizel,Avtomatski,150,19990,Pravna oseba
BMW Serija 5,BMW,2022,100000,Dizel,Avtomatski,150,27490,Pravna oseba
Audi A7,Audi,2012,259000,Dizel,Avtomatski,245,13990,Pravna oseba
Volkswagen Touareg,Volkswagen,2022,145000,Dizel,Avtomatski,286,41990,Pravna oseba
BMW X1,BMW,2018,149000,Dizel,Ročni,116,13990,Pravna oseba
BMW iX,BMW,2022,76000,,Avtomatski,523,,Pravna oseba
Mercedes-Benz A-Razred,Mercedes-Benz,2015,119000,Bencin,Avtomatski,360,,Pravna oseba
Citroën C4 Grand Picasso,Citroën,2008,199000,Bencin,Ročni,125,,Pravna oseba
Audi Q8,Audi,2021,143000,Dizel,Avtomatski,286,51990,Pravna oseba
BMW X1,BMW,2017,189000,Bencin,Avtomatski,231,16990,Pravna oseba
Audi Q5,Audi,2016,265000,Dizel,Avtomatski,190,,Pravna oseba
Volkswagen Touareg,Volkswagen,2022,135000,Dizel,Avtomatski,286,41990,Pravna oseba
Mercedes-Benz A-Razred,Mercedes-Benz,2020,125776,Bencin,Avtomatski,306,28990,Pravna oseba
Mercedes-Benz V-Razred,Mercedes-Benz,2015,1,Dizel,Avtomatski,204,,Pravna oseba
Mercedes-Benz C-Razred,Mercedes-Benz,2020,99000,Dizel,Avtomatski,160,,Pravna oseba
Mercedes-Benz GLC-Razred,Mercedes-Benz,2017,119000,Dizel,Avtomatski,204,,Pravna oseba
Mercedes-Benz GLC-Razred,Mercedes-Benz,2024,29000,Dizel,Avtomatski,333,53490,Pravna oseba
BMW X5,BMW,2020,176000,Dizel,Avtomatski,400,,Pravna oseba
Volkswagen Passat,Volkswagen,2023,84000,Dizel,Avtomatski,122,21990,Pravna oseba
Mercedes-Benz CLA-Razred,Mercedes-Benz,2015,169000,Dizel,Avtomatski,136,,Pravna oseba
BMW Serija 7,BMW,2016,1,Dizel,Avtomatski,320,29990,Pravna oseba
Mercedes-Benz GLB-Razred,Mercedes-Benz,2023,99254,Dizel,Avtomatski,150,34990,Pravna oseba
Mercedes-Benz E-Razred,Mercedes-Benz,2021,169000,Hibrid,Avtomatski,306,,Pravna oseba
BMW Serija 5,BMW,2011,1,Dizel,Ročni,184,,Pravna oseba
BMW X3,BMW,2025,29000,Dizel,Avtomatski,197,55490,Pravna oseba
Audi A3,Audi,2016,208000,Dizel,Avtomatski,110,,Pravna oseba
Mercedes-Benz E-Razred,Mercedes-Benz,2017,119885,Dizel,Avtomatski,286,,Pravna oseba
Mercedes-Benz GLC-Razred,Mercedes-Benz,2022,176000,Dizel,Avtomatski,194,,Pravna oseba
Peugeot 2008,Peugeot,2019,56000,Bencin,Ročni,131,,Pravna oseba
Mercedes-Benz GLE-Razred,Mercedes-Benz,2023,86000,Dizel,Avtomatski,330,,Pravna oseba
Ford S-MAX,Ford,2016,189000,Dizel,Avtomatski,150,11990,Pravna oseba
Mercedes-Benz C-Razred,Mercedes-Benz,2019,159000,Bencin,Avtomatski,184,,Pravna oseba
Mercedes-Benz B-Razred,Mercedes-Benz,2017,145000,Dizel,Avtomatski,109,,Pravna oseba
BMW X5,BMW,2019,175667,Dizel,Avtomatski,286,,Pravna oseba
Mercedes-Benz A-Razred,Mercedes-Benz,2015,119000,Bencin,Avtomatski,360,,Pravna oseba
BMW X1,BMW,2015,249000,Dizel,Ročni,116,,Pravna oseba
BMW Serija 3,BMW,2021,175000,Bencin,Avtomatski,292,,Pravna oseba
BMW Serija 3,BMW,2021,175000,Hibrid,Avtomatski,292,,Pravna oseba
BMW X3,BMW,2022,95871,Dizel,Avtomatski,150,,Pravna oseba
Peugeot 508,Peugeot,2011,245000,Bencin,Ročni,156,,Pravna oseba
BMW X3,BMW,2023,68000,Dizel,Avtomatski,190,,Pravna oseba
Mercedes-Benz GLC-Razred,Mercedes-Benz,2017,198000,Dizel,Avtomatski,170,24990,Pravna oseba
BMW Serija 2,BMW,2022,135000,Bencin,Avtomatski,136,21990,Pravna oseba
Mercedes-Benz GLC-Razred,Mercedes-Benz,2024,29000,Hibrid,Avtomatski,333,53490,Pravna oseba
BMW Serija 2,BMW,2022,135000,Bencin,Avtomatski,136,21990,Pravna oseba
Audi Q5,Audi,2021,136000,Dizel,Avtomatski,204,34990,Pravna oseba
BMW Serija 7,BMW,2021,102000,Dizel,Avtomatski,286,,Pravna oseba
Mercedes-Benz E-Razred,Mercedes-Benz,2016,208997,Dizel,Avtomatski,194,19990,Pravna oseba
BMW serija 3 Coupe:,BMW,2010,219000,Bencin,Ročni,143,9490,Pravna oseba
BMW X5,BMW,2014,255000,Dizel,Avtomatski,381,,Pravna oseba
Ford Grand C-Max,Ford,2018,128000,Dizel,Ročni,120,,Pravna oseba
Mercedes-Benz C-Razred,Mercedes-Benz,2016,1,Dizel,Avtomatski,170,,Pravna oseba
Audi Q3,Audi,2019,179000,Bencin,Ročni,150,21990,Pravna oseba
Mercedes-Benz GLC-Razred,Mercedes-Benz,2020,179000,Dizel,Avtomatski,194,,Pravna oseba
BMW serija 2 Gran Coupe:,BMW,2021,105000,Dizel,Avtomatski,116,,Pravna oseba
Audi Q5,Audi,2020,159000,Dizel,Avtomatski,190,,Pravna oseba
Audi Q7,Audi,2017,198776,Hibrid,Avtomatski,374,,Pravna oseba
Mercedes-Benz GLE-Razred,Mercedes-Benz,2023,149000,Hibrid,Avtomatski,320,,Pravna oseba
BMW Serija 2,BMW,2017,1,Dizel,Ročni,116,,Pravna oseba
Audi Q8,Audi,2019,149000,Dizel,Avtomatski,286,47990,Pravna oseba
Mercedes-Benz C-Razred,Mercedes-Benz,2016,179000,Bencin,Avtomatski,156,,Pravna oseba
Volkswagen Multivan,Volkswagen,2023,132000,Dizel,Avtomatski,150,,Pravna oseba
Porsche Panamera,Porsche,2010,241000,Bencin,Avtomatski,500,,Pravna oseba
Mercedes-Benz V-Razred,Mercedes-Benz,2019,176000,Dizel,Ročni,136,,Pravna oseba
Audi A6,Audi,2015,275000,Dizel,Avtomatski,190,12990,Pravna oseba
Audi Q5,Audi,2020,123000,Dizel,Avtomatski,190,29990,Pravna oseba
BMW Serija 1,BMW,2018,167000,Dizel,Ročni,150,,Pravna oseba
Audi A5,Audi,2015,179000,Dizel,Avtomatski,150,15990,Pravna oseba
BMW Serija 5,BMW,2010,1,Dizel,Avtomatski,184,,Pravna oseba
BMW Serija 5,BMW,2021,199776,Dizel,Avtomatski,150,,Pravna oseba
Audi Q3,Audi,2019,94667,Bencin,Avtomatski,150,,Pravna oseba
Volkswagen Caddy,Volkswagen,2015,117000,Dizel,Ročni,102,,Pravna oseba
Volkswagen Golf,Volkswagen,2016,174000,Dizel,Ročni,116,,Pravna oseba
Mercedes-Benz C-Razred,Mercedes-Benz,2018,1,Dizel,Avtomatski,170,23990,Pravna oseba
Porsche 911 Cabriolet,Porsche,2010,89000,Bencin,Avtomatski,530,,Pravna oseba
Mercedes-Benz CLA-Razred,Mercedes-Benz,2021,57000,Hibrid,Avtomatski,218,,Pravna oseba
Mercedes-Benz CLA-Razred,Mercedes-Benz,2021,57000,Bencin,Avtomatski,224,,Pravna oseba
Škoda Octavia,Škoda,2022,10800,Bencin,Avtomatski,150,25980,Pravna oseba
Ford Ranger,Ford,2017,105000,Dizel,Avtomatski,200,,Pravna oseba
Mercedes-Benz GLC-Razred,Mercedes-Benz,2016,178000,Dizel,Avtomatski,204,,Pravna oseba
Volkswagen Golf,Volkswagen,2016,98000,Dizel,Ročni,110,,Pravna oseba
Mercedes-Benz E-Razred,Mercedes-Benz,2017,187000,Dizel,Avtomatski,194,,Pravna oseba
BMW Serija 5,BMW,2016,1,Dizel,Avtomatski,190,,Pravna oseba
Opel Combo,Opel,2020,99000,Dizel,Ročni,131,,Pravna oseba
Audi Q7,Audi,2020,163372,Dizel,Avtomatski,231,,Pravna oseba
Mercedes-Benz GLC-Razred,Mercedes-Benz,2020,136009,Dizel,Avtomatski,194,,Pravna oseba
BMW Serija 5,BMW,2019,139000,Dizel,Avtomatski,265,,Pravna oseba
BMW Serija 5,BMW,2014,279000,Dizel,Avtomatski,218,,Pravna oseba
BYD SEAL 6,BYD,,,Hibrid,Avtomatski,212,36200,Pravna oseba
Nissan Qashqai,Nissan,2019,102404,,Ročni,140,14999,Pravna oseba
Mercedes-Benz E-Razred,Mercedes-Benz,2018,67579,Bencin,Avtomatski,333,24990,Pravna oseba
Volkswagen Touran,Volkswagen,2023,137272,Dizel,Avtomatski,150,22880,Pravna oseba
Peugeot 1007,Peugeot,2006,69000,Bencin,Avtomatski,109,3500,Fizična oseba
Citroën C5 Aircross,Citroën,,,Bencin,Avtomatski,136,Cena po dogovoru,Pravna oseba
Citroën C5 Aircross,Citroën,,,Bencin,Avtomatski,145,Cena po dogovoru,Pravna oseba
Citroën C4,Citroën,,,Bencin,Avtomatski,145,Cena po dogovoru,Pravna oseba
Citroën Berlingo,Citroën,,,Dizel,Avtomatski,131,Cena po dogovoru,Pravna oseba
Citroën C4,Citroën,,,Bencin,Avtomatski,145,Cena po dogovoru,Pravna oseba
Citroën Berlingo,Citroën,,,Dizel,Ročni,131,Cena po dogovoru,Pravna oseba
Citroën Berlingo,Citroën,,,Dizel,Ročni,102,Cena po dogovoru,Pravna oseba
Citroën C4,Citroën,,,Bencin,Avtomatski,145,Cena po dogovoru,Pravna oseba
Citroën Berlingo,Citroën,,,Dizel,Avtomatski,131,Cena po dogovoru,Pravna oseba
Citroën C5 Aircross,Citroën,,,Bencin,Avtomatski,145,Cena po dogovoru,Pravna oseba
Citroën C5 Aircross,Citroën,,,Bencin,Avtomatski,145,Cena po dogovoru,Pravna oseba
Citroën C5 Aircross,Citroën,,,Bencin,Avtomatski,145,Cena po dogovoru,Pravna oseba
Citroën C3 Aircross,Citroën,,,Bencin,Avtomatski,145,Cena po dogovoru,Pravna oseba
Citroën C4,Citroën,,,Bencin,Avtomatski,145,Cena po dogovoru,Pravna oseba
Citroën Berlingo,Citroën,,,Dizel,Ročni,131,Cena po dogovoru,Pravna oseba
Citroën C3 Aircross,Citroën,,,Bencin,Ročni,101,Cena po dogovoru,Pravna oseba
Citroën C3 Aircross,Citroën,,,Bencin,Ročni,101,Cena po dogovoru,Pravna oseba
Citroën C3,Citroën,,,Bencin,Ročni,101,Cena po dogovoru,Pravna oseba
Citroën C3,Citroën,,,,Avtomatski,113,Cena po dogovoru,Pravna oseba
Renault Clio,Renault,2021,157123,Bencin,Ročni,91,9990,Pravna oseba
BMW X2,BMW,2024,5261,Bencin,Avtomatski,156,35990,Pravna oseba
Peugeot 2008,Peugeot,2025,28119,Bencin,Avtomatski,136,22000,Pravna oseba
Citroën C3 Aircross,Citroën,,,,Avtomatski,113,Cena po dogovoru,Pravna oseba
Citroën C3 Aircross,Citroën,,,,Avtomatski,113,Cena po dogovoru,Pravna oseba
Citroën C3,Citroën,,,Bencin,Ročni,101,Cena po dogovoru,Pravna oseba
Citroën C3,Citroën,,,Bencin,Ročni,101,Cena po dogovoru,Pravna oseba
Citroën C3,Citroën,,,Bencin,Ročni,101,Cena po dogovoru,Pravna oseba
Citroën C3 Aircross,Citroën,,,,Avtomatski,113,Cena po dogovoru,Pravna oseba
Citroën C4,Citroën,,,Bencin,Avtomatski,145,Cena po dogovoru,Pravna oseba
Citroën C4,Citroën,,,Bencin,Avtomatski,136,Cena po dogovoru,Pravna oseba
Citroën C3 Aircross,Citroën,,,,Avtomatski,113,Cena po dogovoru,Pravna oseba
Citroën C3 Aircross,Citroën,,,Bencin,Ročni,101,Cena po dogovoru,Pravna oseba
Citroën C4,Citroën,,,Bencin,Avtomatski,145,Cena po dogovoru,Pravna oseba
Citroën Jumpy,Citroën,,,Dizel,Avtomatski,179,Cena po dogovoru,Pravna oseba
Citroën C3,Citroën,,,,Avtomatski,113,Cena po dogovoru,Pravna oseba
Citroën C3,Citroën,,,Bencin,Ročni,101,Cena po dogovoru,Pravna oseba
Citroën C3 Aircross,Citroën,,,Bencin,Ročni,101,Cena po dogovoru,Pravna oseba
Citroën C3,Citroën,,,Bencin,Ročni,101,Cena po dogovoru,Pravna oseba
Citroën C4 X,Citroën,,,Bencin,Avtomatski,136,Cena po dogovoru,Pravna oseba
Citroën C4,Citroën,,,Bencin,Avtomatski,136,Cena po dogovoru,Pravna oseba
Citroën C4,Citroën,,,Bencin,Avtomatski,136,Cena po dogovoru,Pravna oseba
Citroën Berlingo,Citroën,,,Dizel,Ročni,102,Cena po dogovoru,Pravna oseba
Citroën Berlingo,Citroën,,,Dizel,Ročni,131,Cena po dogovoru,Pravna oseba
Citroën Berlingo,Citroën,,,Dizel,Avtomatski,131,Cena po dogovoru,Pravna oseba
Citroën C3,Citroën,,,Bencin,Ročni,101,Cena po dogovoru,Pravna oseba
Citroën Berlingo,Citroën,,,Dizel,Ročni,102,Cena po dogovoru,Pravna oseba
Citroën C3,Citroën,,,Bencin,Avtomatski,101,Cena po dogovoru,Pravna oseba
Citroën Berlingo,Citroën,,,Dizel,Avtomatski,131,Cena po dogovoru,Pravna oseba
Citroën C3,Citroën,,,Bencin,Ročni,101,Cena po dogovoru,Pravna oseba
Citroën C3,Citroën,,,,Avtomatski,113,Cena po dogovoru,Pravna oseba
Citroën Spacetourer,Citroën,,,Dizel,Avtomatski,177,44690,Pravna oseba
Citroën Spacetourer,Citroën,,,Dizel,Avtomatski,177,43790,Pravna oseba
Citroën Spacetourer,Citroën,,,Dizel,Avtomatski,177,38990,Pravna oseba
Citroën Spacetourer,Citroën,,,Dizel,Avtomatski,177,38090,Pravna oseba
Citroën Jumpy,Citroën,,,Dizel,Avtomatski,179,Cena po dogovoru,Pravna oseba
Citroën Jumpy,Citroën,,,Dizel,Avtomatski,179,Cena po dogovoru,Pravna oseba
KIA EV9,KIA,,,,Avtomatski,385,Cena po dogovoru,Pravna oseba
Citroën Berlingo,Citroën,,,Dizel,Ročni,102,Cena po dogovoru,Pravna oseba
Citroën Berlingo,Citroën,,,Dizel,Ročni,131,Cena po dogovoru,Pravna oseba
Citroën C3,Citroën,,,,Avtomatski,113,Cena po dogovoru,Pravna oseba
Citroën C3,Citroën,,,,Avtomatski,113,Cena po dogovoru,Pravna oseba
Citroën C3,Citroën,,,Bencin,Ročni,101,Cena po dogovoru,Pravna oseba
Citroën C3,Citroën,,,Bencin,Ročni,101,Cena po dogovoru,Pravna oseba
Citroën C3,Citroën,,,,Avtomatski,113,Cena po dogovoru,Pravna oseba
Citroën C3,Citroën,,,,Avtomatski,113,Cena po dogovoru,Pravna oseba
Citroën C3,Citroën,,,,Avtomatski,113,Cena po dogovoru,Pravna oseba
Citroën Berlingo,Citroën,,,Dizel,Avtomatski,131,Cena po dogovoru,Pravna oseba
Citroën Berlingo,Citroën,,,Dizel,Ročni,101,Cena po dogovoru,Pravna oseba
Citroën Berlingo,Citroën,,,Dizel,Ročni,131,Cena po dogovoru,Pravna oseba
Citroën Berlingo,Citroën,,,Dizel,Ročni,102,Cena po dogovoru,Pravna oseba
Citroën C5 X,Citroën,,,Hibrid,Avtomatski,224,Cena po dogovoru,Pravna oseba
Citroën Berlingo,Citroën,,,Dizel,Ročni,131,Cena po dogovoru,Pravna oseba
Ford Mustang Mach-e,Ford,,,,Avtomatski,269,Cena po dogovoru,Pravna oseba
Citroën C5 X,Citroën,,,Hibrid,Avtomatski,224,Cena po dogovoru,Pravna oseba
Ford Mustang Mach-e,Ford,,,,Avtomatski,269,Cena po dogovoru,Pravna oseba
Citroën C3,Citroën,,,Bencin,Ročni,101,Cena po dogovoru,Pravna oseba
Citroën C3,Citroën,,,Bencin,Ročni,101,Cena po dogovoru,Pravna oseba
Citroën C4 Grand Picasso,Citroën,2017,197190,Dizel,Avtomatski,150,7590,Pravna oseba
Citroën C3 Aircross,Citroën,,,,Avtomatski,113,27690,Pravna oseba
Ford Puma,Ford,2021,78195,Bencin,Avtomatski,125,13990,Pravna oseba
KIA XCeed,KIA,2020,92629,Bencin,Ročni,140,15990,Pravna oseba
KIA Niro,KIA,,,,Avtomatski,204,,Pravna oseba
Ford Tourneo,Ford,,,Dizel,Avtomatski,170,Cena po dogovoru,Pravna oseba
Mercedes-Benz E-Razred,Mercedes-Benz,2004,343200,Dizel,Avtomatski,150,3490,Pravna oseba
KIA Stonic,KIA,2023,1,Bencin,Ročni,84,13990,Pravna oseba
Ford Kuga,Ford,2020,80274,Bencin,Ročni,150,15490,Pravna oseba
Opel Crossland,Opel,2023,21003,Bencin,Ročni,110,12490,Pravna oseba
KIA Ceed,KIA,,,Bencin,Ročni,101,,Pravna oseba
Ford Mustang Mach-e,Ford,,,,Avtomatski,375,57563,Pravna oseba
Ford E-Transit Custom,Ford,2023,72225,Dizel,Ročni,150,,Pravna oseba
Ford Mustang Mach-e,Ford,,,,Avtomatski,375,Cena po dogovoru,Pravna oseba
Dacia Logan,Dacia,2024,8500,Bencin,Ročni,91,13490,Pravna oseba
Citroën C5 Aircross,Citroën,2024,46500,Dizel,Avtomatski,131,23490,Pravna oseba
Peugeot Rifter,Peugeot,2021,107713,Dizel,Avtomatski,131,16990,Pravna oseba
Ford Focus,Ford,,,Bencin,Ročni,125,24785,Pravna oseba
Ford S-MAX,Ford,2022,106000,Dizel,Avtomatski,150,,Pravna oseba
Citroën C5 Aircross,Citroën,,,Bencin,Avtomatski,136,29590,Pravna oseba
Ford Kuga,Ford,,,Hibrid,Avtomatski,152,38100,Pravna oseba
KIA Sportage,KIA,,,Bencin,Avtomatski,150,29299,Pravna oseba
Ford Kuga,Ford,,,Bencin,Avtomatski,186,28497,Pravna oseba
Ford C-MAX,Ford,2017,144873,Bencin,Ročni,125,Cena po dogovoru,Pravna oseba
Ford Capri,Ford,,,,Avtomatski,286,,Pravna oseba
Opel Crossland,Opel,2023,34910,Bencin,Ročni,110,12990,Pravna oseba
Citroën C3 Aircross,Citroën,2019,45791,Bencin,Ročni,110,9990,Pravna oseba
Ford S-MAX,Ford,2018,236000,Dizel,Avtomatski,150,11990,Pravna oseba
Ford C-MAX,Ford,2017,165671,Bencin,Ročni,101,7499,Pravna oseba
KIA Sportage,KIA,,,Hibrid,Avtomatski,160,Cena po dogovoru,Pravna oseba
KIA Sportage,KIA,2022,60890,Bencin,Ročni,150,19990,Pravna oseba
Ford Puma,Ford,,,,Avtomatski,58,,Pravna oseba
Peugeot 3008,Peugeot,2019,113087,Bencin,Ročni,131,12990,Pravna oseba
KIA Sportage,KIA,2020,107727,Dizel,Avtomatski,136,15990,Pravna oseba
Citroën Berlingo,Citroën,2021,120731,Dizel,Ročni,131,,Pravna oseba
BMW X1,BMW,2013,147082,Dizel,Avtomatski,143,,Pravna oseba
Citroën C3 Aircross,Citroën,,,Bencin,Avtomatski,145,22590,Pravna oseba
Ford Kuga,Ford,2026,1,Hibrid,Avtomatski,179,34190,Pravna oseba
SsangYong Korando,SsangYong,2025,10199,Bencin,Ročni,163,19990,Pravna oseba
KG Mobility Korando,KG,2025,10199,Bencin,Ročni,163,19990,Pravna oseba
Ford Focus,Ford,2021,204258,Dizel,Ročni,120,9990,Pravna oseba
KIA Sportage,KIA,2022,75757,Bencin,Ročni,150,23490,Pravna oseba
Ford Puma,Ford,2020,127611,Bencin,Ročni,125,,Pravna oseba
KIA Ceed,KIA,2021,170718,Dizel,Ročni,136,14490,Pravna oseba
KG Mobility -,KG,,,Hibrid,Avtomatski,150,42599,Pravna oseba
Citroën C-Elysée,Citroën,2016,95800,Dizel,Ročni,99,4990,Pravna oseba
Ford Tourneo Connect,Ford,,,Dizel,Avtomatski,122,35630,Pravna oseba
Ford Mustang,Ford,,,Bencin,Avtomatski,446,,Pravna oseba
Ford Capri,Ford,,,,Avtomatski,286,,Pravna oseba
Ford Kuga,Ford,,,Hibrid,Avtomatski,242,30763,Pravna oseba
Ford Ecosport,Ford,2022,54980,Bencin,Ročni,125,,Pravna oseba
Citroën C3 Aircross,Citroën,,,Bencin,Ročni,101,19290,Pravna oseba
KG Mobility Torres,KG,,,Hibrid,Avtomatski,204,,Pravna oseba
Ford Puma,Ford,,,Bencin,Ročni,125,Cena po dogovoru,Pravna oseba
Peugeot 208,Peugeot,2015,119837,Bencin,Ročni,82,6490,Pravna oseba
Ford Tourneo Connect,Ford,2026,1500,Dizel,Ročni,114,28390,Pravna oseba
Ford Ranger,Ford,,,Dizel,Avtomatski,241,Cena po dogovoru,Pravna oseba
Renault Scenic E-tech,Renault,,,,Avtomatski,170,,Pravna oseba
Ford Tourneo Connect,Ford,,,Dizel,Avtomatski,122,33912,Pravna oseba
Citroën C3 Aircross,Citroën,2026,1650,Bencin,Ročni,101,16790,Pravna oseba
Ford Tourneo,Ford,,,Dizel,Avtomatski,170,,Pravna oseba
Ford Tourneo,Ford,,,Hibrid,Avtomatski,232,,Pravna oseba
Ford Kuga,Ford,2021,68460,Bencin,Ročni,150,,Pravna oseba
Ford Tourneo,Ford,,,Dizel,Avtomatski,170,,Pravna oseba
KIA Stonic,KIA,,,Bencin,Avtomatski,101,23349,Pravna oseba
KIA PV5,KIA,,,,Avtomatski,121,,Pravna oseba
Citroën C3 Aircross,Citroën,2025,11200,Bencin,Ročni,101,16490,Pravna oseba
Citroën C3 Aircross,Citroën,,,Bencin,Avtomatski,145,23790,Pravna oseba
KG Mobility Torres,KG,,,Bencin,Avtomatski,163,,Pravna oseba
Ford Focus,Ford,,,Bencin,Avtomatski,155,26421,Pravna oseba
Audi A5,Audi,2021,138800,Dizel,Avtomatski,204,,Pravna oseba
KIA Niro,KIA,,,,Avtomatski,204,,Pravna oseba
KIA Sportage,KIA,2021,143274,Dizel,Ročni,136,,Pravna oseba
Ford C-MAX,Ford,2016,122987,Bencin,Ročni,125,,Pravna oseba
Ford Tourneo,Ford,,,Dizel,Avtomatski,170,,Pravna oseba
Ford E-Transit Custom,Ford,2025,1,Dizel,Ročni,150,42990,Pravna oseba
Ford E-Transit Custom,Ford,,,Dizel,Avtomatski,170,46990,Pravna oseba
Citroën C3 Aircross,Citroën,,,Bencin,Ročni,101,19590,Pravna oseba
Ford E-Transit Custom,Ford,,,Dizel,Ročni,150,,Pravna oseba
Ford E-Transit Custom,Ford,2026,1,Hibrid,Avtomatski,232,46590,Pravna oseba
Ford E-Transit Custom,Ford,,,Dizel,Avtomatski,170,,Pravna oseba
Ford Focus,Ford,2017,168398,Bencin,Ročni,125,7490,Pravna oseba
Ford Focus,Ford,2020,110019,Bencin,Ročni,125,,Pravna oseba
Ford Kuga,Ford,2022,46555,Bencin,Ročni,150,,Pravna oseba
Ford Tourneo,Ford,,,,Avtomatski,136,32975,Pravna oseba
KIA EV3,KIA,,,,Avtomatski,204,34279,Pravna oseba
Citroën Jumpy,Citroën,2026,1,Dizel,Avtomatski,179,36890,Pravna oseba
KG Mobility Torres,KG,,,Bencin,Avtomatski,163,,Pravna oseba
KIA Sportage,KIA,,,Bencin,Avtomatski,150,30499,Pravna oseba
Ford Ranger,Ford,2026,1,Dizel,Avtomatski,205,,Pravna oseba
KIA Stonic,KIA,,,Bencin,Ročni,101,21849,Pravna oseba
Ford Ka,Ford,2019,59038,Bencin,Ročni,86,8890,Pravna oseba
KIA XCeed,KIA,2024,30540,Bencin,Avtomatski,204,27490,Pravna oseba
KG Mobility Korando,KG,,,Bencin,Ročni,163,,Pravna oseba
KIA XCeed,KIA,,,Bencin,Avtomatski,150,24849,Pravna oseba
KIA XCeed,KIA,,,Bencin,Avtomatski,150,26799,Pravna oseba
Citroën C3,Citroën,2026,1,Bencin,Avtomatski,110,17390,Pravna oseba
Ford Focus,Ford,,,Hibrid,Avtomatski,155,25220,Pravna oseba
Citroën C3,Citroën,,,Bencin,Ročni,101,16290,Pravna oseba
Citroën C3 Aircross,Citroën,,,Bencin,Ročni,101,19090,Pravna oseba
Ford Ecosport,Ford,2022,36187,Bencin,Avtomatski,125,16490,Pravna oseba
Citroën C3,Citroën,2025,1,Bencin,Avtomatski,110,19090,Pravna oseba
Ford E-Transit Custom,Ford,,,Hibrid,Avtomatski,232,47157,Pravna oseba
MG MG3,MG,2024,13900,Hibrid,Avtomatski,170,18490,Pravna oseba
KG Mobility Korando,KG,,,Bencin,Ročni,163,19999,Pravna oseba
KG Mobility Tivoli,KG,2024,8580,Bencin,Ročni,163,,Pravna oseba
SsangYong Korando,SsangYong,2019,132718,Bencin,Ročni,163,,Pravna oseba
Citroën C3 Aircross,Citroën,,,Bencin,Ročni,101,19890,Pravna oseba
Ford Ranger,Ford,,,Bencin,Avtomatski,281,58280,Pravna oseba
Ford Tourneo,Ford,,,Dizel,Avtomatski,170,,Pravna oseba
Ford Kuga,Ford,,,Hibrid,Avtomatski,179,31640,Pravna oseba
Ford Ecosport,Ford,2020,144773,Bencin,Ročni,125,10990,Pravna oseba
Citroën C3,Citroën,2014,190700,Dizel,Ročni,68,4190,Pravna oseba
Mazda Mazda2,Mazda,2018,39092,Bencin,Ročni,75,,Pravna oseba
KIA XCeed,KIA,2025,14986,Bencin,Avtomatski,150,,Pravna oseba
Renault Captur,Renault,2022,35073,Bencin,Ročni,90,14990,Pravna oseba
KIA Picanto,KIA,,,Bencin,Avtomatski,68,18749,Pravna oseba
KIA Ceed,KIA,,,Bencin,Ročni,101,,Pravna oseba
KIA Sportage,KIA,,,Bencin,Avtomatski,150,29299,Pravna oseba
KIA Sportage,KIA,,,Bencin,Avtomatski,150,39799,Pravna oseba
KIA Sportage,KIA,,,Bencin,Avtomatski,150,39799,Pravna oseba
KIA Sportage,KIA,,,Bencin,Avtomatski,150,31599,Pravna oseba
Ford Kuga,Ford,,,Hibrid,Avtomatski,179,31828,Pravna oseba
Citroën C4,Citroën,2025,4600,Bencin,Avtomatski,145,20490,Pravna oseba
Ford Tourneo,Ford,,,Dizel,Avtomatski,170,,Pravna oseba
Ford Kuga,Ford,,,Bencin,Avtomatski,186,28917,Pravna oseba
Citroën C3,Citroën,2026,1,Bencin,Ročni,101,14890,Pravna oseba
Citroën C3 Aircross,Citroën,,,Bencin,Ročni,101,18990,Pravna oseba
Ford Kuga,Ford,,,Bencin,Ročni,150,27802,Pravna oseba
Ford Kuga,Ford,,,Bencin,Avtomatski,186,26055,Pravna oseba
KIA EV3,KIA,,,,Avtomatski,204,34279,Pravna oseba
KIA Picanto,KIA,,,Bencin,Ročni,79,16149,Pravna oseba
KG Mobility Korando,KG,,,Bencin,Ročni,163,23499,Pravna oseba
Ford Ecosport,Ford,2022,31467,Bencin,Avtomatski,125,16690,Pravna oseba
Ford Explorer,Ford,,,,Avtomatski,286,40828,Pravna oseba
KIA Sportage,KIA,,,Bencin,Avtomatski,179,42799,Pravna oseba
Ford E-Transit Custom,Ford,2024,26761,Dizel,Ročni,150,36990,Pravna oseba
Citroën C3,Citroën,,,Bencin,Ročni,101,17290,Pravna oseba
Ford Explorer,Ford,,,,Avtomatski,286,39181,Pravna oseba
Ford Tourneo,Ford,,,Dizel,Ročni,150,,Pravna oseba
Ford E-Transit Custom,Ford,,,Dizel,Ročni,150,,Pravna oseba
Ford Explorer,Ford,,,,Avtomatski,170,33646,Pravna oseba
Ford E-Transit Custom,Ford,2025,1,Dizel,Ročni,150,,Pravna oseba
Ford C-MAX,Ford,2018,67034,Bencin,Ročni,101,,Pravna oseba
Ford Kuga,Ford,2021,67605,Bencin,Ročni,150,,Pravna oseba
Ford Capri,Ford,,,,Avtomatski,286,40800,Pravna oseba
Citroën C4,Citroën,,,,Avtomatski,156,31990,Pravna oseba
Ford Explorer,Ford,,,,Avtomatski,170,,Pravna oseba
Citroën C3,Citroën,,,Bencin,Ročni,101,Cena po dogovoru,Pravna oseba
Ford Focus,Ford,2024,17258,Bencin,Ročni,125,18990,Pravna oseba
KIA Stonic,KIA,2023,13467,Bencin,Ročni,84,,Pravna oseba
Nissan Juke,Nissan,2017,142729,Dizel,Ročni,110,8690,Pravna oseba
Ford Puma,Ford,,,,Avtomatski,169,32140,Pravna oseba
Citroën C3,Citroën,,,,Avtomatski,113,Cena po dogovoru,Pravna oseba
Ford Explorer,Ford,,,,Avtomatski,286,39982,Pravna oseba
KIA Stonic,KIA,,,Bencin,Ročni,79,16649,Pravna oseba
KIA Picanto,KIA,,,Bencin,Ročni,63,15149,Pravna oseba
KG Mobility Tivoli,KG,,,Bencin,Ročni,163,,Pravna oseba
KG Mobility Torres,KG,,,,Avtomatski,207,,Pravna oseba
KG Mobility Torres,KG,,,,Avtomatski,207,,Pravna oseba
KIA Stonic,KIA,,,Bencin,Ročni,79,16649,Pravna oseba
KIA XCeed,KIA,,,Bencin,Ročni,116,23799,Pravna oseba
Ford Puma,Ford,,,,Avtomatski,169,33526,Pravna oseba
KG Mobility Torres,KG,,,Bencin,Avtomatski,163,,Pravna oseba
KG Mobility Torres,KG,,,Bencin,Ročni,163,,Pravna oseba
Ford C-MAX,Ford,2018,127381,Bencin,Ročni,125,,Pravna oseba
Citroën C3,Citroën,2026,1,Bencin,Ročni,101,15290,Pravna oseba
Citroën C3,Citroën,2026,120,Bencin,Ročni,101,15190,Pravna oseba
KIA Picanto,KIA,,,Bencin,Ročni,63,15149,Pravna oseba
KIA Stonic,KIA,,,Bencin,Ročni,79,16649,Pravna oseba
Ford Capri,Ford,,,,Avtomatski,340,Cena po dogovoru,Pravna oseba
KG Mobility Torres,KG,,,Bencin,Ročni,163,,Pravna oseba
KG Mobility Torres,KG,2024,22510,Bencin,Avtomatski,163,,Pravna oseba
SsangYong Musso,SsangYong,2024,6528,Dizel,Avtomatski,203,,Pravna oseba
KG Mobility Torres,KG,,,Bencin,Ročni,163,,Pravna oseba
KG Mobility Tivoli,KG,,,Bencin,Ročni,163,,Pravna oseba
Citroën C3,Citroën,2026,1,Bencin,Ročni,101,14790,Pravna oseba
Citroën C3,Citroën,,,Bencin,Ročni,101,Cena po dogovoru,Pravna oseba
Ford Ecosport,Ford,2019,118000,Bencin,Ročni,125,,Pravna oseba
KG Mobility Tivoli,KG,,,Bencin,Ročni,163,,Pravna oseba
KIA Sorento,KIA,,,Dizel,Avtomatski,193,,Pravna oseba
Ford Focus,Ford,2021,57575,Bencin,Ročni,125,,Pravna oseba
KIA Ceed,KIA,,,Bencin,Ročni,101,,Pravna oseba
KIA EV3,KIA,,,,Avtomatski,204,34279,Pravna oseba
KIA EV3,KIA,,,,Avtomatski,204,34279,Pravna oseba
Ford Puma,Ford,2023,34736,Bencin,Avtomatski,125,18990,Pravna oseba
Volkswagen Golf,Volkswagen,2022,52500,Bencin,Avtomatski,245,25990,Pravna oseba
Ford Kuga,Ford,,,Bencin,Avtomatski,186,28210,Pravna oseba
KIA EV3,KIA,,,,Avtomatski,204,25499,Pravna oseba
KIA Rio,KIA,2023,43287,Bencin,Ročni,84,,Pravna oseba
Opel Mokka,Opel,2016,162581,Dizel,Ročni,136,,Pravna oseba
Citroën C4 Grand Picasso,Citroën,2017,98242,Dizel,Ročni,120,,Pravna oseba
Citroën C5 Aircross,Citroën,2023,44000,Bencin,Ročni,131,20990,Pravna oseba
SsangYong Tivoli,SsangYong,,,Bencin,Ročni,163,,Pravna oseba
Ford Kuga,Ford,2020,117428,Dizel,Ročni,150,18390,Pravna oseba
SsangYong Tivoli,SsangYong,2024,8580,Bencin,Ročni,163,,Pravna oseba
Ford Explorer,Ford,,,,Avtomatski,286,47457,Pravna oseba
Ford Tourneo,Ford,,,Bencin,Ročni,125,23367,Pravna oseba
Citroën C4,Citroën,2023,6900,,Avtomatski,136,26990,Pravna oseba
Citroën C4 X,Citroën,2023,4421,,Avtomatski,136,27490,Pravna oseba
Citroën C4,Citroën,2024,21706,Bencin,Ročni,131,18490,Pravna oseba
Ford Kuga,Ford,,,Bencin,Ročni,150,27208,Pravna oseba
Ford Kuga,Ford,,,Bencin,Ročni,150,24175,Pravna oseba
Ford E-Transit Custom,Ford,,,Dizel,Ročni,150,,Pravna oseba
Citroën C3 Aircross,Citroën,2019,60577,Bencin,Ročni,82,10990,Pravna oseba
KIA Ceed,KIA,,,Bencin,Ročni,101,,Pravna oseba
Citroën C4,Citroën,2013,116919,Dizel,Ročni,92,6690,Pravna oseba
Citroën C3,Citroën,,,,Avtomatski,113,25790,Pravna oseba
Ford C-MAX,Ford,2018,123097,Dizel,Ročni,95,,Pravna oseba
Ford Puma,Ford,,,Bencin,Ročni,125,24166,Pravna oseba
Ford Puma,Ford,,,Bencin,Ročni,125,22365,Pravna oseba
Ford Puma,Ford,,,Bencin,Ročni,125,22798,Pravna oseba
Ford Tourneo,Ford,,,Bencin,Avtomatski,125,27296,Pravna oseba
Ford Tourneo,Ford,,,Bencin,Ročni,125,23458,Pravna oseba
Ford Tourneo,Ford,2025,16200,Bencin,Ročni,125,21990,Pravna oseba
SsangYong Torres,SsangYong,2024,22520,Bencin,Avtomatski,163,,Pravna oseba
Ford Puma,Ford,,,Bencin,Avtomatski,125,24138,Pravna oseba
Citroën C3,Citroën,,,,Avtomatski,113,25990,Pravna oseba
Citroën Berlingo,Citroën,,,Dizel,Ročni,102,25590,Pravna oseba
Citroën C3,Citroën,,,Bencin,Ročni,101,17790,Pravna oseba
Citroën C3,Citroën,2026,1,Bencin,Ročni,101,15890,Pravna oseba
Citroën C3,Citroën,,,Bencin,Ročni,101,17890,Pravna oseba
Citroën Berlingo,Citroën,2026,1,Dizel,Ročni,131,24990,Pravna oseba
Ford Tourneo,Ford,,,Bencin,Ročni,125,22553,Pravna oseba
Ford Tourneo,Ford,,,Bencin,Ročni,125,23580,Pravna oseba
Ford Tourneo,Ford,,,Bencin,Ročni,125,22543,Pravna oseba
Citroën C4,Citroën,2024,2,Bencin,Ročni,131,18990,Pravna oseba
Citroën C5 X,Citroën,2024,2,Hibrid,Avtomatski,224,39990,Pravna oseba
Ford Tourneo,Ford,,,Bencin,Ročni,125,Cena po dogovoru,Pravna oseba
Ford Grand C-Max,Ford,2017,225749,Dizel,Ročni,120,,Pravna oseba
KIA Stonic,KIA,,,Bencin,Ročni,84,16649,Pravna oseba
Ford Mustang Mach-e,Ford,,,,Avtomatski,294,51578,Pravna oseba
Ford Ranger,Ford,,,Dizel,Avtomatski,241,59186,Pravna oseba
KIA Sportage,KIA,2020,170369,Dizel,Ročni,136,,Pravna oseba
SsangYong Musso,SsangYong,,,Dizel,Avtomatski,203,,Pravna oseba
Citroën C5 Aircross,Citroën,2024,1,Bencin,Avtomatski,136,26490,Pravna oseba
KIA Stonic,KIA,,,Bencin,Ročni,79,16649,Pravna oseba
Citroën Ami,Citroën,2023,45,,Avtomatski,8,,Pravna oseba
SsangYong Rexton,SsangYong,,,Dizel,Avtomatski,203,49999,Pravna oseba
KIA Ceed,KIA,,,Bencin,Ročni,101,,Pravna oseba
Ford S-MAX,Ford,2016,207356,Dizel,Ročni,150,,Pravna oseba
SsangYong Rexton,SsangYong,,,Dizel,Avtomatski,203,49999,Pravna oseba
KIA Sportage,KIA,2017,75908,Bencin,Ročni,132,,Pravna oseba
Ford Focus,Ford,2021,88648,Hibrid,Ročni,125,,Pravna oseba
KIA XCeed,KIA,,,Bencin,Ročni,116,23799,Pravna oseba
Citroën C3 Aircross,Citroën,2023,10718,Bencin,Ročni,110,14990,Pravna oseba
Citroën C4,Citroën,2023,1903,,Avtomatski,136,29490,Pravna oseba
KIA Sportage,KIA,2017,208400,Dizel,Ročni,116,10900,Pravna oseba
Ford S-MAX,Ford,2018,172663,Dizel,Ročni,150,14990,Pravna oseba
Ford Kuga,Ford,2013,160231,Dizel,Ročni,140,9990,Pravna oseba
Peugeot 108,Peugeot,2018,87111,Bencin,Ročni,69,,Pravna oseba
Ford Focus,Ford,,,Bencin,Ročni,125,26184,Pravna oseba
Ford Edge,Ford,2019,136411,Dizel,Avtomatski,238,,Pravna oseba
Ford Edge,Ford,2017,127300,Dizel,Avtomatski,209,20890,Pravna oseba
Ford S-MAX,Ford,2009,297376,Dizel,Ročni,116,3990,Pravna oseba
Ford Ranger,Ford,,,Dizel,Avtomatski,241,61382,Pravna oseba
Ford Puma,Ford,,,Bencin,Ročni,125,21406,Pravna oseba
Ford Puma,Ford,,,Bencin,Ročni,125,20991,Pravna oseba
Citroën C3,Citroën,,,Bencin,Avtomatski,136,25800,Pravna oseba
Toyota Supra,Toyota,2024,19190,Bencin,Avtomatski,258,59990,Pravna oseba
Citroën C4,Citroën,2014,261000,Dizel,Ročni,116,3990,Pravna oseba
BMW X3,BMW,,,Bencin,Avtomatski,190,,Pravna oseba
Toyota Avensis,Toyota,2017,166200,Dizel,Ročni,143,,Pravna oseba
Toyota Auris,Toyota,2018,126612,Hibrid,Avtomatski,99,,Pravna oseba
Opel Insignia,Opel,2017,224397,Dizel,Ročni,136,,Pravna oseba
Mercedes-Benz GLC-Razred,Mercedes-Benz,2021,94431,Hibrid,Avtomatski,211,,Pravna oseba
Mazda CX-3,Mazda,2017,123900,Bencin,Avtomatski,120,,Pravna oseba
DS DS 4,DS,2022,132009,Dizel,Avtomatski,131,,Pravna oseba
Citroën Berlingo,Citroën,2019,110000,Dizel,Avtomatski,131,,Pravna oseba
BMW Serija 5,BMW,2020,202935,Dizel,Avtomatski,340,,Pravna oseba
Audi Q4,Audi,2023,109125,,Avtomatski,299,,Pravna oseba
Ford Focus,Ford,,40810,Bencin,Avtomatski,155,,Pravna oseba
Citroën C3,Citroën,,,Bencin,Avtomatski,136,25800,Pravna oseba
Renault Mégane,Renault,2018,195000,Dizel,Ročni,90,8000,Fizična oseba
DS DS 9,DS,2024,25,Hibrid,Avtomatski,250,40990,Pravna oseba
BMW X1,BMW,2013,197200,Dizel,Ročni,143,7900,Fizična oseba
Ford C-MAX,Ford,,64735,Bencin,Ročni,101,9990,Pravna oseba
Mercedes-Benz GLC-Razred,Mercedes-Benz,2023,27410,Dizel,Avtomatski,197,53900,Fizična oseba
Nissan Juke,Nissan,2021,59100,Bencin,Ročni,117,14999,Pravna oseba
Mercedes-Benz A-Razred,Mercedes-Benz,2020,111326,Hibrid,Avtomatski,160,19790,Pravna oseba
Škoda Superb,Škoda,2021,140800,Dizel,Avtomatski,150,,Pravna oseba
BMW Serija 3,BMW,2014,176000,Dizel,Ročni,116,9500,Pravna oseba
Renault Mégane Conquest,Renault,2022,55000,Bencin,Avtomatski,158,21500,Pravna oseba
Audi Q5,Audi,2022,135000,Dizel,Avtomatski,204,32490,Pravna oseba
Mercedes-Benz B-Razred,Mercedes-Benz,2022,122000,Dizel,Avtomatski,116,20390,Fizična oseba
BMW Serija 5,BMW,2023,98738,Hibrid,Avtomatski,286,31480,Pravna oseba
Škoda Octavia,Škoda,2023,61150,Dizel,Avtomatski,150,23990,Pravna oseba
Fiat Ducato,Fiat,2020,159170,Dizel,Ročni,177,14396,Pravna oseba
Fiat Doblo,Fiat,2013,274000,Dizel,Ročni,90,3990,Pravna oseba
Volkswagen Transporter,Volkswagen,2017,226000,Dizel,Ročni,150,16900,Pravna oseba
Ford Fiesta,Ford,2014,94844,Bencin,Ročni,101,5490,Pravna oseba
Mercedes-Benz A-Razred,Mercedes-Benz,2018,43500,Bencin,Ročni,163,16999,Fizična oseba
Volkswagen Crafter,Volkswagen,2012,270312,Dizel,Avtomatski,102,8300,Fizična oseba
Ford B-MAX,Ford,,174000,Bencin,Ročni,101,4190,Fizična oseba
Alfa Romeo Alfa 159,Alfa,2006,297000,Dizel,Ročni,203,2200,Fizična oseba
Volvo XC60,Volvo,2010,337890,Dizel,Ročni,163,5500,Fizična oseba
BMW Serija 5,BMW,2022,167556,Dizel,Avtomatski,286,30700,Fizična oseba
Volkswagen Passat,Volkswagen,2014,187736,Dizel,Ročni,105,7250,Fizična oseba
Volvo V70,Volvo,2014,315000,Dizel,Ročni,136,5950,Fizična oseba
Volkswagen Tiguan,Volkswagen,2018,206000,Dizel,Avtomatski,190,18900,Fizična oseba
Jaecoo 7 SHS,Jaecoo,,,Hibrid,Avtomatski,224,25990,Pravna oseba
Jaecoo 7 SHS,Jaecoo,,,Hibrid,Avtomatski,224,25990,Pravna oseba
Jaecoo 7 SHS,Jaecoo,,,Hibrid,Avtomatski,224,25990,Pravna oseba
Jaecoo 7 SHS,Jaecoo,,,Hibrid,Avtomatski,224,25990,Pravna oseba
Jaecoo 7 SHS,Jaecoo,,,Hibrid,Avtomatski,224,25990,Pravna oseba
KG Mobility Korando,KG,2025,14657,Bencin,Avtomatski,163,22299,Pravna oseba
Volkswagen Golf,Volkswagen,2025,6200,Bencin,Ročni,116,21650,Pravna oseba
Volvo S90,Volvo,2020,128100,Dizel,Avtomatski,150,24900,Pravna oseba
Volkswagen Golf,Volkswagen,2015,208000,Bencin,Avtomatski,110,8600,Pravna oseba
Škoda Octavia,Škoda,2016,319000,Dizel,Ročni,184,7900,Pravna oseba
Opel Insignia,Opel,2016,242100,Dizel,Ročni,136,5900,Pravna oseba
Fiat 500X,Fiat,2021,160000,Dizel,Ročni,131,14990,Pravna oseba
Audi S6,Audi,2020,140900,Dizel,Avtomatski,349,43900,Pravna oseba
Audi A6,Audi,2022,77000,Dizel,Avtomatski,204,32500,Pravna oseba
Audi A5,Audi,2015,268000,Dizel,Avtomatski,245,18900,Pravna oseba
BMW X4,BMW,2024,63954,Dizel,Avtomatski,286,54900,Pravna oseba
BMW X3,BMW,2024,67749,Dizel,Avtomatski,286,49990,Pravna oseba
Renault Kangoo Express,Renault,2016,87300,Dizel,Ročni,75,6990,Pravna oseba
Fiat Scudo,Fiat,2023,94069,Dizel,Ročni,102,17068,Pravna oseba
Nissan Townstar,Nissan,,,Bencin,Ročni,131,Cena po dogovoru,Pravna oseba
BMW X1,BMW,2017,249056,Dizel,Ročni,116,10000,Pravna oseba
Volkswagen Caddy,Volkswagen,2017,301890,Dizel,Ročni,102,9899,Pravna oseba
BMW Serija 5,BMW,2022,149900,Dizel,Avtomatski,190,31900,Pravna oseba
BMW Serija 5,BMW,2021,87000,Dizel,Avtomatski,190,,Pravna oseba
Volkswagen Touran,Volkswagen,2019,203811,Dizel,Avtomatski,150,15999,Pravna oseba
Volkswagen Touran,Volkswagen,2019,203811,Dizel,Avtomatski,150,15999,Pravna oseba
BMW Serija 3,BMW,2020,145700,Dizel,Avtomatski,190,,Pravna oseba
BMW Serija 2,BMW,2025,5200,Bencin,Avtomatski,136,34900,Pravna oseba
Škoda Octavia,Škoda,2020,151000,Dizel,Avtomatski,184,18490,Pravna oseba
Škoda Octavia,Škoda,2020,151000,Dizel,Avtomatski,184,18490,Pravna oseba
BMW Serija 2,BMW,2025,6300,Bencin,Avtomatski,136,33370,Pravna oseba
Honda CR-V,Honda,,,Hibrid,Avtomatski,148,,Pravna oseba
BMW Serija 3,BMW,2023,42100,Bencin,Avtomatski,156,29900,Pravna oseba
Jaecoo 5,Jaecoo,,,Hibrid,Avtomatski,224,22990,Pravna oseba
Jaecoo 5,Jaecoo,,,Hibrid,Avtomatski,224,22990,Pravna oseba
Audi A6,Audi,2021,88840,Dizel,Avtomatski,204,39900,Pravna oseba
Jaecoo 5,Jaecoo,,,Hibrid,Avtomatski,224,22990,Pravna oseba
Jaecoo 7 SHS,Jaecoo,,,Hibrid,Avtomatski,224,29990,Pravna oseba
Geely Atlas Pro,Geely,2024,34904,Bencin,Avtomatski,179,20499,Pravna oseba
Volkswagen T-Roc,Volkswagen,2022,71005,Bencin,Ročni,150,19990,Pravna oseba
Jaecoo 7 SHS,Jaecoo,,,Hibrid,Avtomatski,224,29990,Pravna oseba
Volkswagen Tayron,Volkswagen,,,Dizel,Avtomatski,193,52591,Pravna oseba
Jaecoo 7 SHS,Jaecoo,,,Hibrid,Avtomatski,224,29990,Pravna oseba
Jaecoo 7 SHS,Jaecoo,,,Hibrid,Avtomatski,224,29990,Pravna oseba
Forthing Forthing T5 EVO,Forthing,2025,31700,Bencin,Avtomatski,177,24990,Pravna oseba
Peugeot 2008,Peugeot,2016,99208,Dizel,Ročni,99,7699,Pravna oseba
Jaecoo 7 SHS,Jaecoo,,,Hibrid,Avtomatski,224,29990,Pravna oseba
Forthing -,Forthing,,,Hibrid,Avtomatski,245,,Pravna oseba
KIA Sportage,KIA,,,Hibrid,Avtomatski,179,,Pravna oseba
BMW X4,BMW,2018,156819,Dizel,Avtomatski,265,28990,Pravna oseba
Volkswagen Tiguan,Volkswagen,2022,96712,Dizel,Avtomatski,150,23999,Pravna oseba
Volkswagen Arteon,Volkswagen,2019,158000,Dizel,Avtomatski,150,,Pravna oseba
Volvo V60,Volvo,2017,245610,Dizel,Ročni,150,7990,Pravna oseba
Audi A4,Audi,2019,191000,Dizel,Avtomatski,190,,Pravna oseba
Ford Focus,Ford,2021,161888,Dizel,Ročni,136,,Pravna oseba
Fiat Tipo,Fiat,2021,108003,Dizel,Ročni,95,,Pravna oseba
Audi A4 Allroad,Audi,2020,122038,Dizel,Avtomatski,231,,Pravna oseba
Volvo XC60,Volvo,2019,128259,Dizel,Avtomatski,190,,Pravna oseba
Volkswagen Golf,Volkswagen,2016,187000,Dizel,Ročni,110,,Pravna oseba
Audi A6 Allroad,Audi,2021,151158,Dizel,Avtomatski,204,,Pravna oseba
Renault Austral,Renault,,,Bencin,Avtomatski,148,31680,Pravna oseba
Audi A4,Audi,2014,244000,Dizel,Ročni,150,6990,Pravna oseba
BMW serija 5 Touring,BMW,2025,19531,Dizel,Avtomatski,303,75990,Pravna oseba
Volkswagen T-Roc,Volkswagen,2019,71946,Bencin,Ročni,116,14990,Pravna oseba
Volkswagen T-Cross,Volkswagen,2023,101117,Bencin,Ročni,110,15550,Fizična oseba
Citroën Berlingo,Citroën,,,Dizel,Ročni,131,28750,Pravna oseba
BMW Serija 4,BMW,2022,31884,Bencin,Avtomatski,510,61760,Pravna oseba
Lexus NX PLUG-IN,Lexus,2024,55000,Bencin,,185,51900,Pravna oseba
Toyota PROACE CITY,Toyota,2024,59257,Dizel,Avtomatski,131,24900,Pravna oseba
Volkswagen Golf,Volkswagen,2016,247000,Dizel,Avtomatski,184,11480,Pravna oseba
Citroën C4,Citroën,2020,52176,Bencin,Ročni,110,9600,Pravna oseba
BYD SEAL U,BYD,,,Hibrid,Avtomatski,197,40900,Pravna oseba
Opel Corsa,Opel,2017,115000,Bencin,Ročni,75,6999,Fizična oseba
Mercedes-Benz B-Razred,Mercedes-Benz,,265000,Dizel,Avtomatski,109,6100,Fizična oseba
Volkswagen Passat,Volkswagen,2015,255,Dizel,Avtomatski,120,9500,Fizična oseba
Renault Mégane Conquest,Renault,2022,55000,Bencin,Avtomatski,158,21900,Pravna oseba
Renault Twingo,Renault,2013,1,Bencin,Ročni,75,3490,Pravna oseba
Renault Twingo,Renault,2013,1,Bencin,Ročni,75,3490,Pravna oseba
Porsche 911,Porsche,2023,1,Bencin,Avtomatski,450,,Pravna oseba
Porsche 718 Boxster,Porsche,2023,1,Bencin,Avtomatski,420,,Pravna oseba
Dodge Challenger,Dodge,2016,1,Bencin,Avtomatski,492,,Pravna oseba
MINI Cooper,MINI,2015,99543,Bencin,Ročni,192,14490,Pravna oseba
Renault Mégane,Renault,2018,83120,Bencin,Avtomatski,279,23990,Pravna oseba
Volvo XC60,Volvo,2014,289587,Dizel,Avtomatski,181,11990,Pravna oseba
Subaru BRZ,Subaru,2016,93350,Bencin,Ročni,200,18990,Pravna oseba
Peugeot 2008,Peugeot,,,Hibrid,Avtomatski,102,23775,Pravna oseba
Toyota Prius,Toyota,2016,135813,Bencin,Avtomatski,98,,Pravna oseba
BMW serija 3 Coupe:,BMW,1996,1,Bencin,Ročni,193,22990,Pravna oseba
BMW M3,BMW,2022,119899,Bencin,Avtomatski,510,64990,Pravna oseba
Seat Leon,Seat,2017,180269,Bencin,Avtomatski,300,17446,Pravna oseba
Porsche Cayenne,Porsche,2018,143669,Bencin,Avtomatski,340,41690,Pravna oseba
Mercedes-Benz GLA-Razred,Mercedes-Benz,2018,96195,Dizel,Avtomatski,136,18990,Pravna oseba
Renault Mégane,Renault,2019,128069,Bencin,Avtomatski,300,22990,Pravna oseba
Renault Scénic,Renault,2017,212405,Dizel,Ročni,110,6990,Pravna oseba
BMW M5,BMW,2022,91165,Bencin,Avtomatski,600,64690,Pravna oseba
Volvo XC60,Volvo,2020,118598,Hibrid,Avtomatski,390,,Pravna oseba
Škoda Octavia,Škoda,2017,308175,Dizel,Ročni,150,,Pravna oseba
Porsche Macan,Porsche,2018,178291,Bencin,Avtomatski,245,36990,Pravna oseba
BMW M4,BMW,2018,176259,Bencin,Avtomatski,450,39990,Pravna oseba
Renault Mégane,Renault,2011,375167,Dizel,Ročni,131,,Pravna oseba
Tesla Model 3,Tesla,2019,89172,,Avtomatski,306,22890,Pravna oseba
Volvo V60,Volvo,2016,200000,Dizel,Avtomatski,190,,Pravna oseba
Volkswagen Passat,Volkswagen,2011,358773,Dizel,Ročni,140,,Pravna oseba
Porsche Panamera,Porsche,2017,138454,Bencin,Avtomatski,549,,Pravna oseba
Alfa Romeo Tonale,Alfa,2023,8054,Dizel,Avtomatski,131,29990,Pravna oseba
BMW Serija 4,BMW,2017,178675,Bencin,Avtomatski,326,24990,Pravna oseba
BMW X3,BMW,2019,186321,Dizel,Avtomatski,340,,Pravna oseba
Volkswagen Tiguan Allspace,Volkswagen,2018,140854,Dizel,Avtomatski,150,23990,Pravna oseba
KIA Ceed,KIA,2021,56046,Bencin,Avtomatski,204,22990,Pravna oseba
Ford Focus,Ford,2016,142669,Bencin,Ročni,349,24990,Pravna oseba
Land Rover Range Rover Sport,Land,2018,115036,Dizel,Avtomatski,306,,Pravna oseba
Abarth 595,Abarth,2015,113284,Bencin,Avtomatski,179,12990,Pravna oseba
Ford Focus,Ford,2021,103462,Dizel,Avtomatski,120,,Pravna oseba
Mercedes-Benz C-Razred,Mercedes-Benz,2017,142289,Bencin,Avtomatski,367,,Pravna oseba
BMW X3,BMW,2018,161969,Bencin,Avtomatski,360,29990,Pravna oseba
Toyota GR Yaris,Toyota,2022,12221,Bencin,Ročni,261,,Pravna oseba
Toyota Hilux,Toyota,2017,167213,Dizel,Avtomatski,150,,Pravna oseba
Opel Astra,Opel,2009,170921,Dizel,Ročni,101,2999,Pravna oseba
Jeep Wrangler,Jeep,2019,96307,Bencin,Avtomatski,284,49950,Pravna oseba
Mercedes-Benz E-Razred,Mercedes-Benz,2017,271366,Bencin,Avtomatski,401,,Pravna oseba
BMW X5,BMW,2020,157559,Dizel,Avtomatski,265,,Pravna oseba
Mercedes-Benz S-Razred,Mercedes-Benz,2014,67117,Bencin,Avtomatski,455,49990,Pravna oseba
Porsche Cayenne,Porsche,2021,119969,Hibrid,Avtomatski,340,63990,Pravna oseba
Maserati Ghibli,Maserati,2021,105607,Bencin,Avtomatski,430,,Pravna oseba
Jaguar F-Type,Jaguar,2013,150000,Bencin,Avtomatski,381,,Pravna oseba
Alfa Romeo Giulia,Alfa,2017,53000,Bencin,Ročni,510,66990,Pravna oseba
Renault Zoe,Renault,2020,142997,,Avtomatski,109,6710,Pravna oseba
Nissan 300 ZX,Nissan,1990,161473,Bencin,Avtomatski,283,20000,Pravna oseba
BMW M3,BMW,2023,18490,Bencin,Avtomatski,530,83990,Pravna oseba
BMW i8,BMW,2016,113000,Hibrid,Avtomatski,374,54900,Pravna oseba
Volkswagen Tiguan Allspace,Volkswagen,2020,120000,Dizel,Avtomatski,239,30990,Pravna oseba
Tesla Model S,Tesla,2015,249678,,Avtomatski,389,16500,Pravna oseba
Alfa Romeo Giulia,Alfa,2019,66000,Bencin,Avtomatski,201,29950,Pravna oseba
Škoda Octavia,Škoda,2019,150337,Dizel,Avtomatski,116,13990,Pravna oseba
BMW X2,BMW,2025,19588,Bencin,Avtomatski,156,39900,Pravna oseba
Peugeot 208,Peugeot,,,Bencin,Ročni,101,18115,Pravna oseba
Mercedes-Benz C-Razred,Mercedes-Benz,2021,92600,Dizel,Avtomatski,265,37900,Pravna oseba
KIA EV5,KIA,,,,Avtomatski,218,Cena po dogovoru,Pravna oseba
Peugeot 308,Peugeot,2020,65024,Bencin,Ročni,110,9999,Pravna oseba
Volvo XC90,Volvo,2020,162200,Dizel,Ročni,235,,Pravna oseba
Volkswagen Multivan,Volkswagen,2024,10000,Dizel,Avtomatski,150,53999,Pravna oseba
Volkswagen Multivan,Volkswagen,2024,4500,Dizel,Avtomatski,150,53999,Pravna oseba
Hyundai Kona,Hyundai,2024,14902,Bencin,Ročni,101,17990,Pravna oseba
Mercedes-Benz A-Razred,Mercedes-Benz,2018,171965,Dizel,Avtomatski,116,17990,Pravna oseba
Mercedes-Benz EQA,Mercedes-Benz,2021,142307,,Avtomatski,190,27990,Pravna oseba
Mercedes-Benz C-Razred,Mercedes-Benz,2013,420494,Dizel,Avtomatski,204,5490,Pravna oseba
Mercedes-Benz B-Razred,Mercedes-Benz,2018,79790,,Avtomatski,179,10490,Pravna oseba
Mercedes-Benz E-Razred,Mercedes-Benz,2024,24388,Hibrid,Avtomatski,197,59990,Pravna oseba
Mercedes-Benz CLA-Razred,Mercedes-Benz,2021,90547,Dizel,Avtomatski,116,18990,Pravna oseba
Mercedes-Benz B-Razred,Mercedes-Benz,2014,224734,Dizel,Ročni,109,7990,Pravna oseba
Mercedes-Benz C-Razred,Mercedes-Benz,2022,116239,Dizel,Avtomatski,200,28990,Pravna oseba
Mercedes-Benz C-Razred,Mercedes-Benz,2019,223498,Dizel,Avtomatski,160,14990,Pravna oseba
Mercedes-Benz B-Razred,Mercedes-Benz,2017,77434,Dizel,Avtomatski,136,,Pravna oseba
Mercedes-Benz CLS-Razred,Mercedes-Benz,2019,157303,Dizel,Avtomatski,286,,Pravna oseba
Mercedes-Benz V-Razred,Mercedes-Benz,2018,194383,Dizel,Avtomatski,190,32490,Pravna oseba
Mercedes-Benz GLC-Razred,Mercedes-Benz,2023,58606,Dizel,Avtomatski,194,49990,Pravna oseba
Mercedes-Benz GLC-Razred,Mercedes-Benz,2024,13,Dizel,Avtomatski,197,,Pravna oseba
Volkswagen Amarok,Volkswagen,2017,140506,Dizel,Avtomatski,224,31990,Pravna oseba
Volkswagen Golf,Volkswagen,2013,233995,Bencin,Ročni,105,5999,Pravna oseba
Mercedes-Benz GLE-Razred,Mercedes-Benz,2025,7442,Bencin,Avtomatski,612,129990,Pravna oseba
Mercedes-Benz E-Razred,Mercedes-Benz,2017,118813,Dizel,Avtomatski,150,,Pravna oseba
Mercedes-Benz V-Razred,Mercedes-Benz,2026,18488,Dizel,Avtomatski,237,,Pravna oseba
Mercedes-Benz S-Razred,Mercedes-Benz,2024,14157,Hibrid,Avtomatski,802,189900,Pravna oseba
Smart #3,Smart,2024,14477,,Avtomatski,272,,Pravna oseba
Mercedes-Benz A-Razred,Mercedes-Benz,2024,28192,Dizel,Avtomatski,116,,Pravna oseba
Mercedes-Benz C-Razred,Mercedes-Benz,2022,115593,Dizel,Avtomatski,197,,Pravna oseba
Mercedes-Benz SL-Razred,Mercedes-Benz,2024,4014,Bencin,Avtomatski,585,177990,Pravna oseba
Volvo V90 Cross Country,Volvo,2019,137810,Dizel,Avtomatski,190,,Pravna oseba
Mercedes-Benz V-Razred,Mercedes-Benz,2020,104627,Dizel,Avtomatski,163,,Pravna oseba
KG Mobility Korando,KG,2024,27987,Bencin,Ročni,163,21499,Pravna oseba
Renault Twingo,Renault,,,,Avtomatski,82,,Pravna oseba
MG MGS5 EV,MG,2026,1500,,Avtomatski,231,Cena po dogovoru,Pravna oseba
Opel Vivaro,Opel,2018,130800,Dizel,Ročni,125,,Pravna oseba
MG MG3,MG,2026,1500,Hibrid,Avtomatski,102,Cena po dogovoru,Pravna oseba
Škoda Superb,Škoda,2015,252000,Dizel,Avtomatski,190,13900,Fizična oseba
Renault Espace,Renault,2015,105301,Dizel,Avtomatski,160,Cena po dogovoru,Pravna oseba
BMW X3,BMW,2012,320008,Dizel,Avtomatski,184,9900,Pravna oseba
Volkswagen T-Cross,Volkswagen,2021,93564,Bencin,Ročni,110,17390,Pravna oseba
Volkswagen Tiguan,Volkswagen,2016,199230,Dizel,Avtomatski,190,,Pravna oseba
Volkswagen Tiguan,Volkswagen,2022,145720,Dizel,Avtomatski,150,22450,Pravna oseba
Volkswagen Tiguan Allspace,Volkswagen,2022,208757,Dizel,Ročni,150,19950,Pravna oseba
Volkswagen Tiguan Allspace,Volkswagen,2019,175230,Dizel,Ročni,150,,Pravna oseba
Volkswagen Passat,Volkswagen,2019,249978,Dizel,Avtomatski,190,,Pravna oseba
Volkswagen Passat,Volkswagen,2020,186598,Dizel,Avtomatski,190,19960,Pravna oseba
Volkswagen Golf,Volkswagen,2021,189568,Dizel,Ročni,116,13950,Pravna oseba
Škoda Superb,Škoda,2022,238500,Dizel,Ročni,150,,Pravna oseba
Škoda Octavia,Škoda,2021,152508,Dizel,Avtomatski,150,16580,Pravna oseba
Škoda Octavia,Škoda,2020,211201,Dizel,Avtomatski,150,,Pravna oseba
Škoda Octavia,Škoda,2023,92230,Dizel,Avtomatski,150,,Pravna oseba
Škoda Octavia,Škoda,2023,62730,Plin,Avtomatski,150,,Pravna oseba
Škoda Kodiaq,Škoda,2018,173230,Dizel,Avtomatski,190,20980,Pravna oseba
Renault Mégane,Renault,2022,91563,Dizel,Avtomatski,116,,Pravna oseba
Škoda Kodiaq,Škoda,2022,99886,Dizel,Avtomatski,150,,Pravna oseba
Renault Mégane,Renault,2021,96230,Dizel,Avtomatski,116,,Pravna oseba
Renault Mégane,Renault,2017,145230,Bencin,Ročni,132,10480,Pravna oseba
Renault Mégane,Renault,2020,137230,Dizel,Avtomatski,116,,Pravna oseba
Peugeot 308,Peugeot,2011,224230,Dizel,Ročni,92,,Pravna oseba
Peugeot 308,Peugeot,2022,105730,Dizel,Avtomatski,131,,Pravna oseba
Nissan X-Trail,Nissan,2020,99230,Dizel,Avtomatski,150,,Pravna oseba
Nissan Juke,Nissan,2013,181230,Dizel,Ročni,110,,Pravna oseba
Volkswagen Touran,Volkswagen,2019,195715,Dizel,Ročni,150,16950,Pravna oseba
Volkswagen Touran,Volkswagen,2021,148920,Dizel,Avtomatski,150,,Pravna oseba
Mercedes-Benz C-Razred,Mercedes-Benz,2020,149254,Hibrid,Avtomatski,211,22570,Pravna oseba
Mercedes-Benz A-Razred,Mercedes-Benz,2022,133804,Dizel,Avtomatski,150,22760,Pravna oseba
KIA Sportage,KIA,2015,249230,Dizel,Ročni,116,,Pravna oseba
KIA Sorento,KIA,2010,178230,Dizel,Ročni,197,,Pravna oseba
Hyundai i30 Fastback,Hyundai,2019,134256,Bencin,Ročni,275,19950,Pravna oseba
Ford E-Transit Custom,Ford,2016,286790,Dizel,Ročni,155,12960,Pravna oseba
Ford S-MAX,Ford,2020,78005,Dizel,Avtomatski,190,,Pravna oseba
Ford Kuga,Ford,2022,148230,Dizel,Avtomatski,150,,Pravna oseba
Fiat Tipo,Fiat,2017,136598,Bencin,Ročni,95,6250,Pravna oseba
Cupra Formentor,Cupra,2022,98230,Bencin,Avtomatski,150,21950,Pravna oseba
Citroën C4 Cactus,Citroën,2016,113230,Bencin,Ročni,82,5980,Pravna oseba
BMW Serija 5,BMW,2013,194019,Dizel,Avtomatski,258,,Pravna oseba
BMW Serija 3,BMW,2021,139876,Hibrid,Avtomatski,292,27860,Pravna oseba
Audi S8,Audi,2015,126230,Bencin,Avtomatski,680,41730,Pravna oseba
Audi S1,Audi,2014,88230,Bencin,Ročni,231,,Pravna oseba
Audi Q8,Audi,2021,54116,Dizel,Avtomatski,231,61450,Pravna oseba
Audi A6,Audi,2016,277230,Dizel,Avtomatski,190,12980,Pravna oseba
Audi A4,Audi,2022,187235,Bencin,Avtomatski,150,18960,Pravna oseba
Audi A4,Audi,2022,142230,Dizel,Avtomatski,163,20980,Pravna oseba
Audi A4,Audi,2022,147970,Dizel,Avtomatski,136,,Pravna oseba
Audi A3,Audi,2022,116256,Bencin,Avtomatski,110,23960,Pravna oseba
Audi A3,Audi,2021,104230,Bencin,Ročni,150,,Pravna oseba
Audi A1,Audi,2020,103485,Bencin,Avtomatski,116,,Pravna oseba
Dacia Duster,Dacia,,,Hibrid,Avtomatski,140,Cena po dogovoru,Pravna oseba
Škoda Kodiaq,Škoda,2022,185126,Dizel,Avtomatski,150,24960,Pravna oseba
Dacia Duster,Dacia,,,Hibrid,Avtomatski,140,Cena po dogovoru,Pravna oseba
Dacia Duster,Dacia,,,Bencin,Ročni,140,Cena po dogovoru,Pravna oseba
Hyundai Ioniq 5,Hyundai,,,,Avtomatski,228,48610,Pravna oseba
BYD Sealion 5,BYD,,,Hibrid,Avtomatski,197,30190,Pravna oseba
BYD SEAL,BYD,,,,Avtomatski,313,36500,Pravna oseba
BYD Sealion 5,BYD,,,Hibrid,Avtomatski,197,26190,Pravna oseba
BYD SEALION 7,BYD,,,,Avtomatski,530,45900,Pravna oseba
BYD SEALION 7,BYD,,,,Avtomatski,530,42900,Pravna oseba
BYD SEALION 7,BYD,,,,Avtomatski,313,41000,Pravna oseba
BYD Sealion 5,BYD,,,Hibrid,Avtomatski,197,30190,Pravna oseba
BYD Sealion 5,BYD,,,Hibrid,Avtomatski,197,26190,Pravna oseba
BYD Sealion 5,BYD,,,Hibrid,Avtomatski,197,26190,Pravna oseba
BYD SEAL 6,BYD,,,Hibrid,Avtomatski,197,30200,Pravna oseba
BYD SEAL 6,BYD,,,Hibrid,Avtomatski,197,33300,Pravna oseba
BYD Sealion 5,BYD,,,Hibrid,Avtomatski,197,26190,Pravna oseba
BYD SEAL U,BYD,,,Hibrid,Avtomatski,324,39100,Pravna oseba
BYD SEAL U,BYD,,,Hibrid,Avtomatski,324,39100,Pravna oseba
BYD SEAL U,BYD,,,Hibrid,Avtomatski,197,34300,Pravna oseba
BYD SEAL 6,BYD,,,Hibrid,Avtomatski,197,31200,Pravna oseba
BYD SEAL 6,BYD,,,Hibrid,Avtomatski,197,34300,Pravna oseba
BYD SEAL 6,BYD,,,Hibrid,Avtomatski,197,30200,Pravna oseba
BYD SEAL,BYD,,,,Avtomatski,530,41500,Pravna oseba
BYD SEAL,BYD,,,,Avtomatski,530,41500,Pravna oseba
BYD SEAL,BYD,,,,Avtomatski,313,36500,Pravna oseba
BYD SEAL,BYD,,,Hibrid,Avtomatski,197,33300,Pravna oseba
BYD DOLPHIN SURF,BYD,,,,Avtomatski,156,16300,Pravna oseba
BYD DOLPHIN SURF,BYD,,,,Avtomatski,156,16300,Pravna oseba
BYD DOLPHIN SURF,BYD,,,,Avtomatski,88,13400,Pravna oseba
BYD DOLPHIN SURF,BYD,,,,Avtomatski,156,16300,Pravna oseba
BYD DOLPHIN SURF,BYD,,,,Avtomatski,88,13400,Pravna oseba
BYD DOLPHIN SURF,BYD,,,,Avtomatski,88,9990,Pravna oseba
BYD ATTO 2,BYD,,,Hibrid,Avtomatski,212,25500,Pravna oseba
BYD ATTO 2,BYD,,,Hibrid,Avtomatski,166,23000,Pravna oseba
BYD ATTO 2,BYD,,,,Avtomatski,204,23500,Pravna oseba
BYD ATTO 2,BYD,,,,Avtomatski,204,23500,Pravna oseba
BYD SEAL U,BYD,,,,Avtomatski,218,33600,Pravna oseba
BYD SEAL U,BYD,,,,Avtomatski,218,33600,Pravna oseba
BYD SEAL U,BYD,,,,Avtomatski,218,33600,Pravna oseba
BYD SEAL U,BYD,,,,Avtomatski,218,30700,Pravna oseba
BYD SEAL U,BYD,,,,Avtomatski,218,30700,Pravna oseba
BYD SEAL U,BYD,,,,Avtomatski,218,30700,Pravna oseba
BYD SEAL 6,BYD,,,Hibrid,Avtomatski,197,33300,Pravna oseba
BYD SEAL 6,BYD,,,Hibrid,Avtomatski,197,33300,Pravna oseba
BYD ATTO 2,BYD,,,Hibrid,Avtomatski,212,25500,Pravna oseba
BYD ATTO 2,BYD,,,Hibrid,Avtomatski,212,25500,Pravna oseba
BYD ATTO 2,BYD,,,Hibrid,Avtomatski,212,25500,Pravna oseba
BYD ATTO 2,BYD,,,Hibrid,Avtomatski,166,23000,Pravna oseba
BYD ATTO 2,BYD,,,,Avtomatski,204,23500,Pravna oseba
BYD ATTO 2,BYD,,,,Avtomatski,204,23500,Pravna oseba
BYD ATTO 2,BYD,,,,Avtomatski,204,23500,Pravna oseba
BYD ATTO 2,BYD,,,,Avtomatski,204,23500,Pravna oseba
BYD SEALION 7,BYD,,,,Avtomatski,530,45900,Pravna oseba
BYD SEALION 7,BYD,,,,Avtomatski,530,42900,Pravna oseba
BYD SEALION 7,BYD,,,,Avtomatski,313,41000,Pravna oseba
BYD SEALION 7,BYD,,,,Avtomatski,530,45900,Pravna oseba
BYD SEALION 7,BYD,,,,Avtomatski,530,45900,Pravna oseba
BYD SEALION 7,BYD,,,,Avtomatski,530,42900,Pravna oseba
BYD SEALION 7,BYD,,,,Avtomatski,530,42900,Pravna oseba
BYD SEALION 7,BYD,,,,Avtomatski,313,41000,Pravna oseba
BYD SEALION 7,BYD,,,,Avtomatski,313,41000,Pravna oseba
BYD Sealion 5,BYD,,,Hibrid,Avtomatski,197,30190,Pravna oseba
BYD SEAL U,BYD,,,Hibrid,Avtomatski,324,39100,Pravna oseba
BYD SEAL U,BYD,,,Hibrid,Avtomatski,324,39100,Pravna oseba
BYD SEAL U,BYD,,,Hibrid,Avtomatski,197,34300,Pravna oseba
BYD SEAL U,BYD,,,Hibrid,Avtomatski,197,34300,Pravna oseba
BYD SEAL U,BYD,,,Hibrid,Avtomatski,197,34300,Pravna oseba
BYD SEAL,BYD,,,,Avtomatski,530,41500,Pravna oseba
BYD SEAL,BYD,,,,Avtomatski,530,41500,Pravna oseba
BYD SEAL,BYD,,,,Avtomatski,530,41500,Pravna oseba
BYD SEAL,BYD,,,,Avtomatski,313,36500,Pravna oseba
BYD SEAL,BYD,,,,Avtomatski,313,36500,Pravna oseba
BYD SEAL,BYD,,,,Avtomatski,313,36500,Pravna oseba
BYD SEAL 6,BYD,,,Hibrid,Avtomatski,197,31200,Pravna oseba
BYD SEAL 6,BYD,,,Hibrid,Avtomatski,197,31200,Pravna oseba
BYD SEAL 6,BYD,,,Hibrid,Avtomatski,197,31200,Pravna oseba
BYD SEAL 6,BYD,,,Hibrid,Avtomatski,197,34300,Pravna oseba
BYD SEAL 6,BYD,,,Hibrid,Avtomatski,197,34600,Pravna oseba
BYD SEAL 6,BYD,,,Hibrid,Avtomatski,197,34300,Pravna oseba
BYD SEAL 6,BYD,,,Hibrid,Avtomatski,197,30200,Pravna oseba
BYD SEAL 6,BYD,,,Hibrid,Avtomatski,197,30200,Pravna oseba
BYD SEAL 6,BYD,,,Hibrid,Avtomatski,197,33300,Pravna oseba
BYD SEAL 6,BYD,,,Hibrid,Avtomatski,197,33300,Pravna oseba
BYD SEAL 6,BYD,,,Hibrid,Avtomatski,197,30200,Pravna oseba
BYD SEAL 6,BYD,,,Hibrid,Avtomatski,197,33300,Pravna oseba
BYD DOLPHIN SURF,BYD,,,,Avtomatski,156,16300,Pravna oseba
BYD DOLPHIN SURF,BYD,,,,Avtomatski,88,13400,Pravna oseba
BYD DOLPHIN SURF,BYD,,,,Avtomatski,88,13400,Pravna oseba
BYD DOLPHIN SURF,BYD,,,,Avtomatski,88,9990,Pravna oseba
BYD DOLPHIN SURF,BYD,,,,Avtomatski,88,9990,Pravna oseba
BYD DOLPHIN SURF,BYD,,,,Avtomatski,88,9990,Pravna oseba
BYD ATTO 2,BYD,,,Hibrid,Avtomatski,212,25500,Pravna oseba
BYD ATTO 2,BYD,,,Hibrid,Avtomatski,212,25500,Pravna oseba
BYD ATTO 2,BYD,,,Hibrid,Avtomatski,212,25500,Pravna oseba
BYD ATTO 2,BYD,,,Hibrid,Avtomatski,166,23000,Pravna oseba
BYD ATTO 2,BYD,,,Hibrid,Avtomatski,166,23000,Pravna oseba
BYD ATTO 2,BYD,,,Hibrid,Avtomatski,166,23000,Pravna oseba
BYD Sealion 5,BYD,,,Hibrid,Avtomatski,197,30190,Pravna oseba
BYD SEAL 6,BYD,,,Hibrid,Avtomatski,197,33300,Pravna oseba
BYD ATTO 2,BYD,,,,Avtomatski,204,23500,Pravna oseba
BYD ATTO 2,BYD,,,Hibrid,Avtomatski,212,25500,Pravna oseba
KIA Sportage,KIA,2022,24617,Bencin,Avtomatski,179,28490,Pravna oseba
KIA Rio,KIA,2019,97910,Bencin,Ročni,84,9790,Pravna oseba
Geely Atlas Pro,Geely,2023,35114,Bencin,Avtomatski,179,19990,Pravna oseba
Opel Meriva,Opel,,249600,Dizel,Ročni,95,3200,Fizična oseba
Mercedes-Benz A-Razred,Mercedes-Benz,2019,129000,Bencin,Avtomatski,306,27880,Pravna oseba
Renault Clio,Renault,2009,104459,Bencin,Ročni,101,3580,Pravna oseba
Ford Mustang,Ford,,6150,,Avtomatski,,52990,Pravna oseba
Škoda Octavia,Škoda,2016,181027,Dizel,Avtomatski,110,9400,Pravna oseba
Mercedes-Benz A-Razred,Mercedes-Benz,2024,48238,Bencin,Avtomatski,136,24500,Pravna oseba
Škoda Octavia,Škoda,2022,44000,Bencin,Avtomatski,245,32490,Pravna oseba
Renault Scénic,Renault,2012,280000,Dizel,Ročni,131,3700,Fizična oseba
Renault Clio,Renault,,,Bencin,Ročni,114,19570,Pravna oseba
KIA EV3,KIA,2026,500,,Avtomatski,204,38999,Pravna oseba
Ford Puma,Ford,2021,63169,Bencin,Ročni,125,15200,Pravna oseba
Volkswagen T-Roc,Volkswagen,2019,88645,Dizel,Ročni,116,,Pravna oseba
Volkswagen Golf,Volkswagen,2013,377966,Dizel,Avtomatski,105,8390,Pravna oseba
Dacia Logan,Dacia,2020,6116,Bencin,Ročni,73,,Pravna oseba
Renault Clio,Renault,,,Bencin,Avtomatski,114,20970,Pravna oseba
Renault Clio,Renault,,,Bencin,Avtomatski,114,21270,Pravna oseba
Renault Clio,Renault,,,Bencin,Avtomatski,114,20670,Pravna oseba
Peugeot 5008,Peugeot,2021,129134,Bencin,Avtomatski,131,,Pravna oseba
Ford Kuga,Ford,2020,124576,Hibrid,Avtomatski,152,,Pravna oseba
Audi Q7,Audi,2016,191000,Dizel,Avtomatski,272,,Pravna oseba
Hyundai Tucson,Hyundai,2022,136400,Hibrid,Avtomatski,179,,Pravna oseba
Peugeot 3008,Peugeot,2023,134600,Bencin,Ročni,131,,Pravna oseba
Alfa Romeo Stelvio,Alfa,2021,149300,Dizel,Avtomatski,190,,Pravna oseba
Audi SQ5,Audi,2020,113108,Dizel,Avtomatski,347,,Pravna oseba
Škoda Octavia,Škoda,2018,164000,Bencin,Ročni,116,8990,Pravna oseba
BMW X4,BMW,2024,62967,Dizel,Avtomatski,286,54990,Pravna oseba
Peugeot 207,Peugeot,2008,143800,Bencin,Ročni,73,Cena po dogovoru,Pravna oseba
BMW Serija 2,BMW,2016,156690,Dizel,Ročni,116,6790,Pravna oseba
Nissan NV 200,Nissan,2018,306673,Dizel,Ročni,110,4990,Pravna oseba
Nissan Qashqai,Nissan,,,Hibrid,Avtomatski,158,38970,Pravna oseba
Mitsubishi Outlander,Mitsubishi,2012,242995,Dizel,Ročni,150,6490,Pravna oseba
Citroën Jumpy,Citroën,,,Dizel,Ročni,179,41400,Pravna oseba
Hongqi -,Hongqi,,,,Avtomatski,286,44900,Pravna oseba
Renault Twingo,Renault,,,,Avtomatski,82,20980,Pravna oseba
Renault Twingo,Renault,,,,Avtomatski,82,22980,Pravna oseba
Renault Twingo,Renault,,,,Avtomatski,82,22340,Pravna oseba
Dacia Sandero,Dacia,,,Bencin,Ročni,101,14750,Pravna oseba
Dacia Sandero,Dacia,,,Bencin,Ročni,101,14750,Pravna oseba
Renault Twingo,Renault,,,,Avtomatski,82,21470,Pravna oseba
Renault Twingo,Renault,,,,Avtomatski,82,20980,Pravna oseba
Renault Twingo,Renault,,,,Avtomatski,82,20970,Pravna oseba
Dacia Sandero,Dacia,,,Bencin,Ročni,101,14750,Pravna oseba
Dacia Sandero,Dacia,,,Bencin,Ročni,101,14750,Pravna oseba
Dacia Sandero,Dacia,,,Bencin,Ročni,101,14750,Pravna oseba
Dacia Sandero,Dacia,,,Bencin,Ročni,101,14750,Pravna oseba
Dacia Sandero,Dacia,,,Bencin,Ročni,101,14750,Pravna oseba
Dacia Sandero,Dacia,,,Bencin,Ročni,110,16450,Pravna oseba
Dacia Sandero,Dacia,,,Bencin,Ročni,110,16450,Pravna oseba
Dacia Sandero,Dacia,,,Bencin,Ročni,110,16450,Pravna oseba
Dacia Sandero,Dacia,,,Bencin,Ročni,110,16450,Pravna oseba
Dacia Sandero,Dacia,,,Bencin,Ročni,110,16450,Pravna oseba
Dacia Sandero,Dacia,,,Bencin,Ročni,110,16450,Pravna oseba
Renault Megane E-tech,Renault,,,,Avtomatski,218,33980,Pravna oseba
Renault Megane E-tech,Renault,,,,Avtomatski,218,33970,Pravna oseba
Nissan Qashqai,Nissan,,,Hibrid,Avtomatski,158,29300,Pravna oseba
Renault 4 E-tech,Renault,,,,Avtomatski,150,34970,Pravna oseba
Nissan X-Trail,Nissan,2021,111432,Dizel,Avtomatski,150,21999,Pravna oseba
Renault Symbioz,Renault,,,Bencin,Ročni,140,26190,Pravna oseba
Nissan Townstar,Nissan,,,Bencin,Ročni,131,26640,Pravna oseba
Renault Megane E-tech,Renault,,,,Avtomatski,218,34580,Pravna oseba
Renault Scenic E-tech,Renault,,,,Avtomatski,170,33970,Pravna oseba
MG MGS5 EV,MG,,,,Avtomatski,243,32450,Pravna oseba
MG MGS5 EV,MG,,,,Avtomatski,231,33970,Pravna oseba
Renault Megane E-tech,Renault,,,,Avtomatski,218,31970,Pravna oseba
Renault Megane E-tech,Renault,,,,Avtomatski,218,33980,Pravna oseba
Nissan Qashqai,Nissan,,,Bencin,Avtomatski,158,30180,Pravna oseba
Renault Scénic,Renault,,,,Avtomatski,170,33970,Pravna oseba
Renault Rafale,Renault,,,Hibrid,Avtomatski,300,57700,Pravna oseba
Nissan Qashqai,Nissan,,,Bencin,Avtomatski,158,32350,Pravna oseba
Renault Scénic,Renault,,,,Avtomatski,218,48880,Pravna oseba
Renault Captur,Renault,,,Hibrid,Avtomatski,143,27990,Pravna oseba
Nissan Townstar,Nissan,,,Bencin,Ročni,131,26650,Pravna oseba
Cupra Born,Cupra,2023,78573,,Avtomatski,204,,Pravna oseba
Citroën C3,Citroën,2019,181200,Dizel,Ročni,102,7860,Pravna oseba
Renault Zoe,Renault,2015,119956,,Avtomatski,88,6890,Pravna oseba
Renault Kangoo,Renault,2018,115654,Dizel,Ročni,90,10990,Pravna oseba
Dacia Duster,Dacia,,,Hibrid,Avtomatski,140,Cena po dogovoru,Pravna oseba
Dacia Sandero,Dacia,2025,14343,Bencin,Ročni,91,14690,Pravna oseba
MG MG3,MG,,,Bencin,Ročni,116,14340,Pravna oseba
MG MG3,MG,,,Bencin,Ročni,116,14340,Pravna oseba
MG MG3,MG,,,Bencin,Ročni,116,13840,Pravna oseba
Citroën C4,Citroën,2024,34332,Bencin,Avtomatski,131,19490,Pravna oseba
Audi Q5,Audi,2022,157051,Dizel,Avtomatski,163,33450,Pravna oseba
Renault Clio,Renault,,,Bencin,Ročni,114,16970,Pravna oseba
Renault Clio,Renault,,,Bencin,Ročni,114,16970,Pravna oseba
Volvo XC60,Volvo,2021,137220,Dizel,Avtomatski,197,25490,Pravna oseba
BMW Serija 3,BMW,2022,85780,Dizel,Avtomatski,190,36980,Pravna oseba
Renault Clio,Renault,,,Bencin,Ročni,114,16970,Pravna oseba
Renault Clio,Renault,,,Bencin,Ročni,91,16970,Pravna oseba
Renault Mégane,Renault,2019,123220,Bencin,Ročni,116,9950,Pravna oseba
Nissan X-Trail,Nissan,,,,Avtomatski,158,42590,Pravna oseba
Fiat Tipo,Fiat,2019,130029,Dizel,Avtomatski,120,8450,Pravna oseba
Nissan Juke,Nissan,,,Bencin,Avtomatski,114,26300,Pravna oseba
Nissan Qashqai,Nissan,,,Bencin,Avtomatski,158,32750,Pravna oseba
SsangYong Korando,SsangYong,2021,101500,Bencin,Ročni,163,13980,Pravna oseba
Nissan X-Trail,Nissan,,,Bencin,Avtomatski,163,36050,Pravna oseba
Nissan Juke,Nissan,,,Bencin,Avtomatski,114,22910,Pravna oseba
Nissan Juke,Nissan,,,Bencin,Ročni,114,20210,Pravna oseba
Nissan Juke,Nissan,,,Bencin,Ročni,114,21410,Pravna oseba
Nissan Micra,Nissan,,,,Avtomatski,150,31210,Pravna oseba
Nissan Micra,Nissan,,,,Avtomatski,150,31210,Pravna oseba
Nissan X-Trail,Nissan,,,,Avtomatski,158,44660,Pravna oseba
Nissan X-Trail,Nissan,,,,Avtomatski,158,46900,Pravna oseba
Renault Clio,Renault,2022,127055,Bencin,Ročni,91,10990,Pravna oseba
Nissan Qashqai,Nissan,,,Bencin,Avtomatski,158,31750,Pravna oseba
Nissan X-Trail,Nissan,,,,Avtomatski,158,41110,Pravna oseba
Nissan X-Trail,Nissan,,,Bencin,Avtomatski,163,36310,Pravna oseba
Nissan Qashqai,Nissan,,,Bencin,Avtomatski,158,32750,Pravna oseba
Nissan Qashqai,Nissan,,,Bencin,Avtomatski,158,32350,Pravna oseba
Nissan Micra,Nissan,,,,Avtomatski,150,31410,Pravna oseba
Mercedes-Benz GLB-Razred,Mercedes-Benz,2022,149288,Dizel,Avtomatski,150,23850,Pravna oseba
Nissan Qashqai,Nissan,2026,1500,Bencin,Avtomatski,158,31770,Pravna oseba
Renault Clio,Renault,,,Bencin,Ročni,114,18980,Pravna oseba
Renault Clio,Renault,2026,1500,Bencin,Ročni,114,20970,Pravna oseba
Nissan Qashqai,Nissan,2023,27198,Bencin,Avtomatski,158,26490,Pravna oseba
MG MG3,MG,,,Bencin,Ročni,116,17980,Pravna oseba
Nissan Townstar,Nissan,,,Bencin,Ročni,131,25970,Pravna oseba
MG MG HS,MG,,,Bencin,Avtomatski,170,25980,Pravna oseba
Nissan Micra,Nissan,,,,Avtomatski,150,31450,Pravna oseba
Renault Clio,Renault,2025,7057,Bencin,Ročni,91,16490,Pravna oseba
Renault Twingo,Renault,2023,65211,Bencin,Ročni,65,9990,Pravna oseba
Renault Austral,Renault,,,Hibrid,Avtomatski,199,38440,Pravna oseba
MG MG ZS,MG,2026,1500,Hibrid,Avtomatski,197,23470,Pravna oseba
MG MG ZS,MG,,,Bencin,Ročni,116,16970,Pravna oseba
MG MG ZS,MG,,,Bencin,Ročni,116,19880,Pravna oseba
MG MG ZS,MG,,,Bencin,Ročni,116,19880,Pravna oseba
MG MG ZS,MG,,,Bencin,Ročni,116,19880,Pravna oseba
Dacia Duster,Dacia,,,Bencin,Ročni,140,23980,Pravna oseba
Dacia Sandero,Dacia,,,Bencin,Ročni,101,13480,Pravna oseba
Dacia Sandero,Dacia,,,Bencin,Avtomatski,122,20980,Pravna oseba
Dacia Sandero,Dacia,,,Bencin,Ročni,110,16320,Pravna oseba
Renault Austral,Renault,,,Bencin,Avtomatski,150,34980,Pravna oseba
Renault Austral,Renault,,,Bencin,Avtomatski,150,Cena po dogovoru,Pravna oseba
Renault Austral,Renault,,,Bencin,Avtomatski,150,31770,Pravna oseba
Renault Austral,Renault,,,Bencin,Avtomatski,150,Cena po dogovoru,Pravna oseba
Renault Austral,Renault,,,Bencin,Avtomatski,150,31470,Pravna oseba
Dacia Bigster,Dacia,,,Bencin,Ročni,140,22980,Pravna oseba
Renault Clio,Renault,,,Bencin,Ročni,114,19670,Pravna oseba
Dacia Duster,Dacia,,,Plin,Avtomatski,140,24980,Pravna oseba
Hyundai Tucson,Hyundai,2021,73678,Bencin,Ročni,150,20950,Pravna oseba
Dacia Bigster,Dacia,,,Bencin,Ročni,140,23880,Pravna oseba
Audi A4,Audi,2019,164355,Dizel,Avtomatski,190,17790,Pravna oseba
Renault Clio,Renault,,,Bencin,Ročni,114,19970,Pravna oseba
MG MG HS,MG,2026,1500,Hibrid,Avtomatski,224,32480,Pravna oseba
Mercedes-Benz A-Razred,Mercedes-Benz,2021,123063,Dizel,Avtomatski,116,20890,Pravna oseba
Ford Kuga,Ford,2022,116502,Hibrid,Avtomatski,152,,Pravna oseba
Ford Kuga,Ford,2023,151835,Hibrid,Avtomatski,190,16490,Pravna oseba
Renault Twingo,Renault,,,,Avtomatski,82,19580,Pravna oseba
Volkswagen Golf,Volkswagen,2020,73615,Bencin,Ročni,131,17490,Pravna oseba
Renault Twingo,Renault,,,,Avtomatski,82,18980,Pravna oseba
Renault Twingo,Renault,,,,Avtomatski,82,20470,Pravna oseba
Renault Twingo,Renault,,,,Avtomatski,82,19580,Pravna oseba
Renault Twingo,Renault,,,,Avtomatski,82,20470,Pravna oseba
Renault Twingo,Renault,,,,Avtomatski,82,19580,Pravna oseba
Renault Twingo,Renault,,,Bencin,Avtomatski,82,19580,Pravna oseba
Renault Twingo,Renault,,,,Avtomatski,82,21570,Pravna oseba
Renault Twingo,Renault,,,,Avtomatski,82,21670,Pravna oseba
Renault Twingo,Renault,,,,Avtomatski,82,21740,Pravna oseba
Nissan Qashqai,Nissan,2026,1500,Bencin,Avtomatski,158,31970,Pravna oseba
Nissan Qashqai,Nissan,2022,76425,Bencin,Avtomatski,158,21950,Pravna oseba
Dacia Sandero,Dacia,,,Bencin,Ročni,110,15990,Pravna oseba
Renault Symbioz,Renault,,,Hibrid,Avtomatski,158,33470,Pravna oseba
